code,lga_code,state_code,name,slug,aliases,sources
01-01-01,NG001001,AB,Eziama,eziama,,inec-cvr
01-01-02,NG001001,AB,Industrial Area,industrial-area,,inec-cvr
01-01-03,NG001001,AB,Osusu I,osusu-i,,inec-cvr
01-01-04,NG001001,AB,Osusu II,osusu-ii,,inec-cvr
01-01-05,NG001001,AB,St.eugenes By Okigwe Rd.,st-eugenes-by-okigwe-rd,,inec-cvr
01-01-06,NG001001,AB,Uratta,uratta,,inec-cvr
01-01-07,NG001001,AB,Old Aba Gra,old-aba-gra,,inec-cvr
01-01-08,NG001001,AB,Umuola,umuola,,inec-cvr
01-01-09,NG001001,AB,Ariaria Market,ariaria-market,,inec-cvr
01-01-10,NG001001,AB,Ogbor I,ogbor-i,,inec-cvr
01-01-11,NG001001,AB,Ogbor II,ogbor-ii,,inec-cvr
01-01-12,NG001001,AB,Umuogor,umuogor,,inec-cvr
01-02-01,NG001002,AB,Eziukwu,eziukwu,,inec-cvr
01-02-02,NG001002,AB,Asa,asa,,inec-cvr
01-02-03,NG001002,AB,Enyimba,enyimba,,inec-cvr
01-02-04,NG001002,AB,Ngwa,ngwa,,inec-cvr
01-02-05,NG001002,AB,Ohazu I,ohazu-i,,inec-cvr
01-02-06,NG001002,AB,Ohazu II,ohazu-ii,,inec-cvr
01-02-07,NG001002,AB,Igwebuike,igwebuike,,inec-cvr
01-02-08,NG001002,AB,Ekeoha,ekeoha,,inec-cvr
01-02-09,NG001002,AB,Gloucester,gloucester,,inec-cvr
01-02-10,NG001002,AB,Mosque,mosque,,inec-cvr
01-02-11,NG001002,AB,Aba River,aba-river,,inec-cvr
01-02-12,NG001002,AB,Aba Town Hall,aba-town-hall,,inec-cvr
01-03-01,NG001003,AB,Ovukwu,ovukwu,,inec-cvr
01-03-02,NG001003,AB,Ohaeke,ohaeke,,inec-cvr
01-03-03,NG001003,AB,Ohafor I,ohafor-i,,inec-cvr
01-03-04,NG001003,AB,Ohafor II,ohafor-ii,,inec-cvr
01-03-05,NG001003,AB,Arochukwu I,arochukwu-i,,inec-cvr
01-03-06,NG001003,AB,Arochukwu II,arochukwu-ii,,inec-cvr
01-03-07,NG001003,AB,Ikwun Ihechiowa,ikwun-ihechiowa,,inec-cvr
01-03-08,NG001003,AB,Eleoha Ihechiowa,eleoha-ihechiowa,,inec-cvr
01-03-09,NG001003,AB,Ututu,ututu,,inec-cvr
01-03-10,NG001003,AB,Isu,isu,,inec-cvr
01-03-11,NG001003,AB,Arochukwu III,arochukwu-iii,,inec-cvr
01-04-01,NG001004,AB,Amankalu/Akoliufu,amankalu-akoliufu,,inec-cvr
01-04-02,NG001004,AB,Bende,bende,,inec-cvr
01-04-03,NG001004,AB,Ugwueke/Ezeukwu,ugwueke-ezeukwu,,inec-cvr
01-04-04,NG001004,AB,Igbere 'A',igbere-a,,inec-cvr
01-04-05,NG001004,AB,Igbere 'B',igbere-b,,inec-cvr
01-04-06,NG001004,AB,Item A,item-a,,inec-cvr
01-04-07,NG001004,AB,Item B,item-b,,inec-cvr
01-04-08,NG001004,AB,Item C,item-c,,inec-cvr
01-04-09,NG001004,AB,Itumbauzo,itumbauzo,,inec-cvr
01-04-10,NG001004,AB,Ozuitem,ozuitem,,inec-cvr
01-04-11,NG001004,AB,Umuhu/Ezechi,umuhu-ezechi,,inec-cvr
01-04-12,NG001004,AB,Umu-Imenyi,umu-imenyi,,inec-cvr
01-04-13,NG001004,AB,Uzuakoli,uzuakoli,,inec-cvr
01-05-01,NG001005,AB,Oloko I,oloko-i,,inec-cvr
01-05-02,NG001005,AB,Oloko II,oloko-ii,,inec-cvr
01-05-03,NG001005,AB,Ibere I,ibere-i,,inec-cvr
01-05-04,NG001005,AB,Ibere II,ibere-ii,,inec-cvr
01-05-05,NG001005,AB,Oboro I,oboro-i,,inec-cvr
01-05-06,NG001005,AB,Oboro II,oboro-ii,,inec-cvr
01-05-07,NG001005,AB,Oboro III,oboro-iii,,inec-cvr
01-05-08,NG001005,AB,Oboro IV,oboro-iv,,inec-cvr
01-05-09,NG001005,AB,Ariam,ariam,,inec-cvr
01-05-10,NG001005,AB,Usaka,usaka,,inec-cvr
01-06-01,NG001006,AB,Amasaa Nsulu,amasaa-nsulu,,inec-cvr
01-06-02,NG001006,AB,Umunna Nsulu,umunna-nsulu,,inec-cvr
01-06-03,NG001006,AB,Isiala Nsulu,isiala-nsulu,,inec-cvr
01-06-04,NG001006,AB,Ngwa Ukwu I,ngwa-ukwu-i,,inec-cvr
01-06-05,NG001006,AB,Ngwa Ukwu II,ngwa-ukwu-ii,,inec-cvr
01-06-06,NG001006,AB,Ihie,ihie,,inec-cvr
01-06-07,NG001006,AB,Amasaa Ntigha,amasaa-ntigha,,inec-cvr
01-06-08,NG001006,AB,Amapu Ntigha,amapu-ntigha,,inec-cvr
01-06-09,NG001006,AB,Umuoha,umuoha,,inec-cvr
01-06-10,NG001006,AB,Mbawsi/Umuomainta,mbawsi-umuomainta,,inec-cvr
01-07-01,NG001007,AB,Amaise/Amaise Anaba,amaise-amaise-anaba,,inec-cvr
01-07-02,NG001007,AB,Ngwaobi,ngwaobi,,inec-cvr
01-07-03,NG001007,AB,Mbutu Ukwu,mbutu-ukwu,,inec-cvr
01-07-04,NG001007,AB,Mbutu Ngwa,mbutu-ngwa,,inec-cvr
01-07-05,NG001007,AB,Ehina Guru Osokwa,ehina-guru-osokwa,,inec-cvr
01-07-06,NG001007,AB,Akunekpu Eziama Na Obuba,akunekpu-eziama-na-obuba,,inec-cvr
01-07-07,NG001007,AB,Omoba,omoba,,inec-cvr
01-07-08,NG001007,AB,Ovungwu,ovungwu,,inec-cvr
01-07-09,NG001007,AB,Ovuokwu,ovuokwu,,inec-cvr
01-07-10,NG001007,AB,Okporo Ahaba,okporo-ahaba,,inec-cvr
01-08-01,NG001008,AB,Imenyi,imenyi,,inec-cvr
01-08-02,NG001008,AB,Ezere,ezere,,inec-cvr
01-08-03,NG001008,AB,Isiala Amawu,isiala-amawu,,inec-cvr
01-08-04,NG001008,AB,Isu Amawu,isu-amawu,,inec-cvr
01-08-05,NG001008,AB,Ogunduasa,ogunduasa,,inec-cvr
01-08-06,NG001008,AB,Umunnekwu,umunnekwu,,inec-cvr
01-08-07,NG001008,AB,Achara/Mgbugwu,achara-mgbugwu,,inec-cvr
01-08-08,NG001008,AB,Ikeagha I,ikeagha-i,,inec-cvr
01-08-09,NG001008,AB,Ikeagha II,ikeagha-ii,,inec-cvr
01-08-10,NG001008,AB,Umuanyi/Absu,umuanyi-absu,,inec-cvr
01-09-01,NG001009,AB,Abayi I,abayi-i,,inec-cvr
01-09-02,NG001009,AB,Abayi II,abayi-ii,,inec-cvr
01-09-03,NG001009,AB,Mgboko Umuanunu,mgboko-umuanunu,,inec-cvr
01-09-04,NG001009,AB,Mgboko Itungwa,mgboko-itungwa,,inec-cvr
01-09-05,NG001009,AB,Ahiaba,ahiaba,,inec-cvr
01-09-06,NG001009,AB,Maboko Amairi,maboko-amairi,,inec-cvr
01-09-07,NG001009,AB,Alaukwu Ohanze,alaukwu-ohanze,,inec-cvr
01-09-08,NG001009,AB,Akumaimo,akumaimo,,inec-cvr
01-09-09,NG001009,AB,Ndiakata/Amairinabua,ndiakata-amairinabua,,inec-cvr
01-09-10,NG001009,AB,Ntighauzo Amairi,ntighauzo-amairi,,inec-cvr
01-09-11,NG001009,AB,Ibeme,ibeme,,inec-cvr
01-10-01,NG001010,AB,Isiama Ohafia,isiama-ohafia,,inec-cvr
01-10-02,NG001010,AB,Ebem Ohafia,ebem-ohafia,,inec-cvr
01-10-03,NG001010,AB,Ndi Elu Nkporo,ndi-elu-nkporo,,inec-cvr
01-10-04,NG001010,AB,Ndi Etiti Nkporo,ndi-etiti-nkporo,,inec-cvr
01-10-05,NG001010,AB,Amaeke Abiriba,amaeke-abiriba,,inec-cvr
01-10-06,NG001010,AB,Amaogudu Abiriba,amaogudu-abiriba,,inec-cvr
01-10-07,NG001010,AB,Agboji Abiriba,agboji-abiriba,,inec-cvr
01-10-08,NG001010,AB,Ohafor Ohafia,ohafor-ohafia,,inec-cvr
01-10-09,NG001010,AB,Okamu Ohafia,okamu-ohafia,,inec-cvr
01-10-10,NG001010,AB,Ania Ohafia,ania-ohafia,,inec-cvr
01-10-11,NG001010,AB,Ndi Agbo Nkporo,ndi-agbo-nkporo,,inec-cvr
01-11-01,NG001011,AB,Amavo,amavo,,inec-cvr
01-11-02,NG001011,AB,Amaitolu Mbutu Umuojima,amaitolu-mbutu-umuojima,,inec-cvr
01-11-03,NG001011,AB,Amasator,amasator,,inec-cvr
01-11-04,NG001011,AB,Aro-Ngwa,aro-ngwa,,inec-cvr
01-11-05,NG001011,AB,Ama-Asaa,ama-asaa,,inec-cvr
01-11-06,NG001011,AB,Oso-Okwa,oso-okwa,,inec-cvr
01-11-07,NG001011,AB,Urtta,urtta,,inec-cvr
01-11-08,NG001011,AB,Amator,amator,,inec-cvr
01-11-09,NG001011,AB,Umunneise,umunneise,,inec-cvr
01-11-10,NG001011,AB,Okpor-Umuobo,okpor-umuobo,,inec-cvr
01-12-01,NG001012,AB,Ward One,ward-one,,inec-cvr
01-12-02,NG001012,AB,Ward Two,ward-two,,inec-cvr
01-12-03,NG001012,AB,Ward Three,ward-three,,inec-cvr
01-12-04,NG001012,AB,Ward Four,ward-four,,inec-cvr
01-12-05,NG001012,AB,Ward Five,ward-five,,inec-cvr
01-12-06,NG001012,AB,Ward Six,ward-six,,inec-cvr
01-12-07,NG001012,AB,Ward Seven,ward-seven,,inec-cvr
01-12-08,NG001012,AB,Ward Eight,ward-eight,,inec-cvr
01-12-09,NG001012,AB,Ward Nine,ward-nine,,inec-cvr
01-12-10,NG001012,AB,Ward Ten,ward-ten,,inec-cvr
01-13-01,NG001013,AB,Ikwuriator East,ikwuriator-east,,inec-cvr
01-13-02,NG001013,AB,Ikwuriator West,ikwuriator-west,,inec-cvr
01-13-03,NG001013,AB,Azumini,azumini,,inec-cvr
01-13-04,NG001013,AB,Umuigube Achara,umuigube-achara,,inec-cvr
01-13-05,NG001013,AB,Akwete,akwete,,inec-cvr
01-13-06,NG001013,AB,Obohia,obohia,,inec-cvr
01-13-07,NG001013,AB,Ikwueke East,ikwueke-east,,inec-cvr
01-13-08,NG001013,AB,Ikwueke West,ikwueke-west,,inec-cvr
01-13-09,NG001013,AB,Nkporobe/Ohuru,nkporobe-ohuru,,inec-cvr
01-13-10,NG001013,AB,Ikwuorie,ikwuorie,,inec-cvr
01-14-01,NG001014,AB,Asa North,asa-north,,inec-cvr
01-14-02,NG001014,AB,Obokwe,obokwe,,inec-cvr
01-14-03,NG001014,AB,Ogwe,ogwe,,inec-cvr
01-14-04,NG001014,AB,Asa South,asa-south,,inec-cvr
01-14-05,NG001014,AB,Obuzor,obuzor,,inec-cvr
01-14-06,NG001014,AB,Ipu West,ipu-west,,inec-cvr
01-14-07,NG001014,AB,Ipu East,ipu-east,,inec-cvr
01-14-08,NG001014,AB,Ipu South,ipu-south,,inec-cvr
01-14-09,NG001014,AB,Ozaa Ukwu,ozaa-ukwu,,inec-cvr
01-14-10,NG001014,AB,Ozaa West,ozaa-west,,inec-cvr
01-15-01,NG001015,AB,Ibeku East I,ibeku-east-i,,inec-cvr
01-15-02,NG001015,AB,Ibeku East II,ibeku-east-ii,,inec-cvr
01-15-03,NG001015,AB,Ndume,ndume,,inec-cvr
01-15-04,NG001015,AB,Ibeku West,ibeku-west,,inec-cvr
01-15-05,NG001015,AB,Umuahia Urban I,umuahia-urban-i,,inec-cvr
01-15-06,NG001015,AB,Umuahia Urban II,umuahia-urban-ii,,inec-cvr
01-15-07,NG001015,AB,Umuahia Urban III,umuahia-urban-iii,,inec-cvr
01-15-08,NG001015,AB,Nkwoachara,nkwoachara,,inec-cvr
01-15-09,NG001015,AB,Nkwoegwu,nkwoegwu,,inec-cvr
01-15-10,NG001015,AB,Afugiri,afugiri,,inec-cvr
01-15-11,NG001015,AB,Umuhu,umuhu,,inec-cvr
01-15-12,NG001015,AB,Isingwu,isingwu,,inec-cvr
01-16-01,NG001016,AB,Ezeleke/Ogbodiukwu,ezeleke-ogbodiukwu,,inec-cvr
01-16-02,NG001016,AB,Omaegwu,omaegwu,,inec-cvr
01-16-03,NG001016,AB,Ohiaocha,ohiaocha,,inec-cvr
01-16-04,NG001016,AB,Ahiaukwu I,ahiaukwu-i,,inec-cvr
01-16-05,NG001016,AB,Ahiaukwu II,ahiaukwu-ii,,inec-cvr
01-16-06,NG001016,AB,Old Umuahia,old-umuahia,,inec-cvr
01-16-07,NG001016,AB,Amakama,amakama,,inec-cvr
01-16-08,NG001016,AB,Ubakala 'A',ubakala-a,,inec-cvr
01-16-09,NG001016,AB,Nsirimo,nsirimo,,inec-cvr
01-16-10,NG001016,AB,Ubakala 'B',ubakala-b,,inec-cvr
01-17-01,NG001017,AB,Amuda,amuda,,inec-cvr
01-17-02,NG001017,AB,Umuaku,umuaku,,inec-cvr
01-17-03,NG001017,AB,Mbala/Achara,mbala-achara,,inec-cvr
01-17-04,NG001017,AB,Ezingodo,ezingodo,,inec-cvr
01-17-05,NG001017,AB,Ndiawa/Umuelem/I,ndiawa-umuelem-i,,inec-cvr
01-17-06,NG001017,AB,Eziama-Ugwu,eziama-ugwu,,inec-cvr
01-17-07,NG001017,AB,Eziama-Agbo,eziama-agbo,,inec-cvr
01-17-08,NG001017,AB,Ubahu/Akawa/Arokpa,ubahu-akawa-arokpa,,inec-cvr
01-17-09,NG001017,AB,Umuchieze I,umuchieze-i,,inec-cvr
01-17-10,NG001017,AB,Umuchieze II,umuchieze-ii,,inec-cvr
01-17-11,NG001017,AB,Umuchieze III,umuchieze-iii,,inec-cvr
01-17-12,NG001017,AB,Obinolu/Obiagu/La,obinolu-obiagu-la,,inec-cvr
02-01-01,NG002001,AD,Bille,bille,,inec-cvr|inec-pu-directory-2015
02-01-02,NG002001,AD,Borrong,borrong,,inec-cvr|inec-pu-directory-2015
02-01-03,NG002001,AD,Demsa,demsa,,inec-cvr|inec-pu-directory-2015
02-01-04,NG002001,AD,Dilli,dilli,,inec-cvr|inec-pu-directory-2015
02-01-05,NG002001,AD,Dong,dong,,inec-cvr|inec-pu-directory-2015
02-01-06,NG002001,AD,Dwam,dwam,,inec-cvr|inec-pu-directory-2015
02-01-07,NG002001,AD,Gwamba,gwamba,,inec-cvr|inec-pu-directory-2015
02-01-08,NG002001,AD,Kpasham,kpasham,,inec-cvr|inec-pu-directory-2015
02-01-09,NG002001,AD,Mbula Kuli,mbula-kuli,,inec-cvr|inec-pu-directory-2015
02-01-10,NG002001,AD,Nassarawo Demsa,nassarawo-demsa,,inec-cvr|inec-pu-directory-2015
02-02-01,NG002002,AD,Beti,beti,,inec-cvr|inec-pu-directory-2015
02-02-02,NG002002,AD,Farang,farang,,inec-cvr|inec-pu-directory-2015
02-02-03,NG002002,AD,Fufore,fufore,,inec-cvr|inec-pu-directory-2015
02-02-04,NG002002,AD,Gurin,gurin,,inec-cvr|inec-pu-directory-2015
02-02-05,NG002002,AD,Karlahi,karlahi,,inec-cvr|inec-pu-directory-2015
02-02-06,NG002002,AD,Mayo Ine,mayo-ine,,inec-cvr|inec-pu-directory-2015
02-02-07,NG002002,AD,Pariya,pariya,,inec-cvr|inec-pu-directory-2015
02-02-08,NG002002,AD,Ribadu,ribadu,,inec-cvr|inec-pu-directory-2015
02-02-09,NG002002,AD,Uki Tuki,uki-tuki,,inec-cvr|inec-pu-directory-2015
02-02-10,NG002002,AD,Wuro Bokki,wuro-bokki,,inec-cvr|inec-pu-directory-2015
02-02-11,NG002002,AD,Yadim,yadim,,inec-cvr|inec-pu-directory-2015
02-03-01,NG002003,AD,Bakari Guso,bakari-guso,,inec-cvr|inec-pu-directory-2015
02-03-02,NG002003,AD,Gamu,gamu,,inec-cvr|inec-pu-directory-2015
02-03-03,NG002003,AD,Ganye I,ganye-i,,inec-cvr|inec-pu-directory-2015
02-03-04,NG002003,AD,Ganye II,ganye-ii,,inec-cvr|inec-pu-directory-2015
02-03-05,NG002003,AD,Gurum,gurum,,inec-cvr|inec-pu-directory-2015
02-03-06,NG002003,AD,Jaggu,jaggu,,inec-cvr|inec-pu-directory-2015
02-03-07,NG002003,AD,Sangasumi,sangasumi,,inec-cvr|inec-pu-directory-2015
02-03-08,NG002003,AD,Sugu,sugu,,inec-cvr|inec-pu-directory-2015
02-03-09,NG002003,AD,Timdore,timdore,,inec-cvr|inec-pu-directory-2015
02-03-10,NG002003,AD,Yebbi,yebbi,,inec-cvr|inec-pu-directory-2015
02-04-01,NG002005,AD,Dakri,dakri,,inec-cvr|inec-pu-directory-2015
02-04-02,NG002005,AD,Damare,damare,,inec-cvr|inec-pu-directory-2015
02-04-03,NG002005,AD,Gerei I,gerei-i,,inec-cvr|inec-pu-directory-2015
02-04-04,NG002005,AD,Girei II,girei-ii,,inec-cvr|inec-pu-directory-2015
02-04-05,NG002005,AD,Gereng,gereng,,inec-cvr|inec-pu-directory-2015
02-04-06,NG002005,AD,Jera Bakari,jera-bakari,,inec-cvr|inec-pu-directory-2015
02-04-07,NG002005,AD,Jera Bonyo,jera-bonyo,,inec-cvr|inec-pu-directory-2015
02-04-08,NG002005,AD,Modire/Vinikilang,modire-vinikilang,,inec-cvr|inec-pu-directory-2015
02-04-09,NG002005,AD,Tambo,tambo,,inec-cvr|inec-pu-directory-2015
02-04-10,NG002005,AD,Wuro Dole,wuro-dole,,inec-cvr|inec-pu-directory-2015
02-05-01,NG002004,AD,Boga/Dingai,boga-dingai,,inec-cvr|inec-pu-directory-2015
02-05-02,NG002004,AD,Duwa,duwa,,inec-cvr|inec-pu-directory-2015
02-05-03,NG002004,AD,Ga'anda,gaanda,,inec-cvr|inec-pu-directory-2015
02-05-04,NG002004,AD,Gabun,gabun,,inec-cvr|inec-pu-directory-2015
02-05-05,NG002004,AD,Gombi North,gombi-north,,inec-cvr|inec-pu-directory-2015
02-05-06,NG002004,AD,Gombi South,gombi-south,,inec-cvr|inec-pu-directory-2015
02-05-07,NG002004,AD,Garkida,garkida,,inec-cvr|inec-pu-directory-2015
02-05-08,NG002004,AD,Guyaku,guyaku,,inec-cvr|inec-pu-directory-2015
02-05-09,NG002004,AD,Tawa,tawa,,inec-cvr|inec-pu-directory-2015
02-05-10,NG002004,AD,Yang,yang,,inec-cvr|inec-pu-directory-2015
02-06-01,NG002006,AD,Banjiram,banjiram,,inec-cvr|inec-pu-directory-2015
02-06-02,NG002006,AD,Bobini,bobini,,inec-cvr|inec-pu-directory-2015
02-06-03,NG002006,AD,Bodeno,bodeno,,inec-cvr|inec-pu-directory-2015
02-06-04,NG002006,AD,Chikila,chikila,,inec-cvr|inec-pu-directory-2015
02-06-05,NG002006,AD,Dukul,dukul,,inec-cvr|inec-pu-directory-2015
02-06-06,NG002006,AD,Dumna,dumna,,inec-cvr|inec-pu-directory-2015
02-06-07,NG002006,AD,Guyuk,guyuk,,inec-cvr|inec-pu-directory-2015
02-06-08,NG002006,AD,Kola,kola,,inec-cvr|inec-pu-directory-2015
02-06-09,NG002006,AD,Lokoro,lokoro,,inec-cvr|inec-pu-directory-2015
02-06-10,NG002006,AD,Purokayo,purokayo,,inec-cvr|inec-pu-directory-2015
02-07-01,NG002007,AD,Bangshika,bangshika,,inec-cvr|inec-pu-directory-2015
02-07-02,NG002007,AD,Daksiri,daksiri,,inec-cvr|inec-pu-directory-2015
02-07-03,NG002007,AD,Garaha,garaha,,inec-cvr|inec-pu-directory-2015
02-07-04,NG002007,AD,Gaya,gaya,,inec-cvr|inec-pu-directory-2015
02-07-05,NG002007,AD,Hildi,hildi,,inec-cvr|inec-pu-directory-2015
02-07-06,NG002007,AD,Hong,hong,,inec-cvr|inec-pu-directory-2015
02-07-07,NG002007,AD,Hushere Zum,hushere-zum,,inec-cvr|inec-pu-directory-2015
02-07-08,NG002007,AD,Kwarhi,kwarhi,,inec-cvr|inec-pu-directory-2015
02-07-09,NG002007,AD,Mayo Lope,mayo-lope,,inec-cvr|inec-pu-directory-2015
02-07-10,NG002007,AD,Shangui,shangui,,inec-cvr|inec-pu-directory-2015
02-07-11,NG002007,AD,Thilbang,thilbang,,inec-cvr|inec-pu-directory-2015
02-07-12,NG002007,AD,Uba,uba,,inec-cvr|inec-pu-directory-2015
02-08-01,NG002008,AD,Danaba,danaba,,inec-cvr|inec-pu-directory-2015
02-08-02,NG002008,AD,Jada I,jada-i,,inec-cvr|inec-pu-directory-2015
02-08-03,NG002008,AD,Jada II,jada-ii,,inec-cvr|inec-pu-directory-2015
02-08-04,NG002008,AD,Koma I,koma-i,,inec-cvr|inec-pu-directory-2015
02-08-05,NG002008,AD,Koma II,koma-ii,,inec-cvr|inec-pu-directory-2015
02-08-06,NG002008,AD,Leko,leko,,inec-cvr|inec-pu-directory-2015
02-08-07,NG002008,AD,Mapeo,mapeo,,inec-cvr|inec-pu-directory-2015
02-08-08,NG002008,AD,Mayokalaye,mayokalaye,,inec-cvr|inec-pu-directory-2015
02-08-09,NG002008,AD,Mbulo,mbulo,,inec-cvr|inec-pu-directory-2015
02-08-10,NG002008,AD,Nyibango,nyibango,,inec-cvr|inec-pu-directory-2015
02-08-11,NG002008,AD,Yelli,yelli,,inec-cvr|inec-pu-directory-2015
02-09-01,NG002009,AD,Dubwangun,dubwangun,,inec-cvr|inec-pu-directory-2015
02-09-02,NG002009,AD,Gyawana,gyawana,,inec-cvr|inec-pu-directory-2015
02-09-03,NG002009,AD,Lafiya,lafiya,,inec-cvr|inec-pu-directory-2015
02-09-04,NG002009,AD,Lamurde,lamurde,,inec-cvr|inec-pu-directory-2015
02-09-05,NG002009,AD,Mgbebongun,mgbebongun,,inec-cvr|inec-pu-directory-2015
02-09-06,NG002009,AD,Ngbakowo,ngbakowo,,inec-cvr|inec-pu-directory-2015
02-09-07,NG002009,AD,Opalo,opalo,,inec-cvr|inec-pu-directory-2015
02-09-08,NG002009,AD,Rigange,rigange,,inec-cvr|inec-pu-directory-2015
02-09-09,NG002009,AD,Suwa,suwa,,inec-cvr|inec-pu-directory-2015
02-09-10,NG002009,AD,Waduku,waduku,,inec-cvr|inec-pu-directory-2015
02-10-01,NG002010,AD,Babel,babel,,inec-cvr|inec-pu-directory-2015
02-10-02,NG002010,AD,Duhu/Shuwa,duhu-shuwa,,inec-cvr|inec-pu-directory-2015
02-10-03,NG002010,AD,Gulak,gulak,,inec-cvr|inec-pu-directory-2015
02-10-04,NG002010,AD,Hyambula,hyambula,,inec-cvr|inec-pu-directory-2015
02-10-05,NG002010,AD,K/Wuro Ngayandi,k-wuro-ngayandi,,inec-cvr|inec-pu-directory-2015
02-10-06,NG002010,AD,Madagali,madagali,,inec-cvr|inec-pu-directory-2015
02-10-07,NG002010,AD,Pallam,pallam,,inec-cvr|inec-pu-directory-2015
02-10-08,NG002010,AD,Shelmi/Sukur/Vapura,shelmi-sukur-vapura,,inec-cvr|inec-pu-directory-2015
02-10-09,NG002010,AD,Wagga,wagga,,inec-cvr|inec-pu-directory-2015
02-10-10,NG002010,AD,Wula,wula,,inec-cvr|inec-pu-directory-2015
02-11-01,NG002011,AD,Belel,belel,,inec-cvr|inec-pu-directory-2015
02-11-02,NG002011,AD,Humbutudi,humbutudi,,inec-cvr|inec-pu-directory-2015
02-11-03,NG002011,AD,Konkol,konkol,,inec-cvr|inec-pu-directory-2015
02-11-04,NG002011,AD,Maiha Gari,maiha-gari,,inec-cvr|inec-pu-directory-2015
02-11-05,NG002011,AD,Manjekin,manjekin,,inec-cvr|inec-pu-directory-2015
02-11-06,NG002011,AD,Mayonguli,mayonguli,,inec-cvr|inec-pu-directory-2015
02-11-07,NG002011,AD,Pakka,pakka,,inec-cvr|inec-pu-directory-2015
02-11-08,NG002011,AD,Sorau 'A',sorau-a,,inec-cvr|inec-pu-directory-2015
02-11-09,NG002011,AD,Sorau 'B',sorau-b,,inec-cvr|inec-pu-directory-2015
02-11-10,NG002011,AD,Tambajam,tambajam,,inec-cvr|inec-pu-directory-2015
02-12-01,NG002012,AD,Bajama,bajama,,inec-cvr|inec-pu-directory-2015
02-12-02,NG002012,AD,Binyeri,binyeri,,inec-cvr|inec-pu-directory-2015
02-12-03,NG002012,AD,Gangfada,gangfada,,inec-cvr|inec-pu-directory-2015
02-12-04,NG002012,AD,Gengle,gengle,,inec-cvr|inec-pu-directory-2015
02-12-05,NG002012,AD,Gorobi,gorobi,,inec-cvr|inec-pu-directory-2015
02-12-06,NG002012,AD,Mayo-Belwa,mayo-belwa,,inec-cvr|inec-pu-directory-2015
02-12-07,NG002012,AD,Mayo Farang,mayo-farang,,inec-cvr|inec-pu-directory-2015
02-12-08,NG002012,AD,Nassarawo Jereng,nassarawo-jereng,,inec-cvr|inec-pu-directory-2015
02-12-09,NG002012,AD,Ndikong,ndikong,,inec-cvr|inec-pu-directory-2015
02-12-10,NG002012,AD,Ribadu,ribadu,,inec-cvr|inec-pu-directory-2015
02-12-11,NG002012,AD,Tola,tola,,inec-cvr|inec-pu-directory-2015
02-12-12,NG002012,AD,Yoffo,yoffo,,inec-cvr|inec-pu-directory-2015
02-13-01,NG002013,AD,Bazza Margi,bazza-margi,,inec-cvr|inec-pu-directory-2015
02-13-02,NG002013,AD,Futudou/Futules,futudou-futules,,inec-cvr|inec-pu-directory-2015
02-13-03,NG002013,AD,Garta/Ghunchi,garta-ghunchi,,inec-cvr|inec-pu-directory-2015
02-13-04,NG002013,AD,Jigalambu,jigalambu,,inec-cvr|inec-pu-directory-2015
02-13-05,NG002013,AD,Madzi,madzi,,inec-cvr|inec-pu-directory-2015
02-13-06,NG002013,AD,Michika I,michika-i,,inec-cvr|inec-pu-directory-2015
02-13-07,NG002013,AD,Michika II,michika-ii,,inec-cvr|inec-pu-directory-2015
02-13-08,NG002013,AD,Minkisi/Wuro Ngiki,minkisi-wuro-ngiki,,inec-cvr|inec-pu-directory-2015
02-13-09,NG002013,AD,Moda/Dlaka/Ghenjuwa,moda-dlaka-ghenjuwa,,inec-cvr|inec-pu-directory-2015
02-13-10,NG002013,AD,Munkavicita,munkavicita,,inec-cvr|inec-pu-directory-2015
02-13-11,NG002013,AD,Sina/Kamale/Kwande,sina-kamale-kwande,,inec-cvr|inec-pu-directory-2015
02-13-12,NG002013,AD,Thukudou/Sufuku/Zah,thukudou-sufuku-zah,,inec-cvr|inec-pu-directory-2015
02-13-13,NG002013,AD,Sukumu/Tillijo,sukumu-tillijo,,inec-cvr|inec-pu-directory-2015
02-13-14,NG002013,AD,Tumbara/Ngabili,tumbara-ngabili,,inec-cvr|inec-pu-directory-2015
02-13-15,NG002013,AD,Vi/Boka,vi-boka,,inec-cvr|inec-pu-directory-2015
02-13-16,NG002013,AD,Wamblimi/Tilli,wamblimi-tilli,,inec-cvr|inec-pu-directory-2015
02-14-01,NG002014,AD,Bahuli,bahuli,,inec-cvr|inec-pu-directory-2015
02-14-02,NG002014,AD,Betso,betso,,inec-cvr|inec-pu-directory-2015
02-14-03,NG002014,AD,Digil,digil,,inec-cvr|inec-pu-directory-2015
02-14-04,NG002014,AD,Kolere,kolere,,inec-cvr|inec-pu-directory-2015
02-14-05,NG002014,AD,Lokuwa,lokuwa,,inec-cvr|inec-pu-directory-2015
02-14-06,NG002014,AD,Mayo Bani,mayo-bani,,inec-cvr|inec-pu-directory-2015
02-14-07,NG002014,AD,Mijilu,mijilu,,inec-cvr|inec-pu-directory-2015
02-14-08,NG002014,AD,Muchalla,muchalla,,inec-cvr|inec-pu-directory-2015
02-14-09,NG002014,AD,Sabon Layi,sabon-layi,,inec-cvr|inec-pu-directory-2015
02-14-10,NG002014,AD,Vimtim,vimtim,,inec-cvr|inec-pu-directory-2015
02-14-11,NG002014,AD,Yelwa,yelwa,,inec-cvr|inec-pu-directory-2015
02-15-01,NG002015,AD,Dirbishi/Gandira,dirbishi-gandira,,inec-cvr|inec-pu-directory-2015
02-15-02,NG002015,AD,Duvu/Chaba/Girburum,duvu-chaba-girburum,,inec-cvr|inec-pu-directory-2015
02-15-03,NG002015,AD,Gella,gella,,inec-cvr|inec-pu-directory-2015
02-15-04,NG002015,AD,Gude,gude,,inec-cvr|inec-pu-directory-2015
02-15-05,NG002015,AD,Kwaja,kwaja,,inec-cvr|inec-pu-directory-2015
02-15-06,NG002015,AD,Lamorde,lamorde,,inec-cvr|inec-pu-directory-2015
02-15-07,NG002015,AD,Mujara,mujara,,inec-cvr|inec-pu-directory-2015
02-15-08,NG002015,AD,Mugulbu/Yadafa,mugulbu-yadafa,,inec-cvr|inec-pu-directory-2015
02-15-09,NG002015,AD,Nassarawo,nassarawo,,inec-cvr|inec-pu-directory-2015
02-15-10,NG002015,AD,Nduku,nduku,,inec-cvr|inec-pu-directory-2015
02-16-01,NG002016,AD,Bare,bare,,inec-cvr|inec-pu-directory-2015
02-16-02,NG002016,AD,Bolki,bolki,,inec-cvr|inec-pu-directory-2015
02-16-03,NG002016,AD,Gamadio,gamadio,,inec-cvr|inec-pu-directory-2015
02-16-04,NG002016,AD,Imburu,imburu,,inec-cvr|inec-pu-directory-2015
02-16-05,NG002016,AD,Kodomti,kodomti,,inec-cvr|inec-pu-directory-2015
02-16-06,NG002016,AD,Numan I,numan-i,,inec-cvr|inec-pu-directory-2015
02-16-07,NG002016,AD,Numan II,numan-ii,,inec-cvr|inec-pu-directory-2015
02-16-08,NG002016,AD,Numan III,numan-iii,,inec-cvr|inec-pu-directory-2015
02-16-09,NG002016,AD,Sabon Pegi,sabon-pegi,,inec-cvr|inec-pu-directory-2015
02-16-10,NG002016,AD,Vulpi,vulpi,,inec-cvr|inec-pu-directory-2015
02-17-01,NG002017,AD,Bakta,bakta,,inec-cvr|inec-pu-directory-2015
02-17-02,NG002017,AD,Bodwai,bodwai,,inec-cvr|inec-pu-directory-2015
02-17-03,NG002017,AD,Gundo,gundo,,inec-cvr|inec-pu-directory-2015
02-17-04,NG002017,AD,Gwapopolok,gwapopolok,,inec-cvr|inec-pu-directory-2015
02-17-05,NG002017,AD,Jumbul,jumbul,,inec-cvr|inec-pu-directory-2015
02-17-06,NG002017,AD,Ketembere,ketembere,,inec-cvr|inec-pu-directory-2015
02-17-07,NG002017,AD,Kiri,kiri,,inec-cvr|inec-pu-directory-2015
02-17-08,NG002017,AD,Libbo,libbo,,inec-cvr|inec-pu-directory-2015
02-17-09,NG002017,AD,Shelleng,shelleng,,inec-cvr|inec-pu-directory-2015
02-17-10,NG002017,AD,Tallum,tallum,,inec-cvr|inec-pu-directory-2015
02-18-01,NG002018,AD,Dirma,dirma,,inec-cvr|inec-pu-directory-2015
02-18-02,NG002018,AD,Dumne,dumne,,inec-cvr|inec-pu-directory-2015
02-18-03,NG002018,AD,Gudu Mboi,gudu-mboi,,inec-cvr|inec-pu-directory-2015
02-18-04,NG002018,AD,Kilange Funa,kilange-funa,,inec-cvr|inec-pu-directory-2015
02-18-05,NG002018,AD,Kilange Hirna,kilange-hirna,,inec-cvr|inec-pu-directory-2015
02-18-06,NG002018,AD,Sigire,sigire,,inec-cvr|inec-pu-directory-2015
02-18-07,NG002018,AD,Suktu,suktu,,inec-cvr|inec-pu-directory-2015
02-18-08,NG002018,AD,Song Gari,song-gari,,inec-cvr|inec-pu-directory-2015
02-18-09,NG002018,AD,Song Waje,song-waje,,inec-cvr|inec-pu-directory-2015
02-18-10,NG002018,AD,Waltandi,waltandi,,inec-cvr|inec-pu-directory-2015
02-18-11,NG002018,AD,Zumo,zumo,,inec-cvr|inec-pu-directory-2015
02-19-01,NG002019,AD,Dawo I,dawo-i,,inec-cvr|inec-pu-directory-2015
02-19-02,NG002019,AD,Dawo II,dawo-ii,,inec-cvr|inec-pu-directory-2015
02-19-03,NG002019,AD,Gumti,gumti,,inec-cvr|inec-pu-directory-2015
02-19-04,NG002019,AD,Kiri I,kiri-i,,inec-cvr|inec-pu-directory-2015
02-19-05,NG002019,AD,Kiri II,kiri-ii,,inec-cvr|inec-pu-directory-2015
02-19-06,NG002019,AD,Kongin Baba I,kongin-baba-i,,inec-cvr|inec-pu-directory-2015
02-19-07,NG002019,AD,Kongin Baba II,kongin-baba-ii,,inec-cvr|inec-pu-directory-2015
02-19-08,NG002019,AD,Toungo I,toungo-i,,inec-cvr|inec-pu-directory-2015
02-19-09,NG002019,AD,Toungo II,toungo-ii,,inec-cvr|inec-pu-directory-2015
02-19-10,NG002019,AD,Toungo III,toungo-iii,,inec-cvr|inec-pu-directory-2015
02-20-01,NG002020,AD,Alkalawa,alkalawa,,inec-cvr|inec-pu-directory-2015
02-20-02,NG002020,AD,Ajiya,ajiya,,inec-cvr|inec-pu-directory-2015
02-20-03,NG002020,AD,Doubeli,doubeli,,inec-cvr|inec-pu-directory-2015
02-20-04,NG002020,AD,Gwadabawa,gwadabawa,,inec-cvr|inec-pu-directory-2015
02-20-05,NG002020,AD,Jambutu,jambutu,,inec-cvr|inec-pu-directory-2015
02-20-06,NG002020,AD,Karewa,karewa,,inec-cvr|inec-pu-directory-2015
02-20-07,NG002020,AD,Limawa,limawa,,inec-cvr|inec-pu-directory-2015
02-20-08,NG002020,AD,Luggere,luggere,,inec-cvr|inec-pu-directory-2015
02-20-09,NG002020,AD,Nassarawo,nassarawo,,inec-cvr|inec-pu-directory-2015
02-20-10,NG002020,AD,Rumde,rumde,,inec-cvr|inec-pu-directory-2015
02-20-11,NG002020,AD,Yelwa,yelwa,,inec-cvr|inec-pu-directory-2015
02-21-01,NG002021,AD,Adarawo,adarawo,,inec-cvr|inec-pu-directory-2015
02-21-02,NG002021,AD,Bako,bako,,inec-cvr|inec-pu-directory-2015
02-21-03,NG002021,AD,Bole Yolde Pate,bole-yolde-pate,,inec-cvr|inec-pu-directory-2015
02-21-04,NG002021,AD,Namtari,namtari,,inec-cvr|inec-pu-directory-2015
02-21-05,NG002021,AD,Ngurore,ngurore,,inec-cvr|inec-pu-directory-2015
02-21-06,NG002021,AD,Makama 'A',makama-a,,inec-cvr|inec-pu-directory-2015
02-21-07,NG002021,AD,Makama 'B',makama-b,,inec-cvr|inec-pu-directory-2015
02-21-08,NG002021,AD,Mbamba,mbamba,,inec-cvr|inec-pu-directory-2015
02-21-09,NG002021,AD,Mbamoi,mbamoi,,inec-cvr|inec-pu-directory-2015
02-21-10,NG002021,AD,Toungo,toungo,,inec-cvr|inec-pu-directory-2015
02-21-11,NG002021,AD,Yolde Kohi,yolde-kohi,,inec-cvr|inec-pu-directory-2015
03-01-01,NG003001,AK,Abak Urban I,abak-urban-i,,inec-cvr|inec-pu-directory-2015
03-01-02,NG003001,AK,Abak Urban II,abak-urban-ii,,inec-cvr|inec-pu-directory-2015
03-01-03,NG003001,AK,Abak Urban III,abak-urban-iii,,inec-cvr|inec-pu-directory-2015
03-01-04,NG003001,AK,Abak Urban IV,abak-urban-iv,,inec-cvr|inec-pu-directory-2015
03-01-05,NG003001,AK,Afaha Obong I,afaha-obong-i,,inec-cvr|inec-pu-directory-2015
03-01-06,NG003001,AK,Afaha Obong II,afaha-obong-ii,,inec-cvr|inec-pu-directory-2015
03-01-07,NG003001,AK,Midim I,midim-i,,inec-cvr|inec-pu-directory-2015
03-01-08,NG003001,AK,Midim II,midim-ii,,inec-cvr|inec-pu-directory-2015
03-01-09,NG003001,AK,Otoro I,otoro-i,,inec-cvr|inec-pu-directory-2015
03-01-10,NG003001,AK,Otoro II,otoro-ii,,inec-cvr|inec-pu-directory-2015
03-01-11,NG003001,AK,Otoro III,otoro-iii,,inec-cvr|inec-pu-directory-2015
03-02-01,NG003002,AK,Eastern Obolo I,eastern-obolo-i,,inec-cvr|inec-pu-directory-2015
03-02-02,NG003002,AK,Eastern Obolo II,eastern-obolo-ii,,inec-cvr|inec-pu-directory-2015
03-02-03,NG003002,AK,Eastern Obolo III,eastern-obolo-iii,,inec-cvr|inec-pu-directory-2015
03-02-04,NG003002,AK,Eastern Obolo IV,eastern-obolo-iv,,inec-cvr|inec-pu-directory-2015
03-02-05,NG003002,AK,Eastern Obolo V,eastern-obolo-v,,inec-cvr|inec-pu-directory-2015
03-02-06,NG003002,AK,Eastern Obolo VI,eastern-obolo-vi,,inec-cvr|inec-pu-directory-2015
03-02-07,NG003002,AK,Eastern Obolo VII,eastern-obolo-vii,,inec-cvr|inec-pu-directory-2015
03-02-08,NG003002,AK,Eastern Obolo VIII,eastern-obolo-viii,,inec-cvr|inec-pu-directory-2015
03-02-09,NG003002,AK,Eastern Obolo IX,eastern-obolo-ix,,inec-cvr|inec-pu-directory-2015
03-02-10,NG003002,AK,Eastern Obolo X,eastern-obolo-x,,inec-cvr|inec-pu-directory-2015
03-03-01,NG003003,AK,Urban I,urban-i,,inec-cvr|inec-pu-directory-2015
03-03-02,NG003003,AK,Urban II,urban-ii,,inec-cvr|inec-pu-directory-2015
03-03-03,NG003003,AK,Urban III,urban-iii,,inec-cvr|inec-pu-directory-2015
03-03-04,NG003003,AK,Urban IV,urban-iv,,inec-cvr|inec-pu-directory-2015
03-03-05,NG003003,AK,Central I,central-i,,inec-cvr|inec-pu-directory-2015
03-03-06,NG003003,AK,Central II,central-ii,,inec-cvr|inec-pu-directory-2015
03-03-07,NG003003,AK,Central III,central-iii,,inec-cvr|inec-pu-directory-2015
03-03-08,NG003003,AK,Central IV,central-iv,,inec-cvr|inec-pu-directory-2015
03-03-09,NG003003,AK,Central V,central-v,,inec-cvr|inec-pu-directory-2015
03-03-10,NG003003,AK,Okon I,okon-i,,inec-cvr|inec-pu-directory-2015
03-03-11,NG003003,AK,Okon II,okon-ii,,inec-cvr|inec-pu-directory-2015
03-04-01,NG003004,AK,Ekpene Obo,ekpene-obo,,inec-cvr|inec-pu-directory-2015
03-04-02,NG003004,AK,Edor,edor,,inec-cvr|inec-pu-directory-2015
03-04-03,NG003004,AK,Ebe Ekpi,ebe-ekpi,,inec-cvr|inec-pu-directory-2015
03-04-04,NG003004,AK,Ikpa,ikpa,,inec-cvr|inec-pu-directory-2015
03-04-05,NG003004,AK,Uquo,uquo,,inec-cvr|inec-pu-directory-2015
03-04-06,NG003004,AK,Ebighi Okpono,ebighi-okpono,,inec-cvr|inec-pu-directory-2015
03-04-07,NG003004,AK,Etebi Idung Assan,etebi-idung-assan,,inec-cvr|inec-pu-directory-2015
03-04-08,NG003004,AK,Etebi Akwata,etebi-akwata,,inec-cvr|inec-pu-directory-2015
03-04-09,NG003004,AK,Akpautong,akpautong,,inec-cvr|inec-pu-directory-2015
03-04-10,NG003004,AK,Ntak Inyang,ntak-inyang,,inec-cvr|inec-pu-directory-2015
03-05-01,NG003005,AK,Adiasim,adiasim,,inec-cvr|inec-pu-directory-2015
03-05-02,NG003005,AK,Afaha,afaha,,inec-cvr|inec-pu-directory-2015
03-05-03,NG003005,AK,Ekpeyong I,ekpeyong-i,,inec-cvr|inec-pu-directory-2015
03-05-04,NG003005,AK,Ekpeyong II,ekpeyong-ii,,inec-cvr|inec-pu-directory-2015
03-05-05,NG003005,AK,Ikpe Annang,ikpe-annang,,inec-cvr|inec-pu-directory-2015
03-05-06,NG003005,AK,Odoro Ikot I,odoro-ikot-i,,inec-cvr|inec-pu-directory-2015
03-05-07,NG003005,AK,Odoro Ikot II,odoro-ikot-ii,,inec-cvr|inec-pu-directory-2015
03-05-08,NG003005,AK,Okon,okon,,inec-cvr|inec-pu-directory-2015
03-05-09,NG003005,AK,Ukana East,ukana-east,,inec-cvr|inec-pu-directory-2015
03-05-10,NG003005,AK,Ukana West I,ukana-west-i,,inec-cvr|inec-pu-directory-2015
03-05-11,NG003005,AK,Ukana West II,ukana-west-ii,,inec-cvr|inec-pu-directory-2015
03-06-01,NG003006,AK,Etim Ekpo I,etim-ekpo-i,,inec-cvr|inec-pu-directory-2015
03-06-02,NG003006,AK,Etim Ekpo II,etim-ekpo-ii,,inec-cvr|inec-pu-directory-2015
03-06-03,NG003006,AK,Etim Ekpo III,etim-ekpo-iii,,inec-cvr|inec-pu-directory-2015
03-06-04,NG003006,AK,Etim Ekpo IV,etim-ekpo-iv,,inec-cvr|inec-pu-directory-2015
03-06-05,NG003006,AK,Etim Ekpo V,etim-ekpo-v,,inec-cvr|inec-pu-directory-2015
03-06-06,NG003006,AK,Etim Ekpo VI,etim-ekpo-vi,,inec-cvr|inec-pu-directory-2015
03-06-07,NG003006,AK,Etim Ekpo VII,etim-ekpo-vii,,inec-cvr|inec-pu-directory-2015
03-06-08,NG003006,AK,Etim Ekpo VIII,etim-ekpo-viii,,inec-cvr|inec-pu-directory-2015
03-06-09,NG003006,AK,Etim Ekpo IX,etim-ekpo-ix,,inec-cvr|inec-pu-directory-2015
03-06-10,NG003006,AK,Etim Ekpo X,etim-ekpo-x,,inec-cvr|inec-pu-directory-2015
03-07-01,NG003007,AK,Etinan Urban I,etinan-urban-i,,inec-cvr|inec-pu-directory-2015
03-07-02,NG003007,AK,Etinan Urban II,etinan-urban-ii,,inec-cvr|inec-pu-directory-2015
03-07-03,NG003007,AK,Etinan Urban III,etinan-urban-iii,,inec-cvr|inec-pu-directory-2015
03-07-04,NG003007,AK,Etinan Urban IV,etinan-urban-iv,,inec-cvr|inec-pu-directory-2015
03-07-05,NG003007,AK,Etinan Urban V,etinan-urban-v,,inec-cvr|inec-pu-directory-2015
03-07-06,NG003007,AK,Southern Iman I,southern-iman-i,,inec-cvr|inec-pu-directory-2015
03-07-07,NG003007,AK,Southern Iman II,southern-iman-ii,,inec-cvr|inec-pu-directory-2015
03-07-08,NG003007,AK,Southern Iman III,southern-iman-iii,,inec-cvr|inec-pu-directory-2015
03-07-09,NG003007,AK,Southern Iman IV,southern-iman-iv,,inec-cvr|inec-pu-directory-2015
03-07-10,NG003007,AK,Northern Iman I,northern-iman-i,,inec-cvr|inec-pu-directory-2015
03-07-11,NG003007,AK,Northern Iman II,northern-iman-ii,,inec-cvr|inec-pu-directory-2015
03-08-01,NG003008,AK,Ibeno I,ibeno-i,,inec-cvr|inec-pu-directory-2015
03-08-02,NG003008,AK,Ibeno II,ibeno-ii,,inec-cvr|inec-pu-directory-2015
03-08-03,NG003008,AK,Ibeno III,ibeno-iii,,inec-cvr|inec-pu-directory-2015
03-08-04,NG003008,AK,Ibeno IV,ibeno-iv,,inec-cvr|inec-pu-directory-2015
03-08-05,NG003008,AK,Ibeno V,ibeno-v,,inec-cvr|inec-pu-directory-2015
03-08-06,NG003008,AK,Ibeno VI,ibeno-vi,,inec-cvr|inec-pu-directory-2015
03-08-07,NG003008,AK,Ibeno VII,ibeno-vii,,inec-cvr|inec-pu-directory-2015
03-08-08,NG003008,AK,Ibeno VIII,ibeno-viii,,inec-cvr|inec-pu-directory-2015
03-08-09,NG003008,AK,Ibeno IX,ibeno-ix,,inec-cvr|inec-pu-directory-2015
03-08-10,NG003008,AK,Ibeno X,ibeno-x,,inec-cvr|inec-pu-directory-2015
03-09-01,NG003009,AK,Ibesikpo I,ibesikpo-i,,inec-cvr|inec-pu-directory-2015
03-09-02,NG003009,AK,Ibesikpo II,ibesikpo-ii,,inec-cvr|inec-pu-directory-2015
03-09-03,NG003009,AK,Ibesikpo III,ibesikpo-iii,,inec-cvr|inec-pu-directory-2015
03-09-04,NG003009,AK,Ibesikpo IV,ibesikpo-iv,,inec-cvr|inec-pu-directory-2015
03-09-05,NG003009,AK,Ibesikpo V,ibesikpo-v,,inec-cvr|inec-pu-directory-2015
03-09-06,NG003009,AK,Asutan I,asutan-i,,inec-cvr|inec-pu-directory-2015
03-09-07,NG003009,AK,Asutan II,asutan-ii,,inec-cvr|inec-pu-directory-2015
03-09-08,NG003009,AK,Asutan III,asutan-iii,,inec-cvr|inec-pu-directory-2015
03-09-09,NG003009,AK,Asutan IV,asutan-iv,,inec-cvr|inec-pu-directory-2015
03-09-10,NG003009,AK,Asutan V,asutan-v,,inec-cvr|inec-pu-directory-2015
03-10-01,NG003010,AK,Ibiono Eastern I,ibiono-eastern-i,,inec-cvr|inec-pu-directory-2015
03-10-02,NG003010,AK,Ibiono Eastern II,ibiono-eastern-ii,,inec-cvr|inec-pu-directory-2015
03-10-03,NG003010,AK,Ibiono Western I,ibiono-western-i,,inec-cvr|inec-pu-directory-2015
03-10-04,NG003010,AK,Ibiono Western II,ibiono-western-ii,,inec-cvr|inec-pu-directory-2015
03-10-05,NG003010,AK,Ibiono Southern I,ibiono-southern-i,,inec-cvr|inec-pu-directory-2015
03-10-06,NG003010,AK,Ibiono Southern II,ibiono-southern-ii,,inec-cvr|inec-pu-directory-2015
03-10-07,NG003010,AK,Ibiono Northern I,ibiono-northern-i,,inec-cvr|inec-pu-directory-2015
03-10-08,NG003010,AK,Ibiono Northern II,ibiono-northern-ii,,inec-cvr|inec-pu-directory-2015
03-10-09,NG003010,AK,Ibiono Central I,ibiono-central-i,,inec-cvr|inec-pu-directory-2015
03-10-10,NG003010,AK,Ibiono Central II,ibiono-central-ii,,inec-cvr|inec-pu-directory-2015
03-10-11,NG003010,AK,Ikpanya,ikpanya,,inec-cvr|inec-pu-directory-2015
03-11-01,NG003011,AK,Urban I,urban-i,,inec-cvr|inec-pu-directory-2015
03-11-02,NG003011,AK,Urban II,urban-ii,,inec-cvr|inec-pu-directory-2015
03-11-03,NG003011,AK,Achan Ika,achan-ika,,inec-cvr|inec-pu-directory-2015
03-11-04,NG003011,AK,Achan II,achan-ii,,inec-cvr|inec-pu-directory-2015
03-11-05,NG003011,AK,Achan III,achan-iii,,inec-cvr|inec-pu-directory-2015
03-11-06,NG003011,AK,Ito I,ito-i,,inec-cvr|inec-pu-directory-2015
03-11-07,NG003011,AK,Ito II,ito-ii,,inec-cvr|inec-pu-directory-2015
03-11-08,NG003011,AK,Ito III,ito-iii,,inec-cvr|inec-pu-directory-2015
03-11-09,NG003011,AK,Odoro I,odoro-i,,inec-cvr|inec-pu-directory-2015
03-11-10,NG003011,AK,Odoro II,odoro-ii,,inec-cvr|inec-pu-directory-2015
03-12-01,NG003012,AK,Ikono Middle I,ikono-middle-i,,inec-cvr|inec-pu-directory-2015
03-12-02,NG003012,AK,Ikono Middle II,ikono-middle-ii,,inec-cvr|inec-pu-directory-2015
03-12-03,NG003012,AK,Ikono Middle III,ikono-middle-iii,,inec-cvr|inec-pu-directory-2015
03-12-04,NG003012,AK,Ikono Middle IV,ikono-middle-iv,,inec-cvr|inec-pu-directory-2015
03-12-05,NG003012,AK,Ikono South,ikono-south,,inec-cvr|inec-pu-directory-2015
03-12-06,NG003012,AK,Nkwot I,nkwot-i,,inec-cvr|inec-pu-directory-2015
03-12-07,NG003012,AK,Nkwot II,nkwot-ii,,inec-cvr|inec-pu-directory-2015
03-12-08,NG003012,AK,Ndiya/Ikot Idaha,ndiya-ikot-idaha,Ndiya/Ikot Idana,inec-cvr|inec-pu-directory-2015
03-12-09,NG003012,AK,Ediene I,ediene-i,,inec-cvr|inec-pu-directory-2015
03-12-10,NG003012,AK,Ediene II,ediene-ii,,inec-cvr|inec-pu-directory-2015
03-12-11,NG003012,AK,Itak,itak,,inec-cvr|inec-pu-directory-2015
03-13-01,NG003013,AK,Ikpa Ibekwe I,ikpa-ibekwe-i,,inec-cvr|inec-pu-directory-2015
03-13-02,NG003013,AK,Ikpa Ibekwe II,ikpa-ibekwe-ii,,inec-cvr|inec-pu-directory-2015
03-13-03,NG003013,AK,Ukpum Ete I,ukpum-ete-i,,inec-cvr|inec-pu-directory-2015
03-13-04,NG003013,AK,Ukpum Ete II,ukpum-ete-ii,,inec-cvr|inec-pu-directory-2015
03-13-05,NG003013,AK,Ukpum Okon,ukpum-okon,,inec-cvr|inec-pu-directory-2015
03-13-06,NG003013,AK,Edemaya I,edemaya-i,,inec-cvr|inec-pu-directory-2015
03-13-07,NG003013,AK,Edemaya II,edemaya-ii,,inec-cvr|inec-pu-directory-2015
03-13-08,NG003013,AK,Edemaya III,edemaya-iii,,inec-cvr|inec-pu-directory-2015
03-13-09,NG003013,AK,Ikpa Nung Asang I,ikpa-nung-asang-i,,inec-cvr|inec-pu-directory-2015
03-13-10,NG003013,AK,Ikpa Nung Asang II,ikpa-nung-asang-ii,,inec-cvr|inec-pu-directory-2015
03-14-01,NG003014,AK,Ikot Ekpene I,ikot-ekpene-i,,inec-cvr|inec-pu-directory-2015
03-14-02,NG003014,AK,Ikot Ekpene II,ikot-ekpene-ii,,inec-cvr|inec-pu-directory-2015
03-14-03,NG003014,AK,Ikot Ekpene III,ikot-ekpene-iii,,inec-cvr|inec-pu-directory-2015
03-14-04,NG003014,AK,Ikot Ekpene IV,ikot-ekpene-iv,,inec-cvr|inec-pu-directory-2015
03-14-05,NG003014,AK,Ikot Ekpene V,ikot-ekpene-v,,inec-cvr|inec-pu-directory-2015
03-14-06,NG003014,AK,Ikot Ekpene VI,ikot-ekpene-vi,,inec-cvr|inec-pu-directory-2015
03-14-07,NG003014,AK,Ikot Ekpene VII,ikot-ekpene-vii,,inec-cvr|inec-pu-directory-2015
03-14-08,NG003014,AK,Ikot Ekpene VIII,ikot-ekpene-viii,,inec-cvr|inec-pu-directory-2015
03-14-09,NG003014,AK,Ikot Ekpene IX,ikot-ekpene-ix,,inec-cvr|inec-pu-directory-2015
03-14-10,NG003014,AK,Ikot Ekpene X,ikot-ekpene-x,,inec-cvr|inec-pu-directory-2015
03-14-11,NG003014,AK,Ikot Ekpene XI,ikot-ekpene-xi,,inec-cvr|inec-pu-directory-2015
03-15-01,NG003015,AK,Ikpe I,ikpe-i,,inec-cvr|inec-pu-directory-2015
03-15-02,NG003015,AK,Ikpe II,ikpe-ii,,inec-cvr|inec-pu-directory-2015
03-15-03,NG003015,AK,Itu Mbonuso,itu-mbonuso,,inec-cvr|inec-pu-directory-2015
03-15-04,NG003015,AK,Nkari,nkari,,inec-cvr|inec-pu-directory-2015
03-15-05,NG003015,AK,Iwerre,iwerre,,inec-cvr|inec-pu-directory-2015
03-15-06,NG003015,AK,Ikono North I,ikono-north-i,,inec-cvr|inec-pu-directory-2015
03-15-07,NG003015,AK,Ikono North II,ikono-north-ii,,inec-cvr|inec-pu-directory-2015
03-15-08,NG003015,AK,Ikono North III,ikono-north-iii,,inec-cvr|inec-pu-directory-2015
03-15-09,NG003015,AK,Odoro Ukwok,odoro-ukwok,,inec-cvr|inec-pu-directory-2015
03-15-10,NG003015,AK,Usuk Ukwok,usuk-ukwok,,inec-cvr|inec-pu-directory-2015
03-16-01,NG003016,AK,Oku Iboku,oku-iboku,,inec-cvr|inec-pu-directory-2015
03-16-02,NG003016,AK,Mbiase/Ayadehe,mbiase-ayadehe,,inec-cvr|inec-pu-directory-2015
03-16-03,NG003016,AK,East Itam I,east-itam-i,,inec-cvr|inec-pu-directory-2015
03-16-04,NG003016,AK,East Itam II,east-itam-ii,,inec-cvr|inec-pu-directory-2015
03-16-05,NG003016,AK,East Itam III,east-itam-iii,,inec-cvr|inec-pu-directory-2015
03-16-06,NG003016,AK,East Itam IV,east-itam-iv,,inec-cvr|inec-pu-directory-2015
03-16-07,NG003016,AK,East Itam V,east-itam-v,,inec-cvr|inec-pu-directory-2015
03-16-08,NG003016,AK,West Itam I,west-itam-i,,inec-cvr|inec-pu-directory-2015
03-16-09,NG003016,AK,West Itam II,west-itam-ii,,inec-cvr|inec-pu-directory-2015
03-16-10,NG003016,AK,West Itam III,west-itam-iii,,inec-cvr|inec-pu-directory-2015
03-17-01,NG003017,AK,Enwang I,enwang-i,,inec-cvr|inec-pu-directory-2015
03-17-02,NG003017,AK,Enwang II,enwang-ii,,inec-cvr|inec-pu-directory-2015
03-17-03,NG003017,AK,Ebughu I,ebughu-i,,inec-cvr|inec-pu-directory-2015
03-17-04,NG003017,AK,Ebughu II,ebughu-ii,,inec-cvr|inec-pu-directory-2015
03-17-05,NG003017,AK,Udesi,udesi,,inec-cvr|inec-pu-directory-2015
03-17-06,NG003017,AK,Efiat I,efiat-i,,inec-cvr|inec-pu-directory-2015
03-17-07,NG003017,AK,Efiat II,efiat-ii,,inec-cvr|inec-pu-directory-2015
03-17-08,NG003017,AK,Ibaka,ibaka,,inec-cvr|inec-pu-directory-2015
03-17-09,NG003017,AK,Uda I,uda-i,,inec-cvr|inec-pu-directory-2015
03-17-10,NG003017,AK,Uda II,uda-ii,,inec-cvr|inec-pu-directory-2015
03-18-01,NG003018,AK,Ukpum Minya I,ukpum-minya-i,,inec-cvr|inec-pu-directory-2015
03-18-02,NG003018,AK,Ukpum Minya II,ukpum-minya-ii,,inec-cvr|inec-pu-directory-2015
03-18-03,NG003018,AK,Ukpum Minya III,ukpum-minya-iii,,inec-cvr|inec-pu-directory-2015
03-18-04,NG003018,AK,Ukpum Minya IV,ukpum-minya-iv,,inec-cvr|inec-pu-directory-2015
03-18-05,NG003018,AK,Ikpa Ibom I,ikpa-ibom-i,,inec-cvr|inec-pu-directory-2015
03-18-06,NG003018,AK,Ikpa Ibom II,ikpa-ibom-ii,,inec-cvr|inec-pu-directory-2015
03-18-07,NG003018,AK,Ikpa Ibom III,ikpa-ibom-iii,,inec-cvr|inec-pu-directory-2015
03-18-08,NG003018,AK,Ikpa Ibom IV,ikpa-ibom-iv,,inec-cvr|inec-pu-directory-2015
03-18-09,NG003018,AK,Ibiaku I,ibiaku-i,,inec-cvr|inec-pu-directory-2015
03-18-10,NG003018,AK,Ibiaku II,ibiaku-ii,,inec-cvr|inec-pu-directory-2015
03-18-11,NG003018,AK,Ibiaku III,ibiaku-iii,,inec-cvr|inec-pu-directory-2015
03-18-12,NG003018,AK,Ikpa Ikono I,ikpa-ikono-i,,inec-cvr|inec-pu-directory-2015
03-18-13,NG003018,AK,Ikpa Ikono II,ikpa-ikono-ii,,inec-cvr|inec-pu-directory-2015
03-18-14,NG003018,AK,Ikpa Ikono III,ikpa-ikono-iii,,inec-cvr|inec-pu-directory-2015
03-19-01,NG003019,AK,Eastern Nsit I,eastern-nsit-i,,inec-cvr|inec-pu-directory-2015
03-19-02,NG003019,AK,Eastern Nsit II,eastern-nsit-ii,,inec-cvr|inec-pu-directory-2015
03-19-03,NG003019,AK,Eastern Nsit III,eastern-nsit-iii,,inec-cvr|inec-pu-directory-2015
03-19-04,NG003019,AK,Eastern Nsit IV,eastern-nsit-iv,,inec-cvr|inec-pu-directory-2015
03-19-05,NG003019,AK,Eastern Nsit V,eastern-nsit-v,,inec-cvr|inec-pu-directory-2015
03-19-06,NG003019,AK,Eastern Nsit VI,eastern-nsit-vi,,inec-cvr|inec-pu-directory-2015
03-19-07,NG003019,AK,Eastern Nsit VII,eastern-nsit-vii,,inec-cvr|inec-pu-directory-2015
03-19-08,NG003019,AK,Eastern Nsit VIII,eastern-nsit-viii,,inec-cvr|inec-pu-directory-2015
03-19-09,NG003019,AK,Eastern Nsit IX,eastern-nsit-ix,,inec-cvr|inec-pu-directory-2015
03-19-10,NG003019,AK,Eastern Nsit X,eastern-nsit-x,,inec-cvr|inec-pu-directory-2015
03-20-01,NG003020,AK,Asang I,asang-i,,inec-cvr|inec-pu-directory-2015
03-20-02,NG003020,AK,Asang II,asang-ii,,inec-cvr|inec-pu-directory-2015
03-20-03,NG003020,AK,Asang III,asang-iii,,inec-cvr|inec-pu-directory-2015
03-20-04,NG003020,AK,Asang IV,asang-iv,,inec-cvr|inec-pu-directory-2015
03-20-05,NG003020,AK,Asang V,asang-v,,inec-cvr|inec-pu-directory-2015
03-20-06,NG003020,AK,Mbaiso I,mbaiso-i,,inec-cvr|inec-pu-directory-2015
03-20-07,NG003020,AK,Mbaiso II,mbaiso-ii,,inec-cvr|inec-pu-directory-2015
03-20-08,NG003020,AK,Mbaiso III,mbaiso-iii,,inec-cvr|inec-pu-directory-2015
03-20-09,NG003020,AK,Mbaiso IV,mbaiso-iv,,inec-cvr|inec-pu-directory-2015
03-20-10,NG003020,AK,Mbaiso V,mbaiso-v,,inec-cvr|inec-pu-directory-2015
03-21-01,NG003021,AK,Ibiakpan/Obotim II,ibiakpan-obotim-ii,,inec-cvr|inec-pu-directory-2015
03-21-02,NG003021,AK,Ibiakpan Obotim I,ibiakpan-obotim-i,,inec-cvr|inec-pu-directory-2015
03-21-03,NG003021,AK,Itreto,itreto,,inec-cvr|inec-pu-directory-2015
03-21-04,NG003021,AK,Ndiya,ndiya,,inec-cvr|inec-pu-directory-2015
03-21-05,NG003021,AK,Ubium North I,ubium-north-i,,inec-cvr|inec-pu-directory-2015
03-21-06,NG003021,AK,Ubium North II,ubium-north-ii,,inec-cvr|inec-pu-directory-2015
03-21-07,NG003021,AK,Ubium North III,ubium-north-iii,,inec-cvr|inec-pu-directory-2015
03-21-08,NG003021,AK,Ubium South I,ubium-south-i,,inec-cvr|inec-pu-directory-2015
03-21-09,NG003021,AK,Ubium South II,ubium-south-ii,,inec-cvr|inec-pu-directory-2015
03-21-10,NG003021,AK,Ubium South III,ubium-south-iii,,inec-cvr|inec-pu-directory-2015
03-22-01,NG003022,AK,Ikot Abia I,ikot-abia-i,,inec-cvr|inec-pu-directory-2015
03-22-02,NG003022,AK,Ikot Abia II,ikot-abia-ii,,inec-cvr|inec-pu-directory-2015
03-22-03,NG003022,AK,Ikot Abia III,ikot-abia-iii,,inec-cvr|inec-pu-directory-2015
03-22-04,NG003022,AK,Obot Akara I,obot-akara-i,,inec-cvr|inec-pu-directory-2015
03-22-05,NG003022,AK,Obot Akara II,obot-akara-ii,,inec-cvr|inec-pu-directory-2015
03-22-06,NG003022,AK,Obot Akara III,obot-akara-iii,,inec-cvr|inec-pu-directory-2015
03-22-07,NG003022,AK,Nto Edino I,nto-edino-i,,inec-cvr|inec-pu-directory-2015
03-22-08,NG003022,AK,Nto Edino II,nto-edino-ii,,inec-cvr|inec-pu-directory-2015
03-22-09,NG003022,AK,Nto Edino III,nto-edino-iii,,inec-cvr|inec-pu-directory-2015
03-22-10,NG003022,AK,Nto Edino IV,nto-edino-iv,,inec-cvr|inec-pu-directory-2015
03-23-01,NG003023,AK,Okopedi I,okopedi-i,,inec-cvr|inec-pu-directory-2015
03-23-02,NG003023,AK,Okopedi II,okopedi-ii,,inec-cvr|inec-pu-directory-2015
03-23-03,NG003023,AK,Nung Atai/Ube I,nung-atai-ube-i,,inec-cvr|inec-pu-directory-2015
03-23-04,NG003023,AK,Nung Atai/Ube II,nung-atai-ube-ii,,inec-cvr|inec-pu-directory-2015
03-23-05,NG003023,AK,Akai/Mbukpo/Udung,akai-mbukpo-udung,,inec-cvr|inec-pu-directory-2015
03-23-06,NG003023,AK,Eweme I,eweme-i,,inec-cvr|inec-pu-directory-2015
03-23-07,NG003023,AK,Eweme II,eweme-ii,,inec-cvr|inec-pu-directory-2015
03-23-08,NG003023,AK,Offi I,offi-i,,inec-cvr|inec-pu-directory-2015
03-23-09,NG003023,AK,Offi II,offi-ii,,inec-cvr|inec-pu-directory-2015
03-23-10,NG003023,AK,Ekeya,ekeya,,inec-cvr|inec-pu-directory-2015
03-24-01,NG003024,AK,Awa I,awa-i,,inec-cvr|inec-pu-directory-2015
03-24-02,NG003024,AK,Awa II,awa-ii,,inec-cvr|inec-pu-directory-2015
03-24-03,NG003024,AK,Awa III,awa-iii,,inec-cvr|inec-pu-directory-2015
03-24-04,NG003024,AK,Awa IV,awa-iv,,inec-cvr|inec-pu-directory-2015
03-24-05,NG003024,AK,Nung Idem I,nung-idem-i,,inec-cvr|inec-pu-directory-2015
03-24-06,NG003024,AK,Nung Idem II,nung-idem-ii,,inec-cvr|inec-pu-directory-2015
03-24-07,NG003024,AK,Oniong East I,oniong-east-i,,inec-cvr|inec-pu-directory-2015
03-24-08,NG003024,AK,Oniong East II,oniong-east-ii,,inec-cvr|inec-pu-directory-2015
03-24-09,NG003024,AK,Oniong East III,oniong-east-iii,,inec-cvr|inec-pu-directory-2015
03-24-10,NG003024,AK,Oniong West I,oniong-west-i,,inec-cvr|inec-pu-directory-2015
03-24-11,NG003024,AK,Oniong West II,oniong-west-ii,,inec-cvr|inec-pu-directory-2015
03-24-12,NG003024,AK,Oniong West III,oniong-west-iii,,inec-cvr|inec-pu-directory-2015
03-25-01,NG003025,AK,Oron Urban I,oron-urban-i,,inec-cvr|inec-pu-directory-2015
03-25-02,NG003025,AK,Oron Urban II,oron-urban-ii,,inec-cvr|inec-pu-directory-2015
03-25-03,NG003025,AK,Oron Urban III,oron-urban-iii,,inec-cvr|inec-pu-directory-2015
03-25-04,NG003025,AK,Oron Urban IV,oron-urban-iv,,inec-cvr|inec-pu-directory-2015
03-25-05,NG003025,AK,Oron Urban V,oron-urban-v,,inec-cvr|inec-pu-directory-2015
03-25-06,NG003025,AK,Oron Urban VI,oron-urban-vi,,inec-cvr|inec-pu-directory-2015
03-25-07,NG003025,AK,Oron Urban VII,oron-urban-vii,,inec-cvr|inec-pu-directory-2015
03-25-08,NG003025,AK,Oron Urban VIII,oron-urban-viii,,inec-cvr|inec-pu-directory-2015
03-25-09,NG003025,AK,Oron Urban IX,oron-urban-ix,,inec-cvr|inec-pu-directory-2015
03-25-10,NG003025,AK,Oron Urban X,oron-urban-x,,inec-cvr|inec-pu-directory-2015
03-26-01,NG003026,AK,Ikot Ibritam I,ikot-ibritam-i,,inec-cvr|inec-pu-directory-2015
03-26-02,NG003026,AK,Ikot Ibritam II,ikot-ibritam-ii,,inec-cvr|inec-pu-directory-2015
03-26-03,NG003026,AK,Ndot/Ikot Okoro I,ndot-ikot-okoro-i,,inec-cvr|inec-pu-directory-2015
03-26-04,NG003026,AK,Ndot/Ikot Okoro II,ndot-ikot-okoro-ii,,inec-cvr|inec-pu-directory-2015
03-26-05,NG003026,AK,Ndot/Ikot Okoro III,ndot-ikot-okoro-iii,,inec-cvr|inec-pu-directory-2015
03-26-06,NG003026,AK,Ibesit,ibesit,,inec-cvr|inec-pu-directory-2015
03-26-07,NG003026,AK,Ekparakwa,ekparakwa,,inec-cvr|inec-pu-directory-2015
03-26-08,NG003026,AK,Abak Midim I,abak-midim-i,,inec-cvr|inec-pu-directory-2015
03-26-09,NG003026,AK,Abak Midim II,abak-midim-ii,,inec-cvr|inec-pu-directory-2015
03-26-10,NG003026,AK,Abak Midim III,abak-midim-iii,,inec-cvr|inec-pu-directory-2015
03-26-11,NG003026,AK,Abak Midim IV,abak-midim-iv,,inec-cvr|inec-pu-directory-2015
03-26-12,NG003026,AK,Ibesit/Nung Ikot I,ibesit-nung-ikot-i,,inec-cvr|inec-pu-directory-2015
03-26-13,NG003026,AK,Ibesit/Nung Ikot II,ibesit-nung-ikot-ii,,inec-cvr|inec-pu-directory-2015
03-27-01,NG003027,AK,Udung Uko I,udung-uko-i,,inec-cvr|inec-pu-directory-2015
03-27-02,NG003027,AK,Udung Uko II,udung-uko-ii,,inec-cvr|inec-pu-directory-2015
03-27-03,NG003027,AK,Udung Uko III,udung-uko-iii,,inec-cvr|inec-pu-directory-2015
03-27-04,NG003027,AK,Udung Uko IV,udung-uko-iv,,inec-cvr|inec-pu-directory-2015
03-27-05,NG003027,AK,Udung Uko V,udung-uko-v,,inec-cvr|inec-pu-directory-2015
03-27-06,NG003027,AK,Udung Uko VI,udung-uko-vi,,inec-cvr|inec-pu-directory-2015
03-27-07,NG003027,AK,Udung Uko VII,udung-uko-vii,,inec-cvr|inec-pu-directory-2015
03-27-08,NG003027,AK,Udung Uko VIII,udung-uko-viii,,inec-cvr|inec-pu-directory-2015
03-27-09,NG003027,AK,Udung Uko IX,udung-uko-ix,,inec-cvr|inec-pu-directory-2015
03-27-10,NG003027,AK,Udung Uko X,udung-uko-x,,inec-cvr|inec-pu-directory-2015
03-28-01,NG003028,AK,Ukanafun Urban,ukanafun-urban,,inec-cvr|inec-pu-directory-2015
03-28-02,NG003028,AK,Southern Ukanafun I,southern-ukanafun-i,,inec-cvr|inec-pu-directory-2015
03-28-03,NG003028,AK,Southern Ukanafun II,southern-ukanafun-ii,,inec-cvr|inec-pu-directory-2015
03-28-04,NG003028,AK,Northern Ukanafun I,northern-ukanafun-i,,inec-cvr|inec-pu-directory-2015
03-28-05,NG003028,AK,Northern Ukanafun II,northern-ukanafun-ii,,inec-cvr|inec-pu-directory-2015
03-28-06,NG003028,AK,Northern Afaha I,northern-afaha-i,,inec-cvr|inec-pu-directory-2015
03-28-07,NG003028,AK,Northern Afaha II,northern-afaha-ii,,inec-cvr|inec-pu-directory-2015
03-28-08,NG003028,AK,"Southern Afaha, Adat Ifang I",southern-afaha-adat-ifang-i,,inec-cvr|inec-pu-directory-2015
03-28-09,NG003028,AK,"Southern Afaha, Adat Ifang II",southern-afaha-adat-ifang-ii,,inec-cvr|inec-pu-directory-2015
03-28-10,NG003028,AK,"Southern Afaha, Adat Ifang III",southern-afaha-adat-ifang-iii,,inec-cvr|inec-pu-directory-2015
03-28-11,NG003028,AK,"Southern Afaha, Adat Ifang IV",southern-afaha-adat-ifang-iv,,inec-cvr|inec-pu-directory-2015
03-29-01,NG003029,AK,Central Uruan I,central-uruan-i,,inec-cvr|inec-pu-directory-2015
03-29-02,NG003029,AK,Central Uruan II,central-uruan-ii,,inec-cvr|inec-pu-directory-2015
03-29-03,NG003029,AK,Central Uruan III,central-uruan-iii,,inec-cvr|inec-pu-directory-2015
03-29-04,NG003029,AK,Northern Uruan I,northern-uruan-i,,inec-cvr|inec-pu-directory-2015
03-29-05,NG003029,AK,Northern Uruan II,northern-uruan-ii,,inec-cvr|inec-pu-directory-2015
03-29-06,NG003029,AK,Southern Uruan I,southern-uruan-i,,inec-cvr|inec-pu-directory-2015
03-29-07,NG003029,AK,Southern Uruan II,southern-uruan-ii,,inec-cvr|inec-pu-directory-2015
03-29-08,NG003029,AK,Southern Uruan III,southern-uruan-iii,,inec-cvr|inec-pu-directory-2015
03-29-09,NG003029,AK,Southern Uruan IV,southern-uruan-iv,,inec-cvr|inec-pu-directory-2015
03-29-10,NG003029,AK,Southern Uruan V,southern-uruan-v,,inec-cvr|inec-pu-directory-2015
03-29-11,NG003029,AK,Southern Uruan VI,southern-uruan-vi,,inec-cvr|inec-pu-directory-2015
03-30-01,NG003030,AK,Urue Offong I,urue-offong-i,,inec-cvr|inec-pu-directory-2015
03-30-02,NG003030,AK,Urue Offong II,urue-offong-ii,,inec-cvr|inec-pu-directory-2015
03-30-03,NG003030,AK,Urue Offong III,urue-offong-iii,,inec-cvr|inec-pu-directory-2015
03-30-04,NG003030,AK,Urue Offong IV,urue-offong-iv,,inec-cvr|inec-pu-directory-2015
03-30-05,NG003030,AK,Urue Offong V,urue-offong-v,,inec-cvr|inec-pu-directory-2015
03-30-06,NG003030,AK,Oruko I,oruko-i,,inec-cvr|inec-pu-directory-2015
03-30-07,NG003030,AK,Oruko II,oruko-ii,,inec-cvr|inec-pu-directory-2015
03-30-08,NG003030,AK,Oruko III,oruko-iii,,inec-cvr|inec-pu-directory-2015
03-30-09,NG003030,AK,Oruko IV,oruko-iv,,inec-cvr|inec-pu-directory-2015
03-30-10,NG003030,AK,Oruko V,oruko-v,,inec-cvr|inec-pu-directory-2015
03-31-01,NG003031,AK,Uyo Urban I,uyo-urban-i,,inec-cvr|inec-pu-directory-2015
03-31-02,NG003031,AK,Uyo Urban II,uyo-urban-ii,,inec-cvr|inec-pu-directory-2015
03-31-03,NG003031,AK,Uyo Urban III,uyo-urban-iii,,inec-cvr|inec-pu-directory-2015
03-31-04,NG003031,AK,Etoi I,etoi-i,,inec-cvr|inec-pu-directory-2015
03-31-05,NG003031,AK,Etoi II,etoi-ii,,inec-cvr|inec-pu-directory-2015
03-31-06,NG003031,AK,Offot I,offot-i,,inec-cvr|inec-pu-directory-2015
03-31-07,NG003031,AK,Offot II,offot-ii,,inec-cvr|inec-pu-directory-2015
03-31-08,NG003031,AK,Ikono I,ikono-i,,inec-cvr|inec-pu-directory-2015
03-31-09,NG003031,AK,Ikono II,ikono-ii,,inec-cvr|inec-pu-directory-2015
03-31-10,NG003031,AK,Oku I,oku-i,,inec-cvr|inec-pu-directory-2015
03-31-11,NG003031,AK,Oku II,oku-ii,,inec-cvr|inec-pu-directory-2015
04-01-01,NG004001,AN,Achina I,achina-i,,inec-cvr|inec-pu-directory-2015
04-01-02,NG004001,AN,Achina II,achina-ii,,inec-cvr|inec-pu-directory-2015
04-01-03,NG004001,AN,Agulueze Chukwu,agulueze-chukwu,,inec-cvr|inec-pu-directory-2015
04-01-04,NG004001,AN,Akpo,akpo,,inec-cvr|inec-pu-directory-2015
04-01-05,NG004001,AN,Amesi,amesi,,inec-cvr|inec-pu-directory-2015
04-01-06,NG004001,AN,Ekwulobia I,ekwulobia-i,,inec-cvr|inec-pu-directory-2015
04-01-07,NG004001,AN,Ekwulobia II,ekwulobia-ii,,inec-cvr|inec-pu-directory-2015
04-01-08,NG004001,AN,Ezinifite I,ezinifite-i,,inec-cvr|inec-pu-directory-2015
04-01-09,NG004001,AN,Ezinifite II,ezinifite-ii,,inec-cvr|inec-pu-directory-2015
04-01-10,NG004001,AN,Igbo-Ukwu I,igbo-ukwu-i,,inec-cvr|inec-pu-directory-2015
04-01-11,NG004001,AN,Igbo-Ukwu II,igbo-ukwu-ii,,inec-cvr|inec-pu-directory-2015
04-01-12,NG004001,AN,Ikenga,ikenga,,inec-cvr|inec-pu-directory-2015
04-01-13,NG004001,AN,Isuofia,isuofia,,inec-cvr|inec-pu-directory-2015
04-01-14,NG004001,AN,Nkpologwu,nkpologwu,,inec-cvr|inec-pu-directory-2015
04-01-15,NG004001,AN,Oraeri,oraeri,,inec-cvr|inec-pu-directory-2015
04-01-16,NG004001,AN,Uga I,uga-i,,inec-cvr|inec-pu-directory-2015
04-01-17,NG004001,AN,Uga II,uga-ii,,inec-cvr|inec-pu-directory-2015
04-01-18,NG004001,AN,Umuchu I,umuchu-i,,inec-cvr|inec-pu-directory-2015
04-01-19,NG004001,AN,Umuchu II,umuchu-ii,,inec-cvr|inec-pu-directory-2015
04-01-20,NG004001,AN,Umuona,umuona,,inec-cvr|inec-pu-directory-2015
04-02-01,NG004007,AN,Anaku,anaku,,inec-cvr|inec-pu-directory-2015
04-02-02,NG004007,AN,Ifite Ogwari I,ifite-ogwari-i,,inec-cvr|inec-pu-directory-2015
04-02-03,NG004007,AN,Ifite Ogwari II,ifite-ogwari-ii,,inec-cvr|inec-pu-directory-2015
04-02-04,NG004007,AN,Igbakwu,igbakwu,,inec-cvr|inec-pu-directory-2015
04-02-05,NG004007,AN,Omasi,omasi,,inec-cvr|inec-pu-directory-2015
04-02-06,NG004007,AN,Omor I,omor-i,,inec-cvr|inec-pu-directory-2015
04-02-07,NG004007,AN,Omor II,omor-ii,,inec-cvr|inec-pu-directory-2015
04-02-08,NG004007,AN,Omor III,omor-iii,,inec-cvr|inec-pu-directory-2015
04-02-09,NG004007,AN,Umu Elum,umu-elum,,inec-cvr|inec-pu-directory-2015
04-02-10,NG004007,AN,Umueje,umueje,,inec-cvr|inec-pu-directory-2015
04-02-11,NG004007,AN,Umumbo,umumbo,,inec-cvr|inec-pu-directory-2015
04-03-01,NG004002,AN,Aguleri,aguleri,,inec-cvr|inec-pu-directory-2015
04-03-02,NG004002,AN,Aguleri II,aguleri-ii,,inec-cvr|inec-pu-directory-2015
04-03-03,NG004002,AN,Enugwu-Otu,enugwu-otu,,inec-cvr|inec-pu-directory-2015
04-03-04,NG004002,AN,Eziagulu-Otu,eziagulu-otu,,inec-cvr|inec-pu-directory-2015
04-03-05,NG004002,AN,Igbariam,igbariam,,inec-cvr|inec-pu-directory-2015
04-03-06,NG004002,AN,Nando I,nando-i,,inec-cvr|inec-pu-directory-2015
04-03-07,NG004002,AN,Nando II,nando-ii,,inec-cvr|inec-pu-directory-2015
04-03-08,NG004002,AN,Nando III,nando-iii,,inec-cvr|inec-pu-directory-2015
04-03-09,NG004002,AN,Nsugbe I,nsugbe-i,,inec-cvr|inec-pu-directory-2015
04-03-10,NG004002,AN,Nsugbe II,nsugbe-ii,,inec-cvr|inec-pu-directory-2015
04-03-11,NG004002,AN,Otuocha I,otuocha-i,,inec-cvr|inec-pu-directory-2015
04-03-12,NG004002,AN,Otuocha II,otuocha-ii,,inec-cvr|inec-pu-directory-2015
04-03-13,NG004002,AN,Umureli I,umureli-i,,inec-cvr|inec-pu-directory-2015
04-03-14,NG004002,AN,Umuleri II,umuleri-ii,,inec-cvr|inec-pu-directory-2015
04-03-15,NG004002,AN,Umuoba-Anam,umuoba-anam,,inec-cvr|inec-pu-directory-2015
04-04-01,NG004003,AN,Ezi-Anam,ezi-anam,,inec-cvr|inec-pu-directory-2015
04-04-02,NG004003,AN,Ifite-Anam,ifite-anam,,inec-cvr|inec-pu-directory-2015
04-04-03,NG004003,AN,Nzam,nzam,,inec-cvr|inec-pu-directory-2015
04-04-04,NG004003,AN,Olumbanasa-Ode,olumbanasa-ode,,inec-cvr|inec-pu-directory-2015
04-04-05,NG004003,AN,Olumbanasa-Inoma,olumbanasa-inoma,,inec-cvr|inec-pu-directory-2015
04-04-06,NG004003,AN,Oroma Etiti-Anam,oroma-etiti-anam,,inec-cvr|inec-pu-directory-2015
04-04-07,NG004003,AN,Umuenwelum-Anam,umuenwelum-anam,,inec-cvr|inec-pu-directory-2015
04-04-08,NG004003,AN,Umueze-Anam I,umueze-anam-i,,inec-cvr|inec-pu-directory-2015
04-04-09,NG004003,AN,Umueze-Anam II,umueze-anam-ii,,inec-cvr|inec-pu-directory-2015
04-04-10,NG004003,AN,Umuoba-Anam,umuoba-anam,,inec-cvr|inec-pu-directory-2015
04-05-01,NG004004,AN,Adazi Ani I,adazi-ani-i,,inec-cvr|inec-pu-directory-2015
04-05-02,NG004004,AN,Adazi Ani II,adazi-ani-ii,,inec-cvr|inec-pu-directory-2015
04-05-03,NG004004,AN,Adazi Enu I,adazi-enu-i,,inec-cvr|inec-pu-directory-2015
04-05-04,NG004004,AN,Adazi Enu II,adazi-enu-ii,,inec-cvr|inec-pu-directory-2015
04-05-05,NG004004,AN,Adazi Nnukwu I,adazi-nnukwu-i,,inec-cvr|inec-pu-directory-2015
04-05-06,NG004004,AN,Adazi Nnukwu II,adazi-nnukwu-ii,,inec-cvr|inec-pu-directory-2015
04-05-07,NG004004,AN,Agulu I,agulu-i,,inec-cvr|inec-pu-directory-2015
04-05-08,NG004004,AN,Agulu II,agulu-ii,,inec-cvr|inec-pu-directory-2015
04-05-09,NG004004,AN,Agulu III,agulu-iii,,inec-cvr|inec-pu-directory-2015
04-05-10,NG004004,AN,Agulu IV,agulu-iv,,inec-cvr|inec-pu-directory-2015
04-05-11,NG004004,AN,Agulu Uzoigbo,agulu-uzoigbo,,inec-cvr|inec-pu-directory-2015
04-05-12,NG004004,AN,Akwaeze,akwaeze,,inec-cvr|inec-pu-directory-2015
04-05-13,NG004004,AN,Ichida I,ichida-i,,inec-cvr|inec-pu-directory-2015
04-05-14,NG004004,AN,Ichida II,ichida-ii,,inec-cvr|inec-pu-directory-2015
04-05-15,NG004004,AN,Neni I,neni-i,,inec-cvr|inec-pu-directory-2015
04-05-16,NG004004,AN,Neni II,neni-ii,,inec-cvr|inec-pu-directory-2015
04-05-17,NG004004,AN,Nri I,nri-i,,inec-cvr|inec-pu-directory-2015
04-05-18,NG004004,AN,Nri II,nri-ii,,inec-cvr|inec-pu-directory-2015
04-05-19,NG004004,AN,Obeledu,obeledu,,inec-cvr|inec-pu-directory-2015
04-06-01,NG004005,AN,Achalla I,achalla-i,,inec-cvr|inec-pu-directory-2015
04-06-02,NG004005,AN,Achalla II,achalla-ii,,inec-cvr|inec-pu-directory-2015
04-06-03,NG004005,AN,Achalla III,achalla-iii,,inec-cvr|inec-pu-directory-2015
04-06-04,NG004005,AN,Amansea,amansea,,inec-cvr|inec-pu-directory-2015
04-06-05,NG004005,AN,Amanuke,amanuke,,inec-cvr|inec-pu-directory-2015
04-06-06,NG004005,AN,Awba-Ofemmili,awba-ofemmili,,inec-cvr|inec-pu-directory-2015
04-06-07,NG004005,AN,Ebenebe I,ebenebe-i,,inec-cvr|inec-pu-directory-2015
04-06-08,NG004005,AN,Ebenebe II,ebenebe-ii,,inec-cvr|inec-pu-directory-2015
04-06-09,NG004005,AN,Ebenebe III,ebenebe-iii,,inec-cvr|inec-pu-directory-2015
04-06-10,NG004005,AN,Isu Aniocha,isu-aniocha,,inec-cvr|inec-pu-directory-2015
04-06-11,NG004005,AN,Mgbakwu I (Anezike),mgbakwu-i-anezike,,inec-cvr|inec-pu-directory-2015
04-06-12,NG004005,AN,Ugbene,ugbene,,inec-cvr|inec-pu-directory-2015
04-06-13,NG004005,AN,Ugbenu,ugbenu,,inec-cvr|inec-pu-directory-2015
04-06-14,NG004005,AN,Urum,urum,,inec-cvr|inec-pu-directory-2015
04-07-01,NG004006,AN,Agu Oka,agu-oka,,inec-cvr|inec-pu-directory-2015
04-07-02,NG004006,AN,Amawbia I,amawbia-i,,inec-cvr|inec-pu-directory-2015
04-07-03,NG004006,AN,Amawbia II,amawbia-ii,,inec-cvr|inec-pu-directory-2015
04-07-04,NG004006,AN,Amawbia III,amawbia-iii,,inec-cvr|inec-pu-directory-2015
04-07-05,NG004006,AN,Awka I,awka-i,,inec-cvr|inec-pu-directory-2015
04-07-06,NG004006,AN,Awka II,awka-ii,,inec-cvr|inec-pu-directory-2015
04-07-07,NG004006,AN,Awka III,awka-iii,,inec-cvr|inec-pu-directory-2015
04-07-08,NG004006,AN,Awka IV,awka-iv,,inec-cvr|inec-pu-directory-2015
04-07-09,NG004006,AN,Awka V,awka-v,,inec-cvr|inec-pu-directory-2015
04-07-10,NG004006,AN,Awka VI,awka-vi,,inec-cvr|inec-pu-directory-2015
04-07-11,NG004006,AN,Awka VII,awka-vii,,inec-cvr|inec-pu-directory-2015
04-07-12,NG004006,AN,Ezinato/Isiagu,ezinato-isiagu,,inec-cvr|inec-pu-directory-2015
04-07-13,NG004006,AN,Mba-Ukwu,mba-ukwu,,inec-cvr|inec-pu-directory-2015
04-07-14,NG004006,AN,Nibo I,nibo-i,,inec-cvr|inec-pu-directory-2015
04-07-15,NG004006,AN,Nibo II,nibo-ii,,inec-cvr|inec-pu-directory-2015
04-07-16,NG004006,AN,Nibo III,nibo-iii,,inec-cvr|inec-pu-directory-2015
04-07-17,NG004006,AN,Nise I,nise-i,,inec-cvr|inec-pu-directory-2015
04-07-18,NG004006,AN,Nise II,nise-ii,,inec-cvr|inec-pu-directory-2015
04-07-19,NG004006,AN,Okpuno,okpuno,,inec-cvr|inec-pu-directory-2015
04-07-20,NG004006,AN,Umuawulu,umuawulu,,inec-cvr|inec-pu-directory-2015
04-08-01,NG004008,AN,Akwa,akwa,,inec-cvr|inec-pu-directory-2015
04-08-02,NG004008,AN,Ifitedunu I,ifitedunu-i,,inec-cvr|inec-pu-directory-2015
04-08-03,NG004008,AN,Ifitedunu II,ifitedunu-ii,,inec-cvr|inec-pu-directory-2015
04-08-04,NG004008,AN,Nawgu I,nawgu-i,,inec-cvr|inec-pu-directory-2015
04-08-05,NG004008,AN,Nawgu II,nawgu-ii,,inec-cvr|inec-pu-directory-2015
04-08-06,NG004008,AN,Ukpo I,ukpo-i,,inec-cvr|inec-pu-directory-2015
04-08-07,NG004008,AN,Ukpo II,ukpo-ii,,inec-cvr|inec-pu-directory-2015
04-08-08,NG004008,AN,Ukpo III,ukpo-iii,,inec-cvr|inec-pu-directory-2015
04-08-09,NG004008,AN,Ukwulu I,ukwulu-i,,inec-cvr|inec-pu-directory-2015
04-08-10,NG004008,AN,Ukwulu II,ukwulu-ii,,inec-cvr|inec-pu-directory-2015
04-08-11,NG004008,AN,Umudioka I,umudioka-i,,inec-cvr|inec-pu-directory-2015
04-08-12,NG004008,AN,Umudioka II,umudioka-ii,,inec-cvr|inec-pu-directory-2015
04-08-13,NG004008,AN,Umunnachi I,umunnachi-i,,inec-cvr|inec-pu-directory-2015
04-08-14,NG004008,AN,Umunnachi II,umunnachi-ii,,inec-cvr|inec-pu-directory-2015
04-09-01,NG004009,AN,Ichi,ichi,,inec-cvr|inec-pu-directory-2015
04-09-02,NG004009,AN,Ihembosi/Anaubahu,ihembosi-anaubahu,,inec-cvr|inec-pu-directory-2015
04-09-03,NG004009,AN,Oraifite I,oraifite-i,,inec-cvr|inec-pu-directory-2015
04-09-04,NG004009,AN,Oraifite II,oraifite-ii,,inec-cvr|inec-pu-directory-2015
04-09-05,NG004009,AN,Oraifite III,oraifite-iii,,inec-cvr|inec-pu-directory-2015
04-09-06,NG004009,AN,Ozubulu I,ozubulu-i,,inec-cvr|inec-pu-directory-2015
04-09-07,NG004009,AN,Ozubulu II,ozubulu-ii,,inec-cvr|inec-pu-directory-2015
04-09-08,NG004009,AN,Ozubulu III,ozubulu-iii,,inec-cvr|inec-pu-directory-2015
04-09-09,NG004009,AN,Ozubulu IV,ozubulu-iv,,inec-cvr|inec-pu-directory-2015
04-09-10,NG004009,AN,Ozubulu V,ozubulu-v,,inec-cvr|inec-pu-directory-2015
04-09-11,NG004009,AN,Amakwa II,amakwa-ii,,inec-cvr|inec-pu-directory-2015
04-09-12,NG004009,AN,Ihiteoha,ihiteoha,,inec-cvr|inec-pu-directory-2015
04-10-01,NG004010,AN,Abacha,abacha,,inec-cvr|inec-pu-directory-2015
04-10-02,NG004010,AN,Abatete,abatete,,inec-cvr|inec-pu-directory-2015
04-10-03,NG004010,AN,Eziowelle,eziowelle,,inec-cvr|inec-pu-directory-2015
04-10-04,NG004010,AN,Ideani,ideani,,inec-cvr|inec-pu-directory-2015
04-10-05,NG004010,AN,Nkpor I,nkpor-i,,inec-cvr|inec-pu-directory-2015
04-10-06,NG004010,AN,Nkpor II,nkpor-ii,,inec-cvr|inec-pu-directory-2015
04-10-07,NG004010,AN,Obosi,obosi,,inec-cvr|inec-pu-directory-2015
04-10-08,NG004010,AN,Ogidi I,ogidi-i,,inec-cvr|inec-pu-directory-2015
04-10-09,NG004010,AN,Ogidi II,ogidi-ii,,inec-cvr|inec-pu-directory-2015
04-10-10,NG004010,AN,Oraukwu,oraukwu,,inec-cvr|inec-pu-directory-2015
04-10-11,NG004010,AN,Uke,uke,,inec-cvr|inec-pu-directory-2015
04-10-12,NG004010,AN,Umuoji,umuoji,,inec-cvr|inec-pu-directory-2015
04-11-01,NG004011,AN,Akwukwu,akwukwu,,inec-cvr|inec-pu-directory-2015
04-11-02,NG004011,AN,Alor I,alor-i,,inec-cvr|inec-pu-directory-2015
04-11-03,NG004011,AN,Alor II,alor-ii,,inec-cvr|inec-pu-directory-2015
04-11-04,NG004011,AN,Awka-Etiti I,awka-etiti-i,,inec-cvr|inec-pu-directory-2015
04-11-05,NG004011,AN,Awka-Etiti II,awka-etiti-ii,,inec-cvr|inec-pu-directory-2015
04-11-06,NG004011,AN,Nnobi I,nnobi-i,,inec-cvr|inec-pu-directory-2015
04-11-07,NG004011,AN,Nnobi II,nnobi-ii,,inec-cvr|inec-pu-directory-2015
04-11-08,NG004011,AN,Nnobi III,nnobi-iii,,inec-cvr|inec-pu-directory-2015
04-11-09,NG004011,AN,Nnokwa,nnokwa,,inec-cvr|inec-pu-directory-2015
04-11-10,NG004011,AN,Oba I,oba-i,,inec-cvr|inec-pu-directory-2015
04-11-11,NG004011,AN,Oba II,oba-ii,,inec-cvr|inec-pu-directory-2015
04-11-12,NG004011,AN,Ojoto,ojoto,,inec-cvr|inec-pu-directory-2015
04-12-01,NG004012,AN,Amamu I,amamu-i,,inec-cvr|inec-pu-directory-2015
04-12-02,NG004012,AN,Amamu II,amamu-ii,,inec-cvr|inec-pu-directory-2015
04-12-03,NG004012,AN,Amorka,amorka,,inec-cvr|inec-pu-directory-2015
04-12-04,NG004012,AN,Azia,azia,,inec-cvr|inec-pu-directory-2015
04-12-05,NG004012,AN,Ihite.,ihite,,inec-cvr|inec-pu-directory-2015
04-12-06,NG004012,AN,Isseke,isseke,,inec-cvr|inec-pu-directory-2015
04-12-07,NG004012,AN,Ogbolo,ogbolo,,inec-cvr|inec-pu-directory-2015
04-12-08,NG004012,AN,Okija I,okija-i,,inec-cvr|inec-pu-directory-2015
04-12-09,NG004012,AN,Okija II,okija-ii,,inec-cvr|inec-pu-directory-2015
04-12-10,NG004012,AN,Okija III,okija-iii,,inec-cvr|inec-pu-directory-2015
04-12-11,NG004012,AN,Okija IV,okija-iv,,inec-cvr|inec-pu-directory-2015
04-12-12,NG004012,AN,Okija V,okija-v,,inec-cvr|inec-pu-directory-2015
04-12-13,NG004012,AN,Orsumoghu,orsumoghu,,inec-cvr|inec-pu-directory-2015
04-12-14,NG004012,AN,Ubuluisiuzor,ubuluisiuzor,,inec-cvr|inec-pu-directory-2015
04-12-15,NG004012,AN,Uli I,uli-i,,inec-cvr|inec-pu-directory-2015
04-12-16,NG004012,AN,Uli II,uli-ii,,inec-cvr|inec-pu-directory-2015
04-12-17,NG004012,AN,Uli III,uli-iii,,inec-cvr|inec-pu-directory-2015
04-12-18,NG004012,AN,Lilu,lilu,,inec-cvr|inec-pu-directory-2015
04-12-19,NG004012,AN,Uzoakwa,uzoakwa,,inec-cvr|inec-pu-directory-2015
04-12-20,NG004012,AN,Mbosi,mbosi,,inec-cvr|inec-pu-directory-2015
04-13-01,NG004013,AN,Abba I,abba-i,,inec-cvr|inec-pu-directory-2015
04-13-02,NG004013,AN,Abba II,abba-ii,,inec-cvr|inec-pu-directory-2015
04-13-03,NG004013,AN,Abagana I,abagana-i,,inec-cvr|inec-pu-directory-2015
04-13-04,NG004013,AN,Abagana II,abagana-ii,Abagan II,inec-cvr|inec-pu-directory-2015
04-13-05,NG004013,AN,Abagana III,abagana-iii,,inec-cvr|inec-pu-directory-2015
04-13-06,NG004013,AN,Abagana IV,abagana-iv,,inec-cvr|inec-pu-directory-2015
04-13-07,NG004013,AN,Enugwu-Agidi I,enugwu-agidi-i,,inec-cvr|inec-pu-directory-2015
04-13-08,NG004013,AN,Enugwu-Agidi II,enugwu-agidi-ii,,inec-cvr|inec-pu-directory-2015
04-13-09,NG004013,AN,Enugwu Ukwu I,enugwu-ukwu-i,,inec-cvr|inec-pu-directory-2015
04-13-10,NG004013,AN,Enugwu Ukwu II,enugwu-ukwu-ii,,inec-cvr|inec-pu-directory-2015
04-13-11,NG004013,AN,Enugwu Ukwu III,enugwu-ukwu-iii,,inec-cvr|inec-pu-directory-2015
04-13-12,NG004013,AN,Enugwu Ukwu IV,enugwu-ukwu-iv,Enugwu Ukwu V,inec-cvr|inec-pu-directory-2015
04-13-13,NG004013,AN,Nawfia I,nawfia-i,,inec-cvr|inec-pu-directory-2015
04-13-14,NG004013,AN,Nawfia II,nawfia-ii,,inec-cvr|inec-pu-directory-2015
04-13-15,NG004013,AN,Nimo I,nimo-i,,inec-cvr|inec-pu-directory-2015
04-13-16,NG004013,AN,Nimo II,nimo-ii,,inec-cvr|inec-pu-directory-2015
04-13-17,NG004013,AN,Nimo III,nimo-iii,,inec-cvr|inec-pu-directory-2015
04-13-18,NG004013,AN,Nimo IV,nimo-iv,,inec-cvr|inec-pu-directory-2015
04-14-01,NG004014,AN,Nnewi-Ichi I,nnewi-ichi-i,,inec-cvr|inec-pu-directory-2015
04-14-02,NG004014,AN,Nnewi-Ichi II,nnewi-ichi-ii,,inec-cvr|inec-pu-directory-2015
04-14-03,NG004014,AN,Otolo I,otolo-i,,inec-cvr|inec-pu-directory-2015
04-14-04,NG004014,AN,Otolo II,otolo-ii,,inec-cvr|inec-pu-directory-2015
04-14-05,NG004014,AN,Otolo III,otolo-iii,,inec-cvr|inec-pu-directory-2015
04-14-06,NG004014,AN,Umudim I,umudim-i,,inec-cvr|inec-pu-directory-2015
04-14-07,NG004014,AN,Umudim II,umudim-ii,,inec-cvr|inec-pu-directory-2015
04-14-08,NG004014,AN,Uruagu I,uruagu-i,,inec-cvr|inec-pu-directory-2015
04-14-09,NG004014,AN,Uruagu II,uruagu-ii,,inec-cvr|inec-pu-directory-2015
04-14-10,NG004014,AN,Uruagu III,uruagu-iii,,inec-cvr|inec-pu-directory-2015
04-15-01,NG004015,AN,Akwa-Ihedi,akwa-ihedi,,inec-cvr|inec-pu-directory-2015
04-15-02,NG004015,AN,Amichi I,amichi-i,,inec-cvr|inec-pu-directory-2015
04-15-03,NG004015,AN,Amichi II,amichi-ii,,inec-cvr|inec-pu-directory-2015
04-15-04,NG004015,AN,Amichi III,amichi-iii,,inec-cvr|inec-pu-directory-2015
04-15-05,NG004015,AN,Azuigbo,azuigbo,,inec-cvr|inec-pu-directory-2015
04-15-06,NG004015,AN,Ebenator,ebenator,,inec-cvr|inec-pu-directory-2015
04-15-07,NG004015,AN,Ekwulumili,ekwulumili,,inec-cvr|inec-pu-directory-2015
04-15-08,NG004015,AN,Ezinifite-I,ezinifite-i,,inec-cvr|inec-pu-directory-2015
04-15-09,NG004015,AN,Ezinifite-II,ezinifite-ii,,inec-cvr|inec-pu-directory-2015
04-15-10,NG004015,AN,Ezinifite III,ezinifite-iii,,inec-cvr|inec-pu-directory-2015
04-15-11,NG004015,AN,Osumenyi I,osumenyi-i,,inec-cvr|inec-pu-directory-2015
04-15-12,NG004015,AN,Osumenyi II,osumenyi-ii,,inec-cvr|inec-pu-directory-2015
04-15-13,NG004015,AN,Ukpor I,ukpor-i,,inec-cvr|inec-pu-directory-2015
04-15-14,NG004015,AN,Ukpor II,ukpor-ii,,inec-cvr|inec-pu-directory-2015
04-15-15,NG004015,AN,Ukpor III,ukpor-iii,,inec-cvr|inec-pu-directory-2015
04-15-16,NG004015,AN,Ukpor IV,ukpor-iv,,inec-cvr|inec-pu-directory-2015
04-15-17,NG004015,AN,Ukpor V,ukpor-v,,inec-cvr|inec-pu-directory-2015
04-15-18,NG004015,AN,Ukpor VI,ukpor-vi,,inec-cvr|inec-pu-directory-2015
04-15-19,NG004015,AN,Unubi,unubi,,inec-cvr|inec-pu-directory-2015
04-15-20,NG004015,AN,Utuh,utuh,,inec-cvr|inec-pu-directory-2015
04-16-01,NG004016,AN,Akili Ogidi/Obeagwe,akili-ogidi-obeagwe,,inec-cvr|inec-pu-directory-2015
04-16-02,NG004016,AN,Akili-Ozizor,akili-ozizor,,inec-cvr|inec-pu-directory-2015
04-16-03,NG004016,AN,Atani I,atani-i,,inec-cvr|inec-pu-directory-2015
04-16-04,NG004016,AN,Atani II,atani-ii,,inec-cvr|inec-pu-directory-2015
04-16-05,NG004016,AN,Iyiowa/Odekpe/Ohita,iyiowa-odekpe-ohita,,inec-cvr|inec-pu-directory-2015
04-16-06,NG004016,AN,Ochuche-Umuodu/Ogbakuba/Amiyi,ochuche-umuodu-ogbakuba-amiyi,,inec-cvr|inec-pu-directory-2015
04-16-07,NG004016,AN,Ogwuaniocha,ogwuaniocha,,inec-cvr|inec-pu-directory-2015
04-16-08,NG004016,AN,Ogwu-Ikpele,ogwu-ikpele,,inec-cvr|inec-pu-directory-2015
04-16-09,NG004016,AN,Okpoko I,okpoko-i,,inec-cvr|inec-pu-directory-2015
04-16-10,NG004016,AN,Okpoko II,okpoko-ii,,inec-cvr|inec-pu-directory-2015
04-16-11,NG004016,AN,Okpoko III,okpoko-iii,,inec-cvr|inec-pu-directory-2015
04-16-12,NG004016,AN,Okpoko IV,okpoko-iv,,inec-cvr|inec-pu-directory-2015
04-16-13,NG004016,AN,Okpoko V,okpoko-v,,inec-cvr|inec-pu-directory-2015
04-16-14,NG004016,AN,Okpoko VI,okpoko-vi,,inec-cvr|inec-pu-directory-2015
04-16-15,NG004016,AN,Ossomala,ossomala,,inec-cvr|inec-pu-directory-2015
04-16-16,NG004016,AN,Umunankwo/Mputu,umunankwo-mputu,,inec-cvr|inec-pu-directory-2015
04-17-01,NG004017,AN,American Quarters,american-quarters,,inec-cvr|inec-pu-directory-2015
04-17-02,NG004017,AN,G.R.A,g-r-a,,inec-cvr|inec-pu-directory-2015
04-17-03,NG004017,AN,Inland Town I,inland-town-i,,inec-cvr|inec-pu-directory-2015
04-17-04,NG004017,AN,Inland Town II,inland-town-ii,,inec-cvr|inec-pu-directory-2015
04-17-05,NG004017,AN,Inland Town III,inland-town-iii,,inec-cvr|inec-pu-directory-2015
04-17-06,NG004017,AN,Inland Town IV,inland-town-iv,,inec-cvr|inec-pu-directory-2015
04-17-07,NG004017,AN,Inland Town V,inland-town-v,,inec-cvr|inec-pu-directory-2015
04-17-08,NG004017,AN,Inland Town VI,inland-town-vi,,inec-cvr|inec-pu-directory-2015
04-17-09,NG004017,AN,Inland Town VII,inland-town-vii,,inec-cvr|inec-pu-directory-2015
04-17-10,NG004017,AN,Inland Town VIII,inland-town-viii,,inec-cvr|inec-pu-directory-2015
04-17-11,NG004017,AN,Ogbe Umuonicha,ogbe-umuonicha,,inec-cvr|inec-pu-directory-2015
04-17-12,NG004017,AN,Trans Nkisi,trans-nkisi,,inec-cvr|inec-pu-directory-2015
04-17-13,NG004017,AN,Water-Side Central I,water-side-central-i,,inec-cvr|inec-pu-directory-2015
04-17-14,NG004017,AN,Water-Side Central II,water-side-central-ii,,inec-cvr|inec-pu-directory-2015
04-17-15,NG004017,AN,Woluwo Layout,woluwo-layout,,inec-cvr|inec-pu-directory-2015
04-18-01,NG004018,AN,Bridge Head I,bridge-head-i,,inec-cvr|inec-pu-directory-2015
04-18-02,NG004018,AN,Bridge Head II,bridge-head-ii,,inec-cvr|inec-pu-directory-2015
04-18-03,NG004018,AN,Bridge Head III,bridge-head-iii,,inec-cvr|inec-pu-directory-2015
04-18-04,NG004018,AN,Fegge I,fegge-i,,inec-cvr|inec-pu-directory-2015
04-18-05,NG004018,AN,Fegge II,fegge-ii,,inec-cvr|inec-pu-directory-2015
04-18-06,NG004018,AN,Fegge III,fegge-iii,,inec-cvr|inec-pu-directory-2015
04-18-07,NG004018,AN,Fegge IV,fegge-iv,,inec-cvr|inec-pu-directory-2015
04-18-08,NG004018,AN,Fegge V,fegge-v,,inec-cvr|inec-pu-directory-2015
04-18-09,NG004018,AN,Fegge VI,fegge-vi,,inec-cvr|inec-pu-directory-2015
04-18-10,NG004018,AN,Fegge VII,fegge-vii,,inec-cvr|inec-pu-directory-2015
04-18-11,NG004018,AN,Odoakpu I,odoakpu-i,,inec-cvr|inec-pu-directory-2015
04-18-12,NG004018,AN,Odoakpu II,odoakpu-ii,,inec-cvr|inec-pu-directory-2015
04-18-13,NG004018,AN,Odoakpu III,odoakpu-iii,,inec-cvr|inec-pu-directory-2015
04-18-14,NG004018,AN,Odoakpu IV,odoakpu-iv,,inec-cvr|inec-pu-directory-2015
04-18-15,NG004018,AN,Odoakpu V,odoakpu-v,,inec-cvr|inec-pu-directory-2015
04-18-16,NG004018,AN,Odoakpu VI,odoakpu-vi,,inec-cvr|inec-pu-directory-2015
04-18-17,NG004018,AN,Odoakpu VII,odoakpu-vii,,inec-cvr|inec-pu-directory-2015
04-19-01,NG004019,AN,Ajalli I (Obinikpa And Umueve),ajalli-i-obinikpa-and-umueve,,inec-cvr|inec-pu-directory-2015
04-19-02,NG004019,AN,Ajalli II (Umuabiama And Amaga),ajalli-ii-umuabiama-and-amaga,,inec-cvr|inec-pu-directory-2015
04-19-03,NG004019,AN,Amaetiti,amaetiti,,inec-cvr|inec-pu-directory-2015
04-19-04,NG004019,AN,Amaokpala/Omogho,amaokpala-omogho,,inec-cvr|inec-pu-directory-2015
04-19-05,NG004019,AN,Awa,awa,,inec-cvr|inec-pu-directory-2015
04-19-06,NG004019,AN,Awgbu I,awgbu-i,,inec-cvr|inec-pu-directory-2015
04-19-07,NG004019,AN,Awgbu II,awgbu-ii,,inec-cvr|inec-pu-directory-2015
04-19-08,NG004019,AN,Nanka I,nanka-i,,inec-cvr|inec-pu-directory-2015
04-19-09,NG004019,AN,Nanka II,nanka-ii,,inec-cvr|inec-pu-directory-2015
04-19-10,NG004019,AN,Ndikelionwu,ndikelionwu,,inec-cvr|inec-pu-directory-2015
04-19-11,NG004019,AN,Ndiokolo/Ndiokpaleke,ndiokolo-ndiokpaleke,,inec-cvr|inec-pu-directory-2015
04-19-12,NG004019,AN,Ndiowu,ndiowu,,inec-cvr|inec-pu-directory-2015
04-19-13,NG004019,AN,Ndiukwuenu/Okpeze,ndiukwuenu-okpeze,,inec-cvr|inec-pu-directory-2015
04-19-14,NG004019,AN,Oko I,oko-i,,inec-cvr|inec-pu-directory-2015
04-19-15,NG004019,AN,Oko II,oko-ii,,inec-cvr|inec-pu-directory-2015
04-19-16,NG004019,AN,Ndi Okpalaeze,ndi-okpalaeze,,inec-cvr|inec-pu-directory-2015
04-19-17,NG004019,AN,Ufuma I,ufuma-i,,inec-cvr|inec-pu-directory-2015
04-19-18,NG004019,AN,Ufuma II,ufuma-ii,,inec-cvr|inec-pu-directory-2015
04-20-01,NG004020,AN,Agbudu,agbudu,,inec-cvr|inec-pu-directory-2015
04-20-02,NG004020,AN,Akpu,akpu,,inec-cvr|inec-pu-directory-2015
04-20-03,NG004020,AN,Enugu/Umonyia,enugu-umonyia,,inec-cvr|inec-pu-directory-2015
04-20-04,NG004020,AN,Eziagu,eziagu,,inec-cvr|inec-pu-directory-2015
04-20-05,NG004020,AN,Ezira,ezira,,inec-cvr|inec-pu-directory-2015
04-20-06,NG004020,AN,Ihite,ihite,,inec-cvr|inec-pu-directory-2015
04-20-07,NG004020,AN,Isulo,isulo,,inec-cvr|inec-pu-directory-2015
04-20-08,NG004020,AN,Nawfija,nawfija,,inec-cvr|inec-pu-directory-2015
04-20-09,NG004020,AN,Umuchukwu,umuchukwu,Nkerehi,inec-cvr|inec-pu-directory-2015
04-20-10,NG004020,AN,Ogboji,ogboji,,inec-cvr|inec-pu-directory-2015
04-20-11,NG004020,AN,Ogbunka I,ogbunka-i,,inec-cvr|inec-pu-directory-2015
04-20-12,NG004020,AN,Ogbunka II,ogbunka-ii,,inec-cvr|inec-pu-directory-2015
04-20-13,NG004020,AN,Owerre-Ezukala I,owerre-ezukala-i,,inec-cvr|inec-pu-directory-2015
04-20-14,NG004020,AN,Owerre-Ezukala II,owerre-ezukala-ii,,inec-cvr|inec-pu-directory-2015
04-20-15,NG004020,AN,Umunze I,umunze-i,,inec-cvr|inec-pu-directory-2015
04-20-16,NG004020,AN,Umunze II,umunze-ii,,inec-cvr|inec-pu-directory-2015
04-20-17,NG004020,AN,Umunze III,umunze-iii,,inec-cvr|inec-pu-directory-2015
04-20-18,NG004020,AN,Umuomaku,umuomaku,,inec-cvr|inec-pu-directory-2015
04-21-01,NG004021,AN,Awkuzu I,awkuzu-i,,inec-cvr|inec-pu-directory-2015
04-21-02,NG004021,AN,Awkuzu II,awkuzu-ii,,inec-cvr|inec-pu-directory-2015
04-21-03,NG004021,AN,Awkuzu III,awkuzu-iii,,inec-cvr|inec-pu-directory-2015
04-21-04,NG004021,AN,Awkuzu IV,awkuzu-iv,,inec-cvr|inec-pu-directory-2015
04-21-05,NG004021,AN,Nteje I,nteje-i,,inec-cvr|inec-pu-directory-2015
04-21-06,NG004021,AN,Nteje II,nteje-ii,,inec-cvr|inec-pu-directory-2015
04-21-07,NG004021,AN,Nteje III,nteje-iii,,inec-cvr|inec-pu-directory-2015
04-21-08,NG004021,AN,Nteje IV,nteje-iv,,inec-cvr|inec-pu-directory-2015
04-21-09,NG004021,AN,Nteje V,nteje-v,,inec-cvr|inec-pu-directory-2015
04-21-10,NG004021,AN,Nkwelle Ezunaka I,nkwelle-ezunaka-i,,inec-cvr|inec-pu-directory-2015
04-21-11,NG004021,AN,Nkwelle Ezunaka II,nkwelle-ezunaka-ii,,inec-cvr|inec-pu-directory-2015
04-21-12,NG004021,AN,Ogbunike I,ogbunike-i,,inec-cvr|inec-pu-directory-2015
04-21-13,NG004021,AN,Ogbunike II,ogbunike-ii,,inec-cvr|inec-pu-directory-2015
04-21-14,NG004021,AN,Umunya I,umunya-i,,inec-cvr|inec-pu-directory-2015
04-21-15,NG004021,AN,Umunya II,umunya-ii,,inec-cvr|inec-pu-directory-2015
05-01-01,NG005001,BA,Alkaleri,alkaleri,,inec-cvr|inec-pu-directory-2015
05-01-02,NG005001,BA,Pali,pali,,inec-cvr|inec-pu-directory-2015
05-01-03,NG005001,BA,Gar,gar,,inec-cvr|inec-pu-directory-2015
05-01-04,NG005001,BA,Gwaram,gwaram,,inec-cvr|inec-pu-directory-2015
05-01-05,NG005001,BA,Maimadi,maimadi,,inec-cvr|inec-pu-directory-2015
05-01-06,NG005001,BA,Dan Kungibar,dan-kungibar,,inec-cvr|inec-pu-directory-2015
05-01-07,NG005001,BA,Birin/Gigara/Yankari,birin-gigara-yankari,,inec-cvr|inec-pu-directory-2015
05-01-08,NG005001,BA,Yuli/Lim,yuli-lim,,inec-cvr|inec-pu-directory-2015
05-01-09,NG005001,BA,Futuk,futuk,,inec-cvr|inec-pu-directory-2015
05-01-10,NG005001,BA,Yalo,yalo,,inec-cvr|inec-pu-directory-2015
05-01-11,NG005001,BA,Gwana/Mansur,gwana-mansur,,inec-cvr|inec-pu-directory-2015
05-02-01,NG005002,BA,Majidadi 'A',majidadi-a,,inec-cvr|inec-pu-directory-2015
05-02-02,NG005002,BA,Majidadi 'B',majidadi-b,,inec-cvr|inec-pu-directory-2015
05-02-03,NG005002,BA,Makama/Sarki Baki,makama-sarki-baki,,inec-cvr|inec-pu-directory-2015
05-02-04,NG005002,BA,Zungur/Liman Katagum,zungur-liman-katagum,,inec-cvr|inec-pu-directory-2015
05-02-05,NG005002,BA,Mun/Munsal,mun-munsal,,inec-cvr|inec-pu-directory-2015
05-02-06,NG005002,BA,Dandango/Yamrat,dandango-yamrat,,inec-cvr|inec-pu-directory-2015
05-02-07,NG005002,BA,Birshi/Miri,birshi-miri,,inec-cvr|inec-pu-directory-2015
05-02-08,NG005002,BA,Kundum/Durum,kundum-durum,,inec-cvr|inec-pu-directory-2015
05-02-09,NG005002,BA,Kangyare/Turwun,kangyare-turwun,,inec-cvr|inec-pu-directory-2015
05-02-10,NG005002,BA,Galambi/Gwaskwaram,galambi-gwaskwaram,,inec-cvr|inec-pu-directory-2015
05-02-11,NG005002,BA,Dan'iya Hardo,daniya-hardo,,inec-cvr|inec-pu-directory-2015
05-02-12,NG005002,BA,Dawaki,dawaki,,inec-cvr|inec-pu-directory-2015
05-03-01,NG005003,BA,"Bogoro ""A""",bogoro-a,,inec-cvr|inec-pu-directory-2015
05-03-02,NG005003,BA,"Bogoro ""B""",bogoro-b,,inec-cvr|inec-pu-directory-2015
05-03-03,NG005003,BA,"Bogoro ""C""",bogoro-c,,inec-cvr|inec-pu-directory-2015
05-03-04,NG005003,BA,"Bogoro ""D""",bogoro-d,,inec-cvr|inec-pu-directory-2015
05-03-05,NG005003,BA,"B O I ""A""",b-o-i-a,,inec-cvr|inec-pu-directory-2015
05-03-06,NG005003,BA,"B O I ""B""",b-o-i-b,,inec-cvr|inec-pu-directory-2015
05-03-07,NG005003,BA,"B O I ""C""",b-o-i-c,,inec-cvr|inec-pu-directory-2015
05-03-08,NG005003,BA,"Lusa ""A""",lusa-a,,inec-cvr|inec-pu-directory-2015
05-03-09,NG005003,BA,"Lusa ""B""",lusa-b,,inec-cvr|inec-pu-directory-2015
05-03-10,NG005003,BA,"Lusa ""C""",lusa-c,,inec-cvr|inec-pu-directory-2015
05-04-01,NG005004,BA,Garuza,garuza,,inec-cvr|inec-pu-directory-2015
05-04-02,NG005004,BA,Gurbana,gurbana,,inec-cvr|inec-pu-directory-2015
05-04-03,NG005004,BA,Dambam,dambam,,inec-cvr|inec-pu-directory-2015
05-04-04,NG005004,BA,Yanda,yanda,,inec-cvr|inec-pu-directory-2015
05-04-05,NG005004,BA,Yame,yame,,inec-cvr|inec-pu-directory-2015
05-04-06,NG005004,BA,Dagauda,dagauda,,inec-cvr|inec-pu-directory-2015
05-04-07,NG005004,BA,Gargawa,gargawa,,inec-cvr|inec-pu-directory-2015
05-04-08,NG005004,BA,Zaura,zaura,,inec-cvr|inec-pu-directory-2015
05-04-09,NG005004,BA,Jalam Central,jalam-central,,inec-cvr|inec-pu-directory-2015
05-04-10,NG005004,BA,Jalam East,jalam-east,,inec-cvr|inec-pu-directory-2015
05-05-01,NG005005,BA,Darazo,darazo,,inec-cvr|inec-pu-directory-2015
05-05-02,NG005005,BA,Tauya,tauya,,inec-cvr|inec-pu-directory-2015
05-05-03,NG005005,BA,Gabarin,gabarin,,inec-cvr|inec-pu-directory-2015
05-05-04,NG005005,BA,Konkiyal,konkiyal,,inec-cvr|inec-pu-directory-2015
05-05-05,NG005005,BA,Lago,lago,,inec-cvr|inec-pu-directory-2015
05-05-06,NG005005,BA,Sade,sade,,inec-cvr|inec-pu-directory-2015
05-05-07,NG005005,BA,Lanzai,lanzai,,inec-cvr|inec-pu-directory-2015
05-05-08,NG005005,BA,Yautare,yautare,,inec-cvr|inec-pu-directory-2015
05-05-09,NG005005,BA,Gabciyari,gabciyari,,inec-cvr|inec-pu-directory-2015
05-05-10,NG005005,BA,Wahu,wahu,,inec-cvr|inec-pu-directory-2015
05-05-11,NG005005,BA,Papa,papa,,inec-cvr|inec-pu-directory-2015
05-06-01,NG005006,BA,Bagel/Bajar,bagel-bajar,,inec-cvr|inec-pu-directory-2015
05-06-02,NG005006,BA,Bundot,bundot,,inec-cvr|inec-pu-directory-2015
05-06-03,NG005006,BA,Bununu Central,bununu-central,,inec-cvr|inec-pu-directory-2015
05-06-04,NG005006,BA,Bununu South,bununu-south,,inec-cvr|inec-pu-directory-2015
05-06-05,NG005006,BA,Baraza,baraza,,inec-cvr|inec-pu-directory-2015
05-06-06,NG005006,BA,Dott,dott,,inec-cvr|inec-pu-directory-2015
05-06-07,NG005006,BA,Durr,durr,,inec-cvr|inec-pu-directory-2015
05-06-08,NG005006,BA,Polchi,polchi,,inec-cvr|inec-pu-directory-2015
05-06-09,NG005006,BA,Wandi,wandi,,inec-cvr|inec-pu-directory-2015
05-06-10,NG005006,BA,Zumbul/Lukshi,zumbul-lukshi,,inec-cvr|inec-pu-directory-2015
05-07-01,NG005007,BA,Gamawa,gamawa,,inec-cvr|inec-pu-directory-2015
05-07-02,NG005007,BA,Kafin Romi,kafin-romi,,inec-cvr|inec-pu-directory-2015
05-07-03,NG005007,BA,Gololo,gololo,,inec-cvr|inec-pu-directory-2015
05-07-04,NG005007,BA,Kubdiya,kubdiya,,inec-cvr|inec-pu-directory-2015
05-07-05,NG005007,BA,Alagarno/Jadori,alagarno-jadori,,inec-cvr|inec-pu-directory-2015
05-07-06,NG005007,BA,Tumbi,tumbi,,inec-cvr|inec-pu-directory-2015
05-07-07,NG005007,BA,Udubo,udubo,,inec-cvr|inec-pu-directory-2015
05-07-08,NG005007,BA,Tarmasuwa,tarmasuwa,,inec-cvr|inec-pu-directory-2015
05-07-09,NG005007,BA,Raga,raga,,inec-cvr|inec-pu-directory-2015
05-07-10,NG005007,BA,Gadiya,gadiya,,inec-cvr|inec-pu-directory-2015
05-07-11,NG005007,BA,Zindi,zindi,,inec-cvr|inec-pu-directory-2015
05-08-01,NG005008,BA,Ganjuwa,ganjuwa,,inec-cvr|inec-pu-directory-2015
05-08-02,NG005008,BA,Gungura,gungura,,inec-cvr|inec-pu-directory-2015
05-08-03,NG005008,BA,Kafin Madaki,kafin-madaki,,inec-cvr|inec-pu-directory-2015
05-08-04,NG005008,BA,Kariya,kariya,,inec-cvr|inec-pu-directory-2015
05-08-05,NG005008,BA,Kubi East,kubi-east,,inec-cvr|inec-pu-directory-2015
05-08-06,NG005008,BA,Kubi West,kubi-west,,inec-cvr|inec-pu-directory-2015
05-08-07,NG005008,BA,Miya East,miya-east,,inec-cvr|inec-pu-directory-2015
05-08-08,NG005008,BA,Miya West,miya-west,,inec-cvr|inec-pu-directory-2015
05-08-09,NG005008,BA,Nasarawa North,nasarawa-north,,inec-cvr|inec-pu-directory-2015
05-08-10,NG005008,BA,Nasarawa South,nasarawa-south,,inec-cvr|inec-pu-directory-2015
05-08-11,NG005008,BA,Yali,yali,,inec-cvr|inec-pu-directory-2015
05-09-01,NG005009,BA,Chinkani,chinkani,,inec-cvr|inec-pu-directory-2015
05-09-02,NG005009,BA,Sabon Sara,sabon-sara,,inec-cvr|inec-pu-directory-2015
05-09-03,NG005009,BA,Doguwa Central,doguwa-central,,inec-cvr|inec-pu-directory-2015
05-09-04,NG005009,BA,Doguwa South,doguwa-south,,inec-cvr|inec-pu-directory-2015
05-09-05,NG005009,BA,Giade,giade,,inec-cvr|inec-pu-directory-2015
05-09-06,NG005009,BA,Isawa,isawa,,inec-cvr|inec-pu-directory-2015
05-09-07,NG005009,BA,"U. Zum ""A""",u-zum-a,,inec-cvr|inec-pu-directory-2015
05-09-08,NG005009,BA,"Uzum ""B""",uzum-b,,inec-cvr|inec-pu-directory-2015
05-09-09,NG005009,BA,Zabi,zabi,,inec-cvr|inec-pu-directory-2015
05-09-10,NG005009,BA,Zirrami,zirrami,,inec-cvr|inec-pu-directory-2015
05-10-01,NG005010,BA,Itas,itas,,inec-cvr|inec-pu-directory-2015
05-10-02,NG005010,BA,Mashema,mashema,,inec-cvr|inec-pu-directory-2015
05-10-03,NG005010,BA,Gwarai,gwarai,,inec-cvr|inec-pu-directory-2015
05-10-04,NG005010,BA,Abdallawa/Magarya,abdallawa-magarya,,inec-cvr|inec-pu-directory-2015
05-10-05,NG005010,BA,Buzawa,buzawa,,inec-cvr|inec-pu-directory-2015
05-10-06,NG005010,BA,Bilkicheri,bilkicheri,,inec-cvr|inec-pu-directory-2015
05-10-07,NG005010,BA,Bambal,bambal,,inec-cvr|inec-pu-directory-2015
05-10-08,NG005010,BA,Gadau,gadau,,inec-cvr|inec-pu-directory-2015
05-10-09,NG005010,BA,Kashuri,kashuri,,inec-cvr|inec-pu-directory-2015
05-10-10,NG005010,BA,Zubuki,zubuki,,inec-cvr|inec-pu-directory-2015
05-11-01,NG005011,BA,"Jama'are ""A""",jamaare-a,,inec-cvr|inec-pu-directory-2015
05-11-02,NG005011,BA,"Jama'are ""B""",jamaare-b,,inec-cvr|inec-pu-directory-2015
05-11-03,NG005011,BA,"Jama'are ""C""",jamaare-c,,inec-cvr|inec-pu-directory-2015
05-11-04,NG005011,BA,"Jama'are ""D""",jamaare-d,,inec-cvr|inec-pu-directory-2015
05-11-05,NG005011,BA,"Dogon Jeji ""A""",dogon-jeji-a,,inec-cvr|inec-pu-directory-2015
05-11-06,NG005011,BA,"Dogon Jeji ""B""",dogon-jeji-b,,inec-cvr|inec-pu-directory-2015
05-11-07,NG005011,BA,"Dogon Jeji ""C""",dogon-jeji-c,,inec-cvr|inec-pu-directory-2015
05-11-08,NG005011,BA,Hanafari,hanafari,,inec-cvr|inec-pu-directory-2015
05-11-09,NG005011,BA,Galdimari,galdimari,,inec-cvr|inec-pu-directory-2015
05-11-10,NG005011,BA,Jurara,jurara,,inec-cvr|inec-pu-directory-2015
05-12-01,NG005012,BA,Tsakuwa Kofar Gabas/Kofar Kuka,tsakuwa-kofar-gabas-kofar-kuka,,inec-cvr|inec-pu-directory-2015
05-12-02,NG005012,BA,Nasarawa Bakin Kasuwa,nasarawa-bakin-kasuwa,,inec-cvr|inec-pu-directory-2015
05-12-03,NG005012,BA,Madangala,madangala,,inec-cvr|inec-pu-directory-2015
05-12-04,NG005012,BA,Madara,madara,,inec-cvr|inec-pu-directory-2015
05-12-05,NG005012,BA,Buskuri,buskuri,,inec-cvr|inec-pu-directory-2015
05-12-06,NG005012,BA,Ragwam/Magonshi,ragwam-magonshi,,inec-cvr|inec-pu-directory-2015
05-12-07,NG005012,BA,Gambaki/Bidir,gambaki-bidir,,inec-cvr|inec-pu-directory-2015
05-12-08,NG005012,BA,Chinade,chinade,,inec-cvr|inec-pu-directory-2015
05-12-09,NG005012,BA,Bulkachuwa/Dagaro,bulkachuwa-dagaro,,inec-cvr|inec-pu-directory-2015
05-12-10,NG005012,BA,Yayu,yayu,,inec-cvr|inec-pu-directory-2015
05-12-11,NG005012,BA,Madachi/Gangai,madachi-gangai,,inec-cvr|inec-pu-directory-2015
05-13-01,NG005013,BA,Badara,badara,,inec-cvr|inec-pu-directory-2015
05-13-02,NG005013,BA,Bara,bara,,inec-cvr|inec-pu-directory-2015
05-13-03,NG005013,BA,"Beni ""A""",beni-a,,inec-cvr|inec-pu-directory-2015
05-13-04,NG005013,BA,"Beni ""B""",beni-b,,inec-cvr|inec-pu-directory-2015
05-13-05,NG005013,BA,Dewu Central,dewu-central,,inec-cvr|inec-pu-directory-2015
05-13-06,NG005013,BA,Dewu East,dewu-east,,inec-cvr|inec-pu-directory-2015
05-13-07,NG005013,BA,Kirfi,kirfi,,inec-cvr|inec-pu-directory-2015
05-13-08,NG005013,BA,Shango,shango,,inec-cvr|inec-pu-directory-2015
05-13-09,NG005013,BA,Tubule,tubule,,inec-cvr|inec-pu-directory-2015
05-13-10,NG005013,BA,Wanka,wanka,,inec-cvr|inec-pu-directory-2015
05-14-01,NG005014,BA,Zadawa,zadawa,,inec-cvr|inec-pu-directory-2015
05-14-02,NG005014,BA,Beti,beti,,inec-cvr|inec-pu-directory-2015
05-14-03,NG005014,BA,Jarkasa,jarkasa,,inec-cvr|inec-pu-directory-2015
05-14-04,NG005014,BA,Kukadi/Gundari,kukadi-gundari,,inec-cvr|inec-pu-directory-2015
05-14-05,NG005014,BA,Ajilin/Gugulin,ajilin-gugulin,,inec-cvr|inec-pu-directory-2015
05-14-06,NG005014,BA,Tofu,tofu,,inec-cvr|inec-pu-directory-2015
05-14-07,NG005014,BA,Hardawa,hardawa,,inec-cvr|inec-pu-directory-2015
05-14-08,NG005014,BA,Sarma/Akuyam,sarma-akuyam,,inec-cvr|inec-pu-directory-2015
05-14-09,NG005014,BA,Sirko,sirko,,inec-cvr|inec-pu-directory-2015
05-14-10,NG005014,BA,Gwaram,gwaram,,inec-cvr|inec-pu-directory-2015
05-15-01,NG005015,BA,Ningi,ningi,,inec-cvr|inec-pu-directory-2015
05-15-02,NG005015,BA,Dingis,dingis,,inec-cvr|inec-pu-directory-2015
05-15-03,NG005015,BA,Nasaru,nasaru,,inec-cvr|inec-pu-directory-2015
05-15-04,NG005015,BA,Jangu,jangu,,inec-cvr|inec-pu-directory-2015
05-15-05,NG005015,BA,Balma,balma,,inec-cvr|inec-pu-directory-2015
05-15-06,NG005015,BA,Kudu/Yamma,kudu-yamma,,inec-cvr|inec-pu-directory-2015
05-15-07,NG005015,BA,Tiffi/Guda,tiffi-guda,,inec-cvr|inec-pu-directory-2015
05-15-08,NG005015,BA,Burra/Kyata,burra-kyata,,inec-cvr|inec-pu-directory-2015
05-15-09,NG005015,BA,Sama,sama,,inec-cvr|inec-pu-directory-2015
05-15-10,NG005015,BA,Bashe,bashe,,inec-cvr|inec-pu-directory-2015
05-15-11,NG005015,BA,Kurmi,kurmi,,inec-cvr|inec-pu-directory-2015
05-16-01,NG005016,BA,Andubun,andubun,,inec-cvr|inec-pu-directory-2015
05-16-02,NG005016,BA,Sambuwal,sambuwal,,inec-cvr|inec-pu-directory-2015
05-16-03,NG005016,BA,Bukul/Bangire,bukul-bangire,,inec-cvr|inec-pu-directory-2015
05-16-04,NG005016,BA,Disina,disina,,inec-cvr|inec-pu-directory-2015
05-16-05,NG005016,BA,Faggo,faggo,,inec-cvr|inec-pu-directory-2015
05-16-06,NG005016,BA,Beli/Gagidaba,beli-gagidaba,,inec-cvr|inec-pu-directory-2015
05-16-07,NG005016,BA,Kilbori,kilbori,,inec-cvr|inec-pu-directory-2015
05-16-08,NG005016,BA,Shira,shira,,inec-cvr|inec-pu-directory-2015
05-16-09,NG005016,BA,Tsafi,tsafi,,inec-cvr|inec-pu-directory-2015
05-16-10,NG005016,BA,Tumfafi,tumfafi,,inec-cvr|inec-pu-directory-2015
05-16-11,NG005016,BA,Zubo,zubo,,inec-cvr|inec-pu-directory-2015
05-17-01,NG005017,BA,"Kardam ""A""",kardam-a,,inec-cvr|inec-pu-directory-2015
05-17-02,NG005017,BA,"Kardam ""B""",kardam-b,,inec-cvr|inec-pu-directory-2015
05-17-03,NG005017,BA,Lere North,lere-north,,inec-cvr|inec-pu-directory-2015
05-17-04,NG005017,BA,Lere South,lere-south,,inec-cvr|inec-pu-directory-2015
05-17-05,NG005017,BA,Tapshin,tapshin,,inec-cvr|inec-pu-directory-2015
05-17-06,NG005017,BA,Wai,wai,,inec-cvr|inec-pu-directory-2015
05-17-07,NG005017,BA,Ball,ball,,inec-cvr|inec-pu-directory-2015
05-17-08,NG005017,BA,Bula,bula,,inec-cvr|inec-pu-directory-2015
05-17-09,NG005017,BA,Dajin,dajin,,inec-cvr|inec-pu-directory-2015
05-17-10,NG005017,BA,Dull,dull,,inec-cvr|inec-pu-directory-2015
05-17-11,NG005017,BA,Bununu,bununu,,inec-cvr|inec-pu-directory-2015
05-18-01,NG005018,BA,Toro/Tulai,toro-tulai,,inec-cvr|inec-pu-directory-2015
05-18-02,NG005018,BA,Tilden Fulani,tilden-fulani,,inec-cvr|inec-pu-directory-2015
05-18-03,NG005018,BA,Ribina,ribina,,inec-cvr|inec-pu-directory-2015
05-18-04,NG005018,BA,Mara/Palama,mara-palama,,inec-cvr|inec-pu-directory-2015
05-18-05,NG005018,BA,Rauta/Geji,rauta-geji,,inec-cvr|inec-pu-directory-2015
05-18-06,NG005018,BA,Jama'a/Zaranda,jamaa-zaranda,,inec-cvr|inec-pu-directory-2015
05-18-07,NG005018,BA,Lame,lame,,inec-cvr|inec-pu-directory-2015
05-18-08,NG005018,BA,Wonu,wonu,,inec-cvr|inec-pu-directory-2015
05-18-09,NG005018,BA,Zalau/Rishi,zalau-rishi,,inec-cvr|inec-pu-directory-2015
05-18-10,NG005018,BA,Tama,tama,,inec-cvr|inec-pu-directory-2015
05-18-11,NG005018,BA,Rahama,rahama,,inec-cvr|inec-pu-directory-2015
05-19-01,NG005019,BA,Baima North/West,baima-north-west,,inec-cvr|inec-pu-directory-2015
05-19-02,NG005019,BA,Baima South/East,baima-south-east,,inec-cvr|inec-pu-directory-2015
05-19-03,NG005019,BA,Dagu East,dagu-east,,inec-cvr|inec-pu-directory-2015
05-19-04,NG005019,BA,Dagu West,dagu-west,,inec-cvr|inec-pu-directory-2015
05-19-05,NG005019,BA,Gabanga,gabanga,,inec-cvr|inec-pu-directory-2015
05-19-06,NG005019,BA,Katanga,katanga,,inec-cvr|inec-pu-directory-2015
05-19-07,NG005019,BA,Ranga,ranga,,inec-cvr|inec-pu-directory-2015
05-19-08,NG005019,BA,Tiyin,tiyin,,inec-cvr|inec-pu-directory-2015
05-19-09,NG005019,BA,Tudun Wada East,tudun-wada-east,,inec-cvr|inec-pu-directory-2015
05-19-10,NG005019,BA,Tudun Wada West,tudun-wada-west,,inec-cvr|inec-pu-directory-2015
05-20-01,NG005020,BA,Bursali,bursali,,inec-cvr|inec-pu-directory-2015
05-20-02,NG005020,BA,Katagum,katagum,,inec-cvr|inec-pu-directory-2015
05-20-03,NG005020,BA,Tashena/Gadai,tashena-gadai,,inec-cvr|inec-pu-directory-2015
05-20-04,NG005020,BA,Makawa,makawa,,inec-cvr|inec-pu-directory-2015
05-20-05,NG005020,BA,Sakwa,sakwa,,inec-cvr|inec-pu-directory-2015
05-20-06,NG005020,BA,Gumai,gumai,,inec-cvr|inec-pu-directory-2015
05-20-07,NG005020,BA,Murmur North,murmur-north,,inec-cvr|inec-pu-directory-2015
05-20-08,NG005020,BA,Murmur South,murmur-south,,inec-cvr|inec-pu-directory-2015
05-20-09,NG005020,BA,Alangawari/Kafin/Larabawa,alangawari-kafin-larabawa,,inec-cvr|inec-pu-directory-2015
05-20-10,NG005020,BA,Maiwa,maiwa,,inec-cvr|inec-pu-directory-2015
05-20-11,NG005020,BA,Mainako,mainako,,inec-cvr|inec-pu-directory-2015
06-01-01,NG006001,BY,Brass I,brass-i,,inec-cvr|inec-pu-directory-2015
06-01-02,NG006001,BY,Brass Ward II,brass-ward-ii,,inec-cvr|inec-pu-directory-2015
06-01-03,NG006001,BY,Ewoama/Fantuo,ewoama-fantuo,,inec-cvr|inec-pu-directory-2015
06-01-04,NG006001,BY,Okpoama,okpoama,,inec-cvr|inec-pu-directory-2015
06-01-05,NG006001,BY,Odioma/Diema,odioma-diema,,inec-cvr|inec-pu-directory-2015
06-01-06,NG006001,BY,Cape Farmosa,cape-farmosa,,inec-cvr|inec-pu-directory-2015
06-01-07,NG006001,BY,Kongho,kongho,Konsho,inec-cvr|inec-pu-directory-2015
06-01-08,NG006001,BY,Oginibiri,oginibiri,Os-Inibiri,inec-cvr|inec-pu-directory-2015
06-01-09,NG006001,BY,Minibie,minibie,,inec-cvr|inec-pu-directory-2015
06-01-10,NG006001,BY,Sangana,sangana,,inec-cvr|inec-pu-directory-2015
06-02-01,NG006002,BY,Tarakiri,tarakiri,,inec-cvr|inec-pu-directory-2015
06-02-02,NG006002,BY,Oyiakiri I,oyiakiri-i,,inec-cvr|inec-pu-directory-2015
06-02-03,NG006002,BY,Oyiakiri II,oyiakiri-ii,,inec-cvr|inec-pu-directory-2015
06-02-04,NG006002,BY,Oyiakiri III,oyiakiri-iii,,inec-cvr|inec-pu-directory-2015
06-02-05,NG006002,BY,Oyiakiri IV,oyiakiri-iv,,inec-cvr|inec-pu-directory-2015
06-02-06,NG006002,BY,Oporomor I,oporomor-i,,inec-cvr|inec-pu-directory-2015
06-02-07,NG006002,BY,Oporomor II,oporomor-ii,,inec-cvr|inec-pu-directory-2015
06-02-08,NG006002,BY,Oporomor III,oporomor-iii,,inec-cvr|inec-pu-directory-2015
06-02-09,NG006002,BY,Oporomor IV,oporomor-iv,,inec-cvr|inec-pu-directory-2015
06-02-10,NG006002,BY,Oporomor V,oporomor-v,,inec-cvr|inec-pu-directory-2015
06-02-11,NG006002,BY,Eduwini I,eduwini-i,,inec-cvr|inec-pu-directory-2015
06-02-12,NG006002,BY,Eduwini II,eduwini-ii,,inec-cvr|inec-pu-directory-2015
06-03-01,NG006003,BY,Odi (North) I,odi-north-i,,inec-cvr|inec-pu-directory-2015
06-03-02,NG006003,BY,Odi (Central) II,odi-central-ii,,inec-cvr|inec-pu-directory-2015
06-03-03,NG006003,BY,Odi (South) III,odi-south-iii,,inec-cvr|inec-pu-directory-2015
06-03-04,NG006003,BY,Kaiama,kaiama,,inec-cvr|inec-pu-directory-2015
06-03-05,NG006003,BY,Kaiama/Olobiri,kaiama-olobiri,,inec-cvr|inec-pu-directory-2015
06-03-06,NG006003,BY,Sampou/Kalama,sampou-kalama,,inec-cvr|inec-pu-directory-2015
06-03-07,NG006003,BY,Opokuma North,opokuma-north,,inec-cvr|inec-pu-directory-2015
06-03-08,NG006003,BY,Opokumasouth,opokumasouth,,inec-cvr|inec-pu-directory-2015
06-03-09,NG006003,BY,Seibokorogha (Sabagreia) I,seibokorogha-sabagreia-i,,inec-cvr|inec-pu-directory-2015
06-03-10,NG006003,BY,Okoloba (Sabagreia) II,okoloba-sabagreia-ii,,inec-cvr|inec-pu-directory-2015
06-03-11,NG006003,BY,Igbedi,igbedi,,inec-cvr|inec-pu-directory-2015
06-04-01,NG006004,BY,Ogbolomabiri I,ogbolomabiri-i,,inec-cvr|inec-pu-directory-2015
06-04-02,NG006004,BY,Ogbolomabiri II,ogbolomabiri-ii,,inec-cvr|inec-pu-directory-2015
06-04-03,NG006004,BY,Ogbolomabiri III,ogbolomabiri-iii,,inec-cvr|inec-pu-directory-2015
06-04-04,NG006004,BY,Bassambiri I,bassambiri-i,,inec-cvr|inec-pu-directory-2015
06-04-05,NG006004,BY,Bassambiri II,bassambiri-ii,,inec-cvr|inec-pu-directory-2015
06-04-06,NG006004,BY,Bassambiri III,bassambiri-iii,,inec-cvr|inec-pu-directory-2015
06-04-07,NG006004,BY,Bassambiri IV,bassambiri-iv,,inec-cvr|inec-pu-directory-2015
06-04-08,NG006004,BY,Igbeta-Ewoama/Fantuo,igbeta-ewoama-fantuo,,inec-cvr|inec-pu-directory-2015
06-04-09,NG006004,BY,Okoroma I,okoroma-i,,inec-cvr|inec-pu-directory-2015
06-04-10,NG006004,BY,Okoroma II,okoroma-ii,,inec-cvr|inec-pu-directory-2015
06-04-11,NG006004,BY,Mini,mini,,inec-cvr|inec-pu-directory-2015
06-04-12,NG006004,BY,Ikensi,ikensi,,inec-cvr|inec-pu-directory-2015
06-04-13,NG006004,BY,Oluasiri,oluasiri,,inec-cvr|inec-pu-directory-2015
06-05-01,NG006005,BY,Ogbia,ogbia,,inec-cvr|inec-pu-directory-2015
06-05-02,NG006005,BY,Otuokpoti,otuokpoti,,inec-cvr|inec-pu-directory-2015
06-05-03,NG006005,BY,Ologi,ologi,,inec-cvr|inec-pu-directory-2015
06-05-04,NG006005,BY,Anyama,anyama,,inec-cvr|inec-pu-directory-2015
06-05-05,NG006005,BY,Okodi,okodi,,inec-cvr|inec-pu-directory-2015
06-05-06,NG006005,BY,Otuasega,otuasega,,inec-cvr|inec-pu-directory-2015
06-05-07,NG006005,BY,Emeyal,emeyal,,inec-cvr|inec-pu-directory-2015
06-05-08,NG006005,BY,Imiringi,imiringi,,inec-cvr|inec-pu-directory-2015
06-05-09,NG006005,BY,Kolo,kolo,,inec-cvr|inec-pu-directory-2015
06-05-10,NG006005,BY,Oloibiri,oloibiri,,inec-cvr|inec-pu-directory-2015
06-05-11,NG006005,BY,Opume,opume,,inec-cvr|inec-pu-directory-2015
06-05-12,NG006005,BY,Otakeme,otakeme,,inec-cvr|inec-pu-directory-2015
06-05-13,NG006005,BY,Otuabula,otuabula,,inec-cvr|inec-pu-directory-2015
06-06-01,NG006006,BY,Agbere,agbere,,inec-cvr|inec-pu-directory-2015
06-06-02,NG006006,BY,Angalabiri,angalabiri,,inec-cvr|inec-pu-directory-2015
06-06-03,NG006006,BY,Ofoni I,ofoni-i,,inec-cvr|inec-pu-directory-2015
06-06-04,NG006006,BY,Ofoni II,ofoni-ii,,inec-cvr|inec-pu-directory-2015
06-06-05,NG006006,BY,Ebedebiri,ebedebiri,,inec-cvr|inec-pu-directory-2015
06-06-06,NG006006,BY,Ossiama,ossiama,,inec-cvr|inec-pu-directory-2015
06-06-07,NG006006,BY,Asamabiri,asamabiri,,inec-cvr|inec-pu-directory-2015
06-06-08,NG006006,BY,Odoni,odoni,,inec-cvr|inec-pu-directory-2015
06-06-09,NG006006,BY,Trofani,trofani,,inec-cvr|inec-pu-directory-2015
06-06-10,NG006006,BY,Sagbama,sagbama,,inec-cvr|inec-pu-directory-2015
06-06-11,NG006006,BY,Agoro,agoro,,inec-cvr|inec-pu-directory-2015
06-06-12,NG006006,BY,Toru-Ebeni,toru-ebeni,,inec-cvr|inec-pu-directory-2015
06-06-13,NG006006,BY,Adagbabiri,adagbabiri,,inec-cvr|inec-pu-directory-2015
06-06-14,NG006006,BY,Osekwenike,osekwenike,,inec-cvr|inec-pu-directory-2015
06-07-01,NG006007,BY,Oporoma I,oporoma-i,,inec-cvr|inec-pu-directory-2015
06-07-02,NG006007,BY,Oporoma II,oporoma-ii,,inec-cvr|inec-pu-directory-2015
06-07-03,NG006007,BY,Olodiama I,olodiama-i,,inec-cvr|inec-pu-directory-2015
06-07-04,NG006007,BY,Olodiama II,olodiama-ii,,inec-cvr|inec-pu-directory-2015
06-07-05,NG006007,BY,Otuan,otuan,,inec-cvr|inec-pu-directory-2015
06-07-06,NG006007,BY,West Bomo,west-bomo,,inec-cvr|inec-pu-directory-2015
06-07-07,NG006007,BY,Central Bomo I,central-bomo-i,,inec-cvr|inec-pu-directory-2015
06-07-08,NG006007,BY,Central Bomo II,central-bomo-ii,,inec-cvr|inec-pu-directory-2015
06-07-09,NG006007,BY,Amassoma I,amassoma-i,,inec-cvr|inec-pu-directory-2015
06-07-10,NG006007,BY,Amassoma II,amassoma-ii,,inec-cvr|inec-pu-directory-2015
06-07-11,NG006007,BY,Amassoma III,amassoma-iii,,inec-cvr|inec-pu-directory-2015
06-07-12,NG006007,BY,East Bomo I,east-bomo-i,,inec-cvr|inec-pu-directory-2015
06-07-13,NG006007,BY,East Bomo II,east-bomo-ii,,inec-cvr|inec-pu-directory-2015
06-07-14,NG006007,BY,Foropa,foropa,,inec-cvr|inec-pu-directory-2015
06-07-15,NG006007,BY,Apoi,apoi,,inec-cvr|inec-pu-directory-2015
06-07-16,NG006007,BY,Ukubie,ukubie,,inec-cvr|inec-pu-directory-2015
06-07-17,NG006007,BY,Koluama,koluama,,inec-cvr|inec-pu-directory-2015
06-08-01,NG006008,BY,Attissa I,attissa-i,,inec-cvr|inec-pu-directory-2015
06-08-02,NG006008,BY,Attissa II,attissa-ii,,inec-cvr|inec-pu-directory-2015
06-08-03,NG006008,BY,Attissa III,attissa-iii,,inec-cvr|inec-pu-directory-2015
06-08-04,NG006008,BY,Epie I,epie-i,,inec-cvr|inec-pu-directory-2015
06-08-05,NG006008,BY,Epie II,epie-ii,,inec-cvr|inec-pu-directory-2015
06-08-06,NG006008,BY,Epie III,epie-iii,,inec-cvr|inec-pu-directory-2015
06-08-07,NG006008,BY,Gbarain I,gbarain-i,,inec-cvr|inec-pu-directory-2015
06-08-08,NG006008,BY,Gbarain II,gbarain-ii,,inec-cvr|inec-pu-directory-2015
06-08-09,NG006008,BY,Gbarain III,gbarain-iii,,inec-cvr|inec-pu-directory-2015
06-08-10,NG006008,BY,Ekpetiama I,ekpetiama-i,,inec-cvr|inec-pu-directory-2015
06-08-11,NG006008,BY,Ekpetiama II,ekpetiama-ii,,inec-cvr|inec-pu-directory-2015
06-08-12,NG006008,BY,Biseni I,biseni-i,,inec-cvr|inec-pu-directory-2015
06-08-13,NG006008,BY,Biseni II,biseni-ii,,inec-cvr|inec-pu-directory-2015
06-08-14,NG006008,BY,Okordia,okordia,,inec-cvr|inec-pu-directory-2015
06-08-15,NG006008,BY,Zarama,zarama,,inec-cvr|inec-pu-directory-2015
07-01-01,NG007001,BE,Akpoge/Ogbilolo,akpoge-ogbilolo,Akoge/Ogbilolo,inec-cvr|inec-pu-directory-2015
07-01-02,NG007001,BE,Apa,apa,,inec-cvr|inec-pu-directory-2015
07-01-03,NG007001,BE,Ekile,ekile,,inec-cvr|inec-pu-directory-2015
07-01-04,NG007001,BE,Igumale I,igumale-i,,inec-cvr|inec-pu-directory-2015
07-01-05,NG007001,BE,Igumale II,igumale-ii,,inec-cvr|inec-pu-directory-2015
07-01-06,NG007001,BE,Ijigban,ijigban,,inec-cvr|inec-pu-directory-2015
07-01-07,NG007001,BE,Ogege,ogege,,inec-cvr|inec-pu-directory-2015
07-01-08,NG007001,BE,Royongo,royongo,,inec-cvr|inec-pu-directory-2015
07-01-09,NG007001,BE,Ukwonyo,ukwonyo,,inec-cvr|inec-pu-directory-2015
07-01-10,NG007001,BE,Ulayi,ulayi,,inec-cvr|inec-pu-directory-2015
07-02-01,NG007002,BE,Egba,egba,,inec-cvr|inec-pu-directory-2015
07-02-02,NG007002,BE,Enungba,enungba,,inec-cvr|inec-pu-directory-2015
07-02-03,NG007002,BE,Obagaji,obagaji,,inec-cvr|inec-pu-directory-2015
07-02-04,NG007002,BE,Odugbeho,odugbeho,,inec-cvr|inec-pu-directory-2015
07-02-05,NG007002,BE,Ogbaulu,ogbaulu,,inec-cvr|inec-pu-directory-2015
07-02-06,NG007002,BE,Ogwule-Kaduna,ogwule-kaduna,,inec-cvr|inec-pu-directory-2015
07-02-07,NG007002,BE,Ogwule Ogbaulu,ogwule-ogbaulu,,inec-cvr|inec-pu-directory-2015
07-02-08,NG007002,BE,Okokolo,okokolo,,inec-cvr|inec-pu-directory-2015
07-02-09,NG007002,BE,Oshigbudu,oshigbudu,,inec-cvr|inec-pu-directory-2015
07-02-10,NG007002,BE,Usha,usha,,inec-cvr|inec-pu-directory-2015
07-03-01,NG007003,BE,Akpete/Ojantelle,akpete-ojantelle,,inec-cvr|inec-pu-directory-2015
07-03-02,NG007003,BE,Auke,auke,,inec-cvr|inec-pu-directory-2015
07-03-03,NG007003,BE,Edikwu I,edikwu-i,,inec-cvr|inec-pu-directory-2015
07-03-04,NG007003,BE,Edikwu II,edikwu-ii,,inec-cvr|inec-pu-directory-2015
07-03-05,NG007003,BE,Igah-Okpaya,igah-okpaya,,inec-cvr|inec-pu-directory-2015
07-03-06,NG007003,BE,Igoro,igoro,,inec-cvr|inec-pu-directory-2015
07-03-07,NG007003,BE,Ikobi,ikobi,,inec-cvr|inec-pu-directory-2015
07-03-08,NG007003,BE,Oba,oba,,inec-cvr|inec-pu-directory-2015
07-03-09,NG007003,BE,Ofoke,ofoke,,inec-cvr|inec-pu-directory-2015
07-03-10,NG007003,BE,Oiji,oiji,,inec-cvr|inec-pu-directory-2015
07-03-11,NG007003,BE,Ugbokpo,ugbokpo,,inec-cvr|inec-pu-directory-2015
07-04-01,NG007004,BE,Binev,binev,,inec-cvr|inec-pu-directory-2015
07-04-02,NG007004,BE,Etulo,etulo,,inec-cvr|inec-pu-directory-2015
07-04-03,NG007004,BE,Mbaade,mbaade,,inec-cvr|inec-pu-directory-2015
07-04-04,NG007004,BE,Mbaakura,mbaakura,,inec-cvr|inec-pu-directory-2015
07-04-05,NG007004,BE,Mbaapen,mbaapen,,inec-cvr|inec-pu-directory-2015
07-04-06,NG007004,BE,Mbaatirkyaa,mbaatirkyaa,,inec-cvr|inec-pu-directory-2015
07-04-07,NG007004,BE,Mbaazagee,mbaazagee,,inec-cvr|inec-pu-directory-2015
07-04-08,NG007004,BE,Mbaikyongo/Nyifon,mbaikyongo-nyifon,,inec-cvr|inec-pu-directory-2015
07-04-09,NG007004,BE,Mbaityough,mbaityough,,inec-cvr|inec-pu-directory-2015
07-04-10,NG007004,BE,Mbakyaan,mbakyaan,,inec-cvr|inec-pu-directory-2015
07-04-11,NG007004,BE,Mbaya,mbaya,,inec-cvr|inec-pu-directory-2015
07-04-12,NG007004,BE,Mbayaka,mbayaka,,inec-cvr|inec-pu-directory-2015
07-04-13,NG007004,BE,Shorov,shorov,,inec-cvr|inec-pu-directory-2015
07-05-01,NG007005,BE,Gbk/Central Market,gbk-central-market,,inec-cvr|inec-pu-directory-2015
07-05-02,NG007005,BE,Gboko East,gboko-east,,inec-cvr|inec-pu-directory-2015
07-05-03,NG007005,BE,Gboko North West,gboko-north-west,,inec-cvr|inec-pu-directory-2015
07-05-04,NG007005,BE,Gboko South,gboko-south,,inec-cvr|inec-pu-directory-2015
07-05-05,NG007005,BE,Igyorov,igyorov,,inec-cvr|inec-pu-directory-2015
07-05-06,NG007005,BE,Mbaanku,mbaanku,,inec-cvr|inec-pu-directory-2015
07-05-07,NG007005,BE,Mbaa Varakaa,mbaa-varakaa,,inec-cvr|inec-pu-directory-2015
07-05-08,NG007005,BE,Mbadam,mbadam,,inec-cvr|inec-pu-directory-2015
07-05-09,NG007005,BE,Mbadim,mbadim,,inec-cvr|inec-pu-directory-2015
07-05-10,NG007005,BE,Mbakper,mbakper,,inec-cvr|inec-pu-directory-2015
07-05-11,NG007005,BE,Mbakwen,mbakwen,,inec-cvr|inec-pu-directory-2015
07-05-12,NG007005,BE,Mbatan,mbatan,,inec-cvr|inec-pu-directory-2015
07-05-13,NG007005,BE,Mbatser,mbatser,,inec-cvr|inec-pu-directory-2015
07-05-14,NG007005,BE,Mbatyu,mbatyu,,inec-cvr|inec-pu-directory-2015
07-05-15,NG007005,BE,Ukpekpe,ukpekpe,,inec-cvr|inec-pu-directory-2015
07-05-16,NG007005,BE,Yandev North,yandev-north,,inec-cvr|inec-pu-directory-2015
07-05-17,NG007005,BE,Yandev South,yandev-south,,inec-cvr|inec-pu-directory-2015
07-06-01,NG007006,BE,Abinsi,abinsi,,inec-cvr|inec-pu-directory-2015
07-06-02,NG007006,BE,Kaambe,kaambe,,inec-cvr|inec-pu-directory-2015
07-06-03,NG007006,BE,Mbabai,mbabai,,inec-cvr|inec-pu-directory-2015
07-06-04,NG007006,BE,Mbadwem,mbadwem,,inec-cvr|inec-pu-directory-2015
07-06-05,NG007006,BE,Mbawa,mbawa,,inec-cvr|inec-pu-directory-2015
07-06-06,NG007006,BE,Mbayer/Yandev,mbayer-yandev,,inec-cvr|inec-pu-directory-2015
07-06-07,NG007006,BE,Nyiev,nyiev,,inec-cvr|inec-pu-directory-2015
07-06-08,NG007006,BE,Nzorov,nzorov,,inec-cvr|inec-pu-directory-2015
07-06-09,NG007006,BE,Saghev,saghev,,inec-cvr|inec-pu-directory-2015
07-06-10,NG007006,BE,Uvir,uvir,,inec-cvr|inec-pu-directory-2015
07-07-01,NG007007,BE,Akpach'ayi,akpachayi,,inec-cvr|inec-pu-directory-2015
07-07-02,NG007007,BE,Aliade Town,aliade-town,,inec-cvr|inec-pu-directory-2015
07-07-03,NG007007,BE,Gbemacha,gbemacha,,inec-cvr|inec-pu-directory-2015
07-07-04,NG007007,BE,Ikyogbajir,ikyogbajir,,inec-cvr|inec-pu-directory-2015
07-07-05,NG007007,BE,Ikyonov,ikyonov,,inec-cvr|inec-pu-directory-2015
07-07-06,NG007007,BE,Mbabur,mbabur,,inec-cvr|inec-pu-directory-2015
07-07-07,NG007007,BE,Mbaiase,mbaiase,,inec-cvr|inec-pu-directory-2015
07-07-08,NG007007,BE,Mbaikyu,mbaikyu,,inec-cvr|inec-pu-directory-2015
07-07-09,NG007007,BE,Mbaikyaan,mbaikyaan,,inec-cvr|inec-pu-directory-2015
07-07-10,NG007007,BE,Mbalom,mbalom,,inec-cvr|inec-pu-directory-2015
07-07-11,NG007007,BE,Mbasombo,mbasombo,,inec-cvr|inec-pu-directory-2015
07-07-12,NG007007,BE,Mbayom,mbayom,,inec-cvr|inec-pu-directory-2015
07-07-13,NG007007,BE,Shough,shough,,inec-cvr|inec-pu-directory-2015
07-07-14,NG007007,BE,Ugee,ugee,,inec-cvr|inec-pu-directory-2015
07-08-01,NG007008,BE,Avihijime,avihijime,,inec-cvr|inec-pu-directory-2015
07-08-02,NG007008,BE,Gaambe-Ushin,gaambe-ushin,,inec-cvr|inec-pu-directory-2015
07-08-03,NG007008,BE,Gbaange/Tongov,gbaange-tongov,,inec-cvr|inec-pu-directory-2015
07-08-04,NG007008,BE,Ikyaghev,ikyaghev,,inec-cvr|inec-pu-directory-2015
07-08-05,NG007008,BE,Ityoughatee/Injaha,ityoughatee-injaha,,inec-cvr|inec-pu-directory-2015
07-08-06,NG007008,BE,Mbabuande,mbabuande,,inec-cvr|inec-pu-directory-2015
07-08-07,NG007008,BE,Mbachohon,mbachohon,,inec-cvr|inec-pu-directory-2015
07-08-08,NG007008,BE,Mbanyamshi,mbanyamshi,,inec-cvr|inec-pu-directory-2015
07-08-09,NG007008,BE,Mbapa,mbapa,,inec-cvr|inec-pu-directory-2015
07-08-10,NG007008,BE,Merkyen,merkyen,,inec-cvr|inec-pu-directory-2015
07-08-11,NG007008,BE,Saghev/Ukusu,saghev-ukusu,Sagher/Ukusu,inec-cvr|inec-pu-directory-2015
07-08-12,NG007008,BE,Sengev,sengev,,inec-cvr|inec-pu-directory-2015
07-08-13,NG007008,BE,Sengev/Yengev,sengev-yengev,,inec-cvr|inec-pu-directory-2015
07-08-14,NG007008,BE,Tijime,tijime,,inec-cvr|inec-pu-directory-2015
07-08-15,NG007008,BE,Tsambe/Mbasev,tsambe-mbasev,Isambe/Mbasev,inec-cvr|inec-pu-directory-2015
07-09-01,NG007009,BE,Ikurav Tiev I,ikurav-tiev-i,,inec-cvr|inec-pu-directory-2015
07-09-02,NG007009,BE,Ikurav Tiev II,ikurav-tiev-ii,,inec-cvr|inec-pu-directory-2015
07-09-03,NG007009,BE,Iwar(Tongov I),iwar-tongov-i,,inec-cvr|inec-pu-directory-2015
07-09-04,NG007009,BE,Katsina-Ala Town,katsina-ala-town,,inec-cvr|inec-pu-directory-2015
07-09-05,NG007009,BE,Mbacher,mbacher,,inec-cvr|inec-pu-directory-2015
07-09-06,NG007009,BE,Mbajir,mbajir,,inec-cvr|inec-pu-directory-2015
07-09-07,NG007009,BE,Mbatula/Mberev,mbatula-mberev,,inec-cvr|inec-pu-directory-2015
07-09-08,NG007009,BE,Mbayongo,mbayongo,,inec-cvr|inec-pu-directory-2015
07-09-09,NG007009,BE,Michihe,michihe,,inec-cvr|inec-pu-directory-2015
07-09-10,NG007009,BE,Tiir(Tongov II),tiir-tongov-ii,,inec-cvr|inec-pu-directory-2015
07-09-11,NG007009,BE,Utange,utange,,inec-cvr|inec-pu-directory-2015
07-09-12,NG007009,BE,Yooyo,yooyo,,inec-cvr|inec-pu-directory-2015
07-10-01,NG007010,BE,Ikyurav/Mbatwer,ikyurav-mbatwer,,inec-cvr|inec-pu-directory-2015
07-10-02,NG007010,BE,Mbagusa/Mbatser,mbagusa-mbatser,,inec-cvr|inec-pu-directory-2015
07-10-03,NG007010,BE,Mbaikyase,mbaikyase,,inec-cvr|inec-pu-directory-2015
07-10-04,NG007010,BE,Mbaiwarnyam,mbaiwarnyam,,inec-cvr|inec-pu-directory-2015
07-10-05,NG007010,BE,Mbake,mbake,,inec-cvr|inec-pu-directory-2015
07-10-06,NG007010,BE,Mbanor,mbanor,,inec-cvr|inec-pu-directory-2015
07-10-07,NG007010,BE,Mbatsen,mbatsen,,inec-cvr|inec-pu-directory-2015
07-10-08,NG007010,BE,Mbavaa,mbavaa,Mbavoa,inec-cvr|inec-pu-directory-2015
07-10-09,NG007010,BE,Mbawar,mbawar,,inec-cvr|inec-pu-directory-2015
07-10-10,NG007010,BE,Mbayegh/Mbaikyer,mbayegh-mbaikyer,,inec-cvr|inec-pu-directory-2015
07-10-11,NG007010,BE,Tse-Agberagba,tse-agberagba,,inec-cvr|inec-pu-directory-2015
07-11-01,NG007011,BE,Adikpo Metropolis,adikpo-metropolis,,inec-cvr|inec-pu-directory-2015
07-11-02,NG007011,BE,Liev I,liev-i,Live I,inec-cvr|inec-pu-directory-2015
07-11-03,NG007011,BE,Liev II,liev-ii,Live II,inec-cvr|inec-pu-directory-2015
07-11-04,NG007011,BE,Mbadura,mbadura,,inec-cvr|inec-pu-directory-2015
07-11-05,NG007011,BE,Mbagba/Mbaikyan,mbagba-mbaikyan,,inec-cvr|inec-pu-directory-2015
07-11-06,NG007011,BE,Mbaikyor,mbaikyor,,inec-cvr|inec-pu-directory-2015
07-11-07,NG007011,BE,Mbaketsa,mbaketsa,,inec-cvr|inec-pu-directory-2015
07-11-08,NG007011,BE,Menev,menev,,inec-cvr|inec-pu-directory-2015
07-11-09,NG007011,BE,Tondov I,tondov-i,,inec-cvr|inec-pu-directory-2015
07-11-10,NG007011,BE,Tondov II,tondov-ii,,inec-cvr|inec-pu-directory-2015
07-11-11,NG007011,BE,Usar,usar,,inec-cvr|inec-pu-directory-2015
07-11-12,NG007011,BE,Mbayoo,mbayoo,,inec-cvr|inec-pu-directory-2015
07-11-13,NG007011,BE,Yaav,yaav,,inec-cvr|inec-pu-directory-2015
07-11-14,NG007011,BE,Moon,moon,,inec-cvr|inec-pu-directory-2015
07-11-15,NG007011,BE,Kumakwagh,kumakwagh,,inec-cvr|inec-pu-directory-2015
07-12-01,NG007012,BE,Mbadyul,mbadyul,,inec-cvr|inec-pu-directory-2015
07-12-02,NG007012,BE,Mbagber,mbagber,,inec-cvr|inec-pu-directory-2015
07-12-03,NG007012,BE,Mbater,mbater,,inec-cvr|inec-pu-directory-2015
07-12-04,NG007012,BE,Mbayam,mbayam,,inec-cvr|inec-pu-directory-2015
07-12-05,NG007012,BE,Mbavuur,mbavuur,,inec-cvr|inec-pu-directory-2015
07-12-06,NG007012,BE,Nenzev,nenzev,,inec-cvr|inec-pu-directory-2015
07-12-07,NG007012,BE,Tombo,tombo,,inec-cvr|inec-pu-directory-2015
07-12-08,NG007012,BE,Turan,turan,,inec-cvr|inec-pu-directory-2015
07-12-09,NG007012,BE,Ukembergya/Iswarev,ukembergya-iswarev,,inec-cvr|inec-pu-directory-2015
07-12-10,NG007012,BE,Yonov,yonov,,inec-cvr|inec-pu-directory-2015
07-13-01,NG007013,BE,Agan,agan,,inec-cvr|inec-pu-directory-2015
07-13-02,NG007013,BE,Ankpa/Wadata,ankpa-wadata,,inec-cvr|inec-pu-directory-2015
07-13-03,NG007013,BE,Bar,bar,,inec-cvr|inec-pu-directory-2015
07-13-04,NG007013,BE,Central/South Mission,central-south-mission,,inec-cvr|inec-pu-directory-2015
07-13-05,NG007013,BE,Clerks/Market,clerks-market,,inec-cvr|inec-pu-directory-2015
07-13-06,NG007013,BE,Fiidi,fiidi,Fildi,inec-cvr|inec-pu-directory-2015
07-13-07,NG007013,BE,Mbalagh,mbalagh,,inec-cvr|inec-pu-directory-2015
07-13-08,NG007013,BE,Modern Market,modern-market,,inec-cvr|inec-pu-directory-2015
07-13-09,NG007013,BE,North Bank I,north-bank-i,,inec-cvr|inec-pu-directory-2015
07-13-10,NG007013,BE,North Bank II,north-bank-ii,,inec-cvr|inec-pu-directory-2015
07-13-11,NG007013,BE,Wailomayo,wailomayo,,inec-cvr|inec-pu-directory-2015
07-14-01,NG007014,BE,Adiko,adiko,,inec-cvr|inec-pu-directory-2015
07-14-02,NG007014,BE,Adum West,adum-west,,inec-cvr|inec-pu-directory-2015
07-14-03,NG007014,BE,Ikwokwu,ikwokwu,,inec-cvr|inec-pu-directory-2015
07-14-04,NG007014,BE,Irabi,irabi,,inec-cvr|inec-pu-directory-2015
07-14-05,NG007014,BE,Itogo,itogo,,inec-cvr|inec-pu-directory-2015
07-14-06,NG007014,BE,Obarike,obarike,,inec-cvr|inec-pu-directory-2015
07-14-07,NG007014,BE,Obeko,obeko,,inec-cvr|inec-pu-directory-2015
07-14-08,NG007014,BE,Odiapa,odiapa,,inec-cvr|inec-pu-directory-2015
07-14-09,NG007014,BE,Ogore,ogore,,inec-cvr|inec-pu-directory-2015
07-14-10,NG007014,BE,Okpokwu,okpokwu,,inec-cvr|inec-pu-directory-2015
07-14-11,NG007014,BE,Okwutungbe,okwutungbe,,inec-cvr|inec-pu-directory-2015
07-14-12,NG007014,BE,Orihi,orihi,,inec-cvr|inec-pu-directory-2015
07-15-01,NG007015,BE,Ai-Oodo I,ai-oodo-i,,inec-cvr|inec-pu-directory-2015
07-15-02,NG007015,BE,Ai-Oodo II,ai-oodo-ii,,inec-cvr|inec-pu-directory-2015
07-15-03,NG007015,BE,Ai-Oono I,ai-oono-i,,inec-cvr|inec-pu-directory-2015
07-15-04,NG007015,BE,Ai-Oono II,ai-oono-ii,,inec-cvr|inec-pu-directory-2015
07-15-05,NG007015,BE,Ai-Oono III,ai-oono-iii,,inec-cvr|inec-pu-directory-2015
07-15-06,NG007015,BE,Ehaje I,ehaje-i,,inec-cvr|inec-pu-directory-2015
07-15-07,NG007015,BE,Ehaje II,ehaje-ii,,inec-cvr|inec-pu-directory-2015
07-15-08,NG007015,BE,Itabono I,itabono-i,,inec-cvr|inec-pu-directory-2015
07-15-09,NG007015,BE,Itabono II,itabono-ii,,inec-cvr|inec-pu-directory-2015
07-15-10,NG007015,BE,Olachagbaha,olachagbaha,,inec-cvr|inec-pu-directory-2015
07-15-11,NG007015,BE,Orokam I,orokam-i,,inec-cvr|inec-pu-directory-2015
07-15-12,NG007015,BE,Orokam II,orokam-ii,,inec-cvr|inec-pu-directory-2015
07-15-13,NG007015,BE,Orokam III,orokam-iii,,inec-cvr|inec-pu-directory-2015
07-16-01,NG007017,BE,Adokpa,adokpa,,inec-cvr|inec-pu-directory-2015
07-16-02,NG007017,BE,Ainu,ainu,,inec-cvr|inec-pu-directory-2015
07-16-03,NG007017,BE,Ibilla,ibilla,,inec-cvr|inec-pu-directory-2015
07-16-04,NG007017,BE,Idelle,idelle,,inec-cvr|inec-pu-directory-2015
07-16-05,NG007017,BE,Iyeche,iyeche,,inec-cvr|inec-pu-directory-2015
07-16-06,NG007017,BE,Oboru/Oye,oboru-oye,,inec-cvr|inec-pu-directory-2015
07-16-07,NG007017,BE,Oju,oju,,inec-cvr|inec-pu-directory-2015
07-16-08,NG007017,BE,Okpokpo,okpokpo,,inec-cvr|inec-pu-directory-2015
07-16-09,NG007017,BE,Okwudu,okwudu,,inec-cvr|inec-pu-directory-2015
07-16-10,NG007017,BE,Owo,owo,,inec-cvr|inec-pu-directory-2015
07-16-11,NG007017,BE,Ukpa/Ainu Ette,ukpa-ainu-ette,,inec-cvr|inec-pu-directory-2015
07-17-01,NG007016,BE,Agadagba,agadagba,,inec-cvr|inec-pu-directory-2015
07-17-02,NG007016,BE,Awume Ehaje,awume-ehaje,,inec-cvr|inec-pu-directory-2015
07-17-03,NG007016,BE,Awume Icho,awume-icho,,inec-cvr|inec-pu-directory-2015
07-17-04,NG007016,BE,Ehatokpe,ehatokpe,,inec-cvr|inec-pu-directory-2015
07-17-05,NG007016,BE,Idekpa,idekpa,,inec-cvr|inec-pu-directory-2015
07-17-06,NG007016,BE,Ochobo,ochobo,,inec-cvr|inec-pu-directory-2015
07-17-07,NG007016,BE,Oglewu Ehaje,oglewu-ehaje,,inec-cvr|inec-pu-directory-2015
07-17-08,NG007016,BE,Oglewu Icho,oglewu-icho,,inec-cvr|inec-pu-directory-2015
07-17-09,NG007016,BE,Onyagede-Ehaje (Alle),onyagede-ehaje-alle,,inec-cvr|inec-pu-directory-2015
07-17-10,NG007016,BE,Onyagede Icho (Ogoli),onyagede-icho-ogoli,,inec-cvr|inec-pu-directory-2015
07-18-01,NG007018,BE,Amejo,amejo,,inec-cvr|inec-pu-directory-2015
07-18-02,NG007018,BE,Eke,eke,,inec-cvr|inec-pu-directory-2015
07-18-03,NG007018,BE,Ichama II,ichama-ii,,inec-cvr|inec-pu-directory-2015
07-18-04,NG007018,BE,Ojigo,ojigo,,inec-cvr|inec-pu-directory-2015
07-18-05,NG007018,BE,Ojoga,ojoga,,inec-cvr|inec-pu-directory-2015
07-18-06,NG007018,BE,Okonobo,okonobo,,inec-cvr|inec-pu-directory-2015
07-18-07,NG007018,BE,Okpaile/Ingle,okpaile-ingle,,inec-cvr|inec-pu-directory-2015
07-18-08,NG007018,BE,Okpoga Central,okpoga-central,,inec-cvr|inec-pu-directory-2015
07-18-09,NG007018,BE,Okpoga North,okpoga-north,,inec-cvr|inec-pu-directory-2015
07-18-10,NG007018,BE,Okpoga South,okpoga-south,,inec-cvr|inec-pu-directory-2015
07-18-11,NG007018,BE,Okpoga West,okpoga-west,,inec-cvr|inec-pu-directory-2015
07-18-12,NG007018,BE,Ugbokolo,ugbokolo,,inec-cvr|inec-pu-directory-2015
07-19-01,NG007019,BE,Adoka-Icho,adoka-icho,,inec-cvr|inec-pu-directory-2015
07-19-02,NG007019,BE,Adoka-Haje,adoka-haje,Adoka-Ehaje,inec-cvr|inec-pu-directory-2015
07-19-03,NG007019,BE,Allan,allan,,inec-cvr|inec-pu-directory-2015
07-19-04,NG007019,BE,Entekpa,entekpa,,inec-cvr|inec-pu-directory-2015
07-19-05,NG007019,BE,Ewulo,ewulo,,inec-cvr|inec-pu-directory-2015
07-19-06,NG007019,BE,Okete,okete,,inec-cvr|inec-pu-directory-2015
07-19-07,NG007019,BE,Otobi,otobi,,inec-cvr|inec-pu-directory-2015
07-19-08,NG007019,BE,Otukpo Town Central,otukpo-town-central,,inec-cvr|inec-pu-directory-2015
07-19-09,NG007019,BE,Otukpo Town East,otukpo-town-east,,inec-cvr|inec-pu-directory-2015
07-19-10,NG007019,BE,Otukpo Town West,otukpo-town-west,,inec-cvr|inec-pu-directory-2015
07-19-11,NG007019,BE,Ugboju-Ehaje,ugboju-ehaje,,inec-cvr|inec-pu-directory-2015
07-19-12,NG007019,BE,Ugboju-Icho,ugboju-icho,,inec-cvr|inec-pu-directory-2015
07-19-13,NG007019,BE,Ugboju-Otahe,ugboju-otahe,,inec-cvr|inec-pu-directory-2015
07-20-01,NG007020,BE,Mbaajir Akaa,mbaajir-akaa,,inec-cvr|inec-pu-directory-2015
07-20-02,NG007020,BE,Mbaayo,mbaayo,,inec-cvr|inec-pu-directory-2015
07-20-03,NG007020,BE,Mbachaver Ikyondo,mbachaver-ikyondo,,inec-cvr|inec-pu-directory-2015
07-20-04,NG007020,BE,Mbaigba,mbaigba,,inec-cvr|inec-pu-directory-2015
07-20-05,NG007020,BE,Mbaikyaa,mbaikyaa,,inec-cvr|inec-pu-directory-2015
07-20-06,NG007020,BE,Mbaikyo/Mbayia,mbaikyo-mbayia,,inec-cvr|inec-pu-directory-2015
07-20-07,NG007020,BE,Mbakwakem,mbakwakem,,inec-cvr|inec-pu-directory-2015
07-20-08,NG007020,BE,Mbanyagber,mbanyagber,,inec-cvr|inec-pu-directory-2015
07-20-09,NG007020,BE,Shitile,shitile,,inec-cvr|inec-pu-directory-2015
07-20-10,NG007020,BE,Tongov,tongov,,inec-cvr|inec-pu-directory-2015
07-21-01,NG007021,BE,Aterayange,aterayange,,inec-cvr|inec-pu-directory-2015
07-21-02,NG007021,BE,Azendeshi,azendeshi,,inec-cvr|inec-pu-directory-2015
07-21-03,NG007021,BE,Borikyo,borikyo,,inec-cvr|inec-pu-directory-2015
07-21-04,NG007021,BE,Ityuluv,ityuluv,,inec-cvr|inec-pu-directory-2015
07-21-05,NG007021,BE,Kendev,kendev,,inec-cvr|inec-pu-directory-2015
07-21-06,NG007021,BE,Kundav,kundav,,inec-cvr|inec-pu-directory-2015
07-21-07,NG007021,BE,Lumbuv,lumbuv,,inec-cvr|inec-pu-directory-2015
07-21-08,NG007021,BE,Mbatian,mbatian,,inec-cvr|inec-pu-directory-2015
07-21-09,NG007021,BE,Mbayenge,mbayenge,,inec-cvr|inec-pu-directory-2015
07-21-10,NG007021,BE,Mbazun,mbazun,,inec-cvr|inec-pu-directory-2015
07-21-11,NG007021,BE,Tsaav,tsaav,,inec-cvr|inec-pu-directory-2015
07-21-12,NG007021,BE,Ugbaam,ugbaam,,inec-cvr|inec-pu-directory-2015
07-21-13,NG007021,BE,Uyam,uyam,,inec-cvr|inec-pu-directory-2015
07-22-01,NG007022,BE,Atirkyese,atirkyese,Atikyese,inec-cvr|inec-pu-directory-2015
07-22-02,NG007022,BE,Ikov,ikov,Ikyov,inec-cvr|inec-pu-directory-2015
07-22-03,NG007022,BE,Lessel,lessel,,inec-cvr|inec-pu-directory-2015
07-22-04,NG007022,BE,Mbaaka,mbaaka,,inec-cvr|inec-pu-directory-2015
07-22-05,NG007022,BE,Mbaanyam,mbaanyam,,inec-cvr|inec-pu-directory-2015
07-22-06,NG007022,BE,Mbaawe,mbaawe,Mbagwe,inec-cvr|inec-pu-directory-2015
07-22-07,NG007022,BE,Mbagba,mbagba,,inec-cvr|inec-pu-directory-2015
07-22-08,NG007022,BE,Mbagwaza,mbagwaza,,inec-cvr|inec-pu-directory-2015
07-22-09,NG007022,BE,Mbakuha,mbakuha,,inec-cvr|inec-pu-directory-2015
07-22-10,NG007022,BE,Mbayegh,mbayegh,,inec-cvr|inec-pu-directory-2015
07-22-11,NG007022,BE,Utange,utange,,inec-cvr|inec-pu-directory-2015
07-23-01,NG007023,BE,Mbadede,mbadede,,inec-cvr|inec-pu-directory-2015
07-23-02,NG007023,BE,Mbatyough,mbatyough,,inec-cvr|inec-pu-directory-2015
07-23-03,NG007023,BE,Mbagbam,mbagbam,,inec-cvr|inec-pu-directory-2015
07-23-04,NG007023,BE,Mbagbera,mbagbera,,inec-cvr|inec-pu-directory-2015
07-23-05,NG007023,BE,Mbajor,mbajor,,inec-cvr|inec-pu-directory-2015
07-23-06,NG007023,BE,Mbakaange,mbakaange,,inec-cvr|inec-pu-directory-2015
07-23-07,NG007023,BE,Mbakyaha,mbakyaha,,inec-cvr|inec-pu-directory-2015
07-23-08,NG007023,BE,Mbayongo,mbayongo,,inec-cvr|inec-pu-directory-2015
07-23-09,NG007023,BE,Ningev,ningev,,inec-cvr|inec-pu-directory-2015
07-23-10,NG007023,BE,Tsambe,tsambe,,inec-cvr|inec-pu-directory-2015
07-23-11,NG007023,BE,Vandeikya Township,vandeikya-township,,inec-cvr|inec-pu-directory-2015
07-23-12,NG007023,BE,Mbanyumangbagh,mbanyumangbagh,,inec-cvr|inec-pu-directory-2015
08-01-01,NG008001,BO,Arege,arege,,inec-cvr|inec-pu-directory-2015
08-01-02,NG008001,BO,Banowa,banowa,,inec-cvr|inec-pu-directory-2015
08-01-03,NG008001,BO,Fouguwa,fouguwa,Fuguwa,inec-cvr|inec-pu-directory-2015
08-01-04,NG008001,BO,Jabullam,jabullam,,inec-cvr|inec-pu-directory-2015
08-01-05,NG008001,BO,Kudokurgu,kudokurgu,,inec-cvr|inec-pu-directory-2015
08-01-06,NG008001,BO,Mallam Fatori Kessa'a,mallam-fatori-kessaa,Mallamfatori Kessa,inec-cvr|inec-pu-directory-2015
08-01-07,NG008001,BO,Mallam Kaunari,mallam-kaunari,Malam Kaunari,inec-cvr|inec-pu-directory-2015
08-01-08,NG008001,BO,Yau,yau,,inec-cvr|inec-pu-directory-2015
08-01-09,NG008001,BO,Yawa Kura,yawa-kura,,inec-cvr|inec-pu-directory-2015
08-01-10,NG008001,BO,Yituwa,yituwa,,inec-cvr|inec-pu-directory-2015
08-02-01,NG008002,BO,Askira East,askira-east,,inec-cvr|inec-pu-directory-2015
08-02-02,NG008002,BO,Chul/Rumirgo,chul-rumirgo,,inec-cvr|inec-pu-directory-2015
08-02-03,NG008002,BO,Dille/Huyum,dille-huyum,,inec-cvr|inec-pu-directory-2015
08-02-04,NG008002,BO,Husara/Tampul,husara-tampul,,inec-cvr|inec-pu-directory-2015
08-02-05,NG008002,BO,Kopa/Multhafu,kopa-multhafu,,inec-cvr|inec-pu-directory-2015
08-02-06,NG008002,BO,Lassa,lassa,,inec-cvr|inec-pu-directory-2015
08-02-07,NG008002,BO,Mussa,mussa,,inec-cvr|inec-pu-directory-2015
08-02-08,NG008002,BO,Ngohi,ngohi,,inec-cvr|inec-pu-directory-2015
08-02-09,NG008002,BO,Ngulde,ngulde,,inec-cvr|inec-pu-directory-2015
08-02-10,NG008002,BO,Uba,uba,,inec-cvr|inec-pu-directory-2015
08-02-11,NG008002,BO,Uda/Uvu,uda-uvu,,inec-cvr|inec-pu-directory-2015
08-02-12,NG008002,BO,Wamdeo/Giwi,wamdeo-giwi,,inec-cvr|inec-pu-directory-2015
08-02-13,NG008002,BO,Zadawa/Hausari,zadawa-hausari,,inec-cvr|inec-pu-directory-2015
08-03-01,NG008003,BO,Andara/Ajiri/Wulba,andara-ajiri-wulba,,inec-cvr|inec-pu-directory-2015
08-03-02,NG008003,BO,Buduwa/Bula Chirabe,buduwa-bula-chirabe,,inec-cvr|inec-pu-directory-2015
08-03-03,NG008003,BO,Dipchari/Jere/Dar-Jamal/Kotembe,dipchari-jere-dar-jamal-kotembe,,inec-cvr|inec-pu-directory-2015
08-03-04,NG008003,BO,Gulumba/Jukkuri/Batra,gulumba-jukkuri-batra,,inec-cvr|inec-pu-directory-2015
08-03-05,NG008003,BO,Kasugula,kasugula,,inec-cvr|inec-pu-directory-2015
08-03-06,NG008003,BO,Kumshe/Nduguno,kumshe-nduguno,,inec-cvr|inec-pu-directory-2015
08-03-07,NG008003,BO,Lawanti/Malam/Mastari/Abbaram,lawanti-malam-mastari-abbaram,,inec-cvr|inec-pu-directory-2015
08-03-08,NG008003,BO,Marka/Malge/Amchaka,marka-malge-amchaka,,inec-cvr|inec-pu-directory-2015
08-03-09,NG008003,BO,Mbuliya/Goniri/Siraja,mbuliya-goniri-siraja,,inec-cvr|inec-pu-directory-2015
08-03-10,NG008003,BO,Sabsabwa/Soye/Bulongu,sabsabwa-soye-bulongu,,inec-cvr|inec-pu-directory-2015
08-03-11,NG008003,BO,Shehuri/Hausari/Mairi,shehuri-hausari-mairi,,inec-cvr|inec-pu-directory-2015
08-03-12,NG008003,BO,Wulbari/Ndine/Chachile,wulbari-ndine-chachile,,inec-cvr|inec-pu-directory-2015
08-03-13,NG008003,BO,Yabiri Kura/Yabiri Gana/Chongolo,yabiri-kura-yabiri-gana-chongolo,,inec-cvr|inec-pu-directory-2015
08-03-14,NG008003,BO,Zangeri/Kash Kash,zangeri-kash-kash,,inec-cvr|inec-pu-directory-2015
08-04-01,NG008004,BO,Balbaya,balbaya,,inec-cvr|inec-pu-directory-2015
08-04-02,NG008004,BO,Briyel,briyel,,inec-cvr|inec-pu-directory-2015
08-04-03,NG008004,BO,Fikayel,fikayel,,inec-cvr|inec-pu-directory-2015
08-04-04,NG008004,BO,Gamadadi,gamadadi,,inec-cvr|inec-pu-directory-2015
08-04-05,NG008004,BO,Jara Gol,jara-gol,,inec-cvr|inec-pu-directory-2015
08-04-06,NG008004,BO,Jara Dali,jara-dali,,inec-cvr|inec-pu-directory-2015
08-04-07,NG008004,BO,Limanti,limanti,,inec-cvr|inec-pu-directory-2015
08-04-08,NG008004,BO,Teli,teli,,inec-cvr|inec-pu-directory-2015
08-04-09,NG008004,BO,Wuyo,wuyo,,inec-cvr|inec-pu-directory-2015
08-04-10,NG008004,BO,Zara,zara,,inec-cvr|inec-pu-directory-2015
08-05-01,NG008005,BO,Buratai,buratai,,inec-cvr|inec-pu-directory-2015
08-05-02,NG008005,BO,Dadin Kowa,dadin-kowa,,inec-cvr|inec-pu-directory-2015
08-05-03,NG008005,BO,Dugja,dugja,,inec-cvr|inec-pu-directory-2015
08-05-04,NG008005,BO,Garubula,garubula,,inec-cvr|inec-pu-directory-2015
08-05-05,NG008005,BO,Gur,gur,,inec-cvr|inec-pu-directory-2015
08-05-06,NG008005,BO,Kenken,kenken,,inec-cvr|inec-pu-directory-2015
08-05-07,NG008005,BO,Mandara Girau,mandara-girau,,inec-cvr|inec-pu-directory-2015
08-05-08,NG008005,BO,Miringa,miringa,,inec-cvr|inec-pu-directory-2015
08-05-09,NG008005,BO,Sulumthla,sulumthla,,inec-cvr|inec-pu-directory-2015
08-05-10,NG008005,BO,Yawi,yawi,,inec-cvr|inec-pu-directory-2015
08-05-11,NG008005,BO,Zarawuyaku,zarawuyaku,,inec-cvr|inec-pu-directory-2015
08-06-01,NG008006,BO,Chibok Garu,chibok-garu,,inec-cvr|inec-pu-directory-2015
08-06-02,NG008006,BO,Chibok Likama,chibok-likama,,inec-cvr|inec-pu-directory-2015
08-06-03,NG008006,BO,Chibok Wuntaku,chibok-wuntaku,,inec-cvr|inec-pu-directory-2015
08-06-04,NG008006,BO,Gatamarwa,gatamarwa,,inec-cvr|inec-pu-directory-2015
08-06-05,NG008006,BO,Kautikari,kautikari,,inec-cvr|inec-pu-directory-2015
08-06-06,NG008006,BO,Korongilim,korongilim,,inec-cvr|inec-pu-directory-2015
08-06-07,NG008006,BO,Kuburmbula,kuburmbula,,inec-cvr|inec-pu-directory-2015
08-06-08,NG008006,BO,Mbalala,mbalala,,inec-cvr|inec-pu-directory-2015
08-06-09,NG008006,BO,Mboa Kura,mboa-kura,,inec-cvr|inec-pu-directory-2015
08-06-10,NG008006,BO,Shikarkir,shikarkir,,inec-cvr|inec-pu-directory-2015
08-06-11,NG008006,BO,Pemi,pemi,,inec-cvr|inec-pu-directory-2015
08-07-01,NG008007,BO,Ajigin (A),ajigin-a,Ajign (A),inec-cvr|inec-pu-directory-2015
08-07-02,NG008007,BO,Ajigin (B),ajigin-b,Ajign (B),inec-cvr|inec-pu-directory-2015
08-07-03,NG008007,BO,Azur/Multe/Forfor,azur-multe-forfor,,inec-cvr|inec-pu-directory-2015
08-07-04,NG008007,BO,Bego/Yerwa/Ngurna,bego-yerwa-ngurna,,inec-cvr|inec-pu-directory-2015
08-07-05,NG008007,BO,Damboa,damboa,,inec-cvr|inec-pu-directory-2015
08-07-06,NG008007,BO,Gumsuri/Misakurbudu,gumsuri-misakurbudu,,inec-cvr|inec-pu-directory-2015
08-07-07,NG008007,BO,Kafa/Mafi,kafa-mafi,,inec-cvr|inec-pu-directory-2015
08-07-08,NG008007,BO,Mulgwai/Kopchi,mulgwai-kopchi,,inec-cvr|inec-pu-directory-2015
08-07-09,NG008007,BO,Nzuda/Wuyaram,nzuda-wuyaram,Nguda/Wuyaram,inec-cvr|inec-pu-directory-2015
08-07-10,NG008007,BO,Wawa/Korede,wawa-korede,,inec-cvr|inec-pu-directory-2015
08-08-01,NG008008,BO,Boboshe,boboshe,,inec-cvr|inec-pu-directory-2015
08-08-02,NG008008,BO,Dikwa,dikwa,,inec-cvr|inec-pu-directory-2015
08-08-03,NG008008,BO,Gajibo,gajibo,,inec-cvr|inec-pu-directory-2015
08-08-04,NG008008,BO,Ufaye/Gujile,ufaye-gujile,,inec-cvr|inec-pu-directory-2015
08-08-05,NG008008,BO,Muliye/Jemuri,muliye-jemuri,,inec-cvr|inec-pu-directory-2015
08-08-06,NG008008,BO,Mudu/Kaza,mudu-kaza,,inec-cvr|inec-pu-directory-2015
08-08-07,NG008008,BO,Mallam Maja,mallam-maja,,inec-cvr|inec-pu-directory-2015
08-08-08,NG008008,BO,Ngudoram,ngudoram,,inec-cvr|inec-pu-directory-2015
08-08-09,NG008008,BO,Magarta/Sheffri,magarta-sheffri,,inec-cvr|inec-pu-directory-2015
08-08-10,NG008008,BO,Sogoma/Afuye,sogoma-afuye,,inec-cvr|inec-pu-directory-2015
08-09-01,NG008009,BO,Ardimini,ardimini,,inec-cvr|inec-pu-directory-2015
08-09-02,NG008009,BO,Dabira,dabira,,inec-cvr|inec-pu-directory-2015
08-09-03,NG008009,BO,Felo,felo,,inec-cvr|inec-pu-directory-2015
08-09-04,NG008009,BO,Gamowo,gamowo,,inec-cvr|inec-pu-directory-2015
08-09-05,NG008009,BO,Gazabure,gazabure,,inec-cvr|inec-pu-directory-2015
08-09-06,NG008009,BO,Gubio Town I,gubio-town-i,,inec-cvr|inec-pu-directory-2015
08-09-07,NG008009,BO,Gubio Town II,gubio-town-ii,,inec-cvr|inec-pu-directory-2015
08-09-08,NG008009,BO,Kingowa,kingowa,,inec-cvr|inec-pu-directory-2015
08-09-09,NG008009,BO,Ngetra,ngetra,,inec-cvr|inec-pu-directory-2015
08-09-10,NG008009,BO,Zowo,zowo,,inec-cvr|inec-pu-directory-2015
08-10-01,NG008010,BO,Aduwa,aduwa,,inec-cvr|inec-pu-directory-2015
08-10-02,NG008010,BO,Gudumbali East,gudumbali-east,,inec-cvr|inec-pu-directory-2015
08-10-03,NG008010,BO,Gudumbali West,gudumbali-west,,inec-cvr|inec-pu-directory-2015
08-10-04,NG008010,BO,Guworam,guworam,,inec-cvr|inec-pu-directory-2015
08-10-05,NG008010,BO,Guzamala East,guzamala-east,,inec-cvr|inec-pu-directory-2015
08-10-06,NG008010,BO,Guzamala West,guzamala-west,,inec-cvr|inec-pu-directory-2015
08-10-07,NG008010,BO,Kingarwa,kingarwa,,inec-cvr|inec-pu-directory-2015
08-10-08,NG008010,BO,Mairari,mairari,,inec-cvr|inec-pu-directory-2015
08-10-09,NG008010,BO,Moduri,moduri,,inec-cvr|inec-pu-directory-2015
08-10-10,NG008010,BO,Wamiri,wamiri,,inec-cvr|inec-pu-directory-2015
08-11-01,NG008011,BO,Ashigashiya,ashigashiya,,inec-cvr|inec-pu-directory-2015
08-11-02,NG008011,BO,Bita/Izge,bita-izge,,inec-cvr|inec-pu-directory-2015
08-11-03,NG008011,BO,Dure/Wala/Warabe,dure-wala-warabe,,inec-cvr|inec-pu-directory-2015
08-11-04,NG008011,BO,Gavva/Agapalwa,gavva-agapalwa,,inec-cvr|inec-pu-directory-2015
08-11-05,NG008011,BO,Guduf Nagadiyo,guduf-nagadiyo,,inec-cvr|inec-pu-directory-2015
08-11-06,NG008011,BO,Gwoza Town Gadamayo,gwoza-town-gadamayo,,inec-cvr|inec-pu-directory-2015
08-11-07,NG008011,BO,Gwoza Wakane/Bulabulin,gwoza-wakane-bulabulin,,inec-cvr|inec-pu-directory-2015
08-11-08,NG008011,BO,Hambagda/Liman Kara/New Settlement,hambagda-liman-kara-new-settlement,,inec-cvr|inec-pu-directory-2015
08-11-09,NG008011,BO,Johode/Chikide/Kughum,johode-chikide-kughum,,inec-cvr|inec-pu-directory-2015
08-11-10,NG008011,BO,Kirawa/Jimini,kirawa-jimini,,inec-cvr|inec-pu-directory-2015
08-11-11,NG008011,BO,Kurana Bassa/Ngoshe-Sama'a,kurana-bassa-ngoshe-samaa,,inec-cvr|inec-pu-directory-2015
08-11-12,NG008011,BO,Ngoshe,ngoshe,,inec-cvr|inec-pu-directory-2015
08-11-13,NG008011,BO,Pulka/Bokko,pulka-bokko,,inec-cvr|inec-pu-directory-2015
08-12-01,NG008012,BO,Bilingwi,bilingwi,,inec-cvr|inec-pu-directory-2015
08-12-02,NG008012,BO,Dzar/Vinadum/Birni/Dlandi,dzar-vinadum-birni-dlandi,,inec-cvr|inec-pu-directory-2015
08-12-03,NG008012,BO,Gwanzang Pusda,gwanzang-pusda,,inec-cvr|inec-pu-directory-2015
08-12-04,NG008012,BO,Hizhi,hizhi,,inec-cvr|inec-pu-directory-2015
08-12-05,NG008012,BO,Kida,kida,,inec-cvr|inec-pu-directory-2015
08-12-06,NG008012,BO,Kwajaffa/Hang,kwajaffa-hang,,inec-cvr|inec-pu-directory-2015
08-12-07,NG008012,BO,Kwaya-Bur/Tanga Rumta,kwaya-bur-tanga-rumta,,inec-cvr|inec-pu-directory-2015
08-12-08,NG008012,BO,Marama/Kidang,marama-kidang,,inec-cvr|inec-pu-directory-2015
08-12-09,NG008012,BO,Pama/Whitambaya,pama-whitambaya,,inec-cvr|inec-pu-directory-2015
08-12-10,NG008012,BO,Puba/Vidau/Lokoja,puba-vidau-lokoja,,inec-cvr|inec-pu-directory-2015
08-12-11,NG008012,BO,Sakwa/Hema,sakwa-hema,,inec-cvr|inec-pu-directory-2015
08-12-12,NG008012,BO,Shaffa,shaffa,,inec-cvr|inec-pu-directory-2015
08-13-01,NG008013,BO,Alau,alau,,inec-cvr|inec-pu-directory-2015
08-13-02,NG008013,BO,Bale Galtimari,bale-galtimari,,inec-cvr|inec-pu-directory-2015
08-13-03,NG008013,BO,Dala Lawanti,dala-lawanti,,inec-cvr|inec-pu-directory-2015
08-13-04,NG008013,BO,Dusuman,dusuman,,inec-cvr|inec-pu-directory-2015
08-13-05,NG008013,BO,Gongulong,gongulong,,inec-cvr|inec-pu-directory-2015
08-13-06,NG008013,BO,Maimusari,maimusari,,inec-cvr|inec-pu-directory-2015
08-13-07,NG008013,BO,Mashamari,mashamari,,inec-cvr|inec-pu-directory-2015
08-13-08,NG008013,BO,Ngudaa/Addamari,ngudaa-addamari,,inec-cvr|inec-pu-directory-2015
08-13-09,NG008013,BO,Old Maiduguri,old-maiduguri,,inec-cvr|inec-pu-directory-2015
08-13-10,NG008013,BO,Tuba,tuba,,inec-cvr|inec-pu-directory-2015
08-13-11,NG008013,BO,Mairi,mairi,,inec-cvr|inec-pu-directory-2015
08-13-12,NG008013,BO,Gomari,gomari,,inec-cvr|inec-pu-directory-2015
08-14-01,NG008014,BO,Afa/Dig/Maudori,afa-dig-maudori,,inec-cvr|inec-pu-directory-2015
08-14-02,NG008014,BO,Benisheikh,benisheikh,,inec-cvr|inec-pu-directory-2015
08-14-03,NG008014,BO,Borgozo,borgozo,,inec-cvr|inec-pu-directory-2015
08-14-04,NG008014,BO,Dogoma/Jalori,dogoma-jalori,,inec-cvr|inec-pu-directory-2015
08-14-05,NG008014,BO,Dongo,dongo,,inec-cvr|inec-pu-directory-2015
08-14-06,NG008014,BO,Galangi,galangi,,inec-cvr|inec-pu-directory-2015
08-14-07,NG008014,BO,Guwo,guwo,,inec-cvr|inec-pu-directory-2015
08-14-08,NG008014,BO,Karagawaru,karagawaru,,inec-cvr|inec-pu-directory-2015
08-14-09,NG008014,BO,Mainok,mainok,,inec-cvr|inec-pu-directory-2015
08-14-10,NG008014,BO,Marguba,marguba,,inec-cvr|inec-pu-directory-2015
08-14-11,NG008014,BO,Ngamdu,ngamdu,,inec-cvr|inec-pu-directory-2015
08-14-12,NG008014,BO,Shettimari,shettimari,,inec-cvr|inec-pu-directory-2015
08-14-13,NG008014,BO,Tobolo,tobolo,,inec-cvr|inec-pu-directory-2015
08-14-14,NG008014,BO,Wajiro/Burgumma,wajiro-burgumma,,inec-cvr|inec-pu-directory-2015
08-14-15,NG008014,BO,Wassaram,wassaram,,inec-cvr|inec-pu-directory-2015
08-15-01,NG008015,BO,Moholo,moholo,,inec-cvr|inec-pu-directory-2015
08-15-02,NG008015,BO,"Jilbe ""A""",jilbe-a,,inec-cvr|inec-pu-directory-2015
08-15-03,NG008015,BO,"Jilbe ""B""/Koma Kaudi",jilbe-b-koma-kaudi,,inec-cvr|inec-pu-directory-2015
08-15-04,NG008015,BO,Jarawa/Sangaya,jarawa-sangaya,,inec-cvr|inec-pu-directory-2015
08-15-05,NG008015,BO,Kala,kala,,inec-cvr|inec-pu-directory-2015
08-15-06,NG008015,BO,Kumaga,kumaga,,inec-cvr|inec-pu-directory-2015
08-15-07,NG008015,BO,"Rann ""A""",rann-a,,inec-cvr|inec-pu-directory-2015
08-15-08,NG008015,BO,"Rann ""B''/Daima",rann-b-daima,,inec-cvr|inec-pu-directory-2015
08-15-09,NG008015,BO,Mada,mada,,inec-cvr|inec-pu-directory-2015
08-15-10,NG008015,BO,Sigal/Karche,sigal-karche,,inec-cvr|inec-pu-directory-2015
08-16-01,NG008016,BO,Auno/Chabbol,auno-chabbol,,inec-cvr|inec-pu-directory-2015
08-16-02,NG008016,BO,Dalori/Wanori,dalori-wanori,,inec-cvr|inec-pu-directory-2015
08-16-03,NG008016,BO,Dawa East/Malari/Kangamari,dawa-east-malari-kangamari,,inec-cvr|inec-pu-directory-2015
08-16-04,NG008016,BO,Jewu/Lamboa,jewu-lamboa,,inec-cvr|inec-pu-directory-2015
08-16-05,NG008016,BO,Kawuri,kawuri,,inec-cvr|inec-pu-directory-2015
08-16-06,NG008016,BO,Kelumiri/Ngalbi Amari/Yale,kelumiri-ngalbi-amari-yale,,inec-cvr|inec-pu-directory-2015
08-16-07,NG008016,BO,Konduga,konduga,,inec-cvr|inec-pu-directory-2015
08-16-08,NG008016,BO,Mairamri/Yeleri/Bazamri,mairamri-yeleri-bazamri,,inec-cvr|inec-pu-directory-2015
08-16-09,NG008016,BO,Masba/Dalwa West,masba-dalwa-west,,inec-cvr|inec-pu-directory-2015
08-16-10,NG008016,BO,Nyaleri/Sandia/Yejiwa,nyaleri-sandia-yejiwa,,inec-cvr|inec-pu-directory-2015
08-16-11,NG008016,BO,Sojiri/Nguro-Nguro,sojiri-nguro-nguro,,inec-cvr|inec-pu-directory-2015
08-17-01,NG008017,BO,Alagarno,alagarno,,inec-cvr|inec-pu-directory-2015
08-17-02,NG008017,BO,Baga,baga,,inec-cvr|inec-pu-directory-2015
08-17-03,NG008017,BO,Bundur,bundur,,inec-cvr|inec-pu-directory-2015
08-17-04,NG008017,BO,Dogoshi,dogoshi,,inec-cvr|inec-pu-directory-2015
08-17-05,NG008017,BO,Doro/Duguri,doro-duguri,,inec-cvr|inec-pu-directory-2015
08-17-06,NG008017,BO,Kauwa,kauwa,,inec-cvr|inec-pu-directory-2015
08-17-07,NG008017,BO,Kekeno,kekeno,,inec-cvr|inec-pu-directory-2015
08-17-08,NG008017,BO,Kukawa,kukawa,,inec-cvr|inec-pu-directory-2015
08-17-09,NG008017,BO,Moduari/Barwari,moduari-barwari,,inec-cvr|inec-pu-directory-2015
08-17-10,NG008017,BO,Yoyo,yoyo,,inec-cvr|inec-pu-directory-2015
08-18-01,NG008018,BO,Gondi,gondi,,inec-cvr|inec-pu-directory-2015
08-18-02,NG008018,BO,Gusi/Billa,gusi-billa,,inec-cvr|inec-pu-directory-2015
08-18-03,NG008018,BO,Guwal,guwal,,inec-cvr|inec-pu-directory-2015
08-18-04,NG008018,BO,Kubuku,kubuku,,inec-cvr|inec-pu-directory-2015
08-18-05,NG008018,BO,Kurba,kurba,,inec-cvr|inec-pu-directory-2015
08-18-06,NG008018,BO,Kwaya Kusar,kwaya-kusar,,inec-cvr|inec-pu-directory-2015
08-18-07,NG008018,BO,Peta,peta,,inec-cvr|inec-pu-directory-2015
08-18-08,NG008018,BO,Wada,wada,,inec-cvr|inec-pu-directory-2015
08-18-09,NG008018,BO,Wawa,wawa,,inec-cvr|inec-pu-directory-2015
08-18-10,NG008018,BO,Yimirthalang,yimirthalang,,inec-cvr|inec-pu-directory-2015
08-19-01,NG008019,BO,Abbari,abbari,,inec-cvr|inec-pu-directory-2015
08-19-02,NG008019,BO,Anadua,anadua,,inec-cvr|inec-pu-directory-2015
08-19-03,NG008019,BO,Gawa,gawa,,inec-cvr|inec-pu-directory-2015
08-19-04,NG008019,BO,Koshebe,koshebe,,inec-cvr|inec-pu-directory-2015
08-19-05,NG008019,BO,Laje,laje,,inec-cvr|inec-pu-directory-2015
08-19-06,NG008019,BO,Limanti,limanti,,inec-cvr|inec-pu-directory-2015
08-19-07,NG008019,BO,Loskuri,loskuri,,inec-cvr|inec-pu-directory-2015
08-19-08,NG008019,BO,Ma'afa,maafa,,inec-cvr|inec-pu-directory-2015
08-19-09,NG008019,BO,Mafa,mafa,,inec-cvr|inec-pu-directory-2015
08-19-10,NG008019,BO,Masu,masu,,inec-cvr|inec-pu-directory-2015
08-19-11,NG008019,BO,Mujigine,mujigine,,inec-cvr|inec-pu-directory-2015
08-19-12,NG008019,BO,Tamsu Ngamdua,tamsu-ngamdua,,inec-cvr|inec-pu-directory-2015
08-20-01,NG008020,BO,Ardo Ram,ardo-ram,,inec-cvr|inec-pu-directory-2015
08-20-02,NG008020,BO,Ayi/Yasku,ayi-yasku,,inec-cvr|inec-pu-directory-2015
08-20-03,NG008020,BO,Borno Yesu,borno-yesu,,inec-cvr|inec-pu-directory-2015
08-20-04,NG008020,BO,Furram,furram,,inec-cvr|inec-pu-directory-2015
08-20-05,NG008020,BO,Gaji Ganna I,gaji-ganna-i,,inec-cvr|inec-pu-directory-2015
08-20-06,NG008020,BO,Gaji Ganna II,gaji-ganna-ii,,inec-cvr|inec-pu-directory-2015
08-20-07,NG008020,BO,Hoyo/Chin Gowa,hoyo-chin-gowa,,inec-cvr|inec-pu-directory-2015
08-20-08,NG008020,BO,Kalizoram/Banoram,kalizoram-banoram,,inec-cvr|inec-pu-directory-2015
08-20-09,NG008020,BO,Kareram,kareram,,inec-cvr|inec-pu-directory-2015
08-20-10,NG008020,BO,Kubti,kubti,,inec-cvr|inec-pu-directory-2015
08-20-11,NG008020,BO,Magumeri,magumeri,,inec-cvr|inec-pu-directory-2015
08-20-12,NG008020,BO,Ngamma,ngamma,,inec-cvr|inec-pu-directory-2015
08-20-13,NG008020,BO,Ngubala,ngubala,,inec-cvr|inec-pu-directory-2015
08-21-01,NG008021,BO,Bolori I,bolori-i,,inec-cvr|inec-pu-directory-2015
08-21-02,NG008021,BO,Bolori II,bolori-ii,,inec-cvr|inec-pu-directory-2015
08-21-03,NG008021,BO,Bulablin,bulablin,,inec-cvr|inec-pu-directory-2015
08-21-04,NG008021,BO,Fezzan,fezzan,,inec-cvr|inec-pu-directory-2015
08-21-05,NG008021,BO,Gamboru Liberty,gamboru-liberty,,inec-cvr|inec-pu-directory-2015
08-21-06,NG008021,BO,Gwange I,gwange-i,,inec-cvr|inec-pu-directory-2015
08-21-07,NG008021,BO,Gwange II,gwange-ii,,inec-cvr|inec-pu-directory-2015
08-21-08,NG008021,BO,Gwange III,gwange-iii,,inec-cvr|inec-pu-directory-2015
08-21-09,NG008021,BO,Hausari/Zango,hausari-zango,,inec-cvr|inec-pu-directory-2015
08-21-10,NG008021,BO,Lamisula/Jabba Mari,lamisula-jabba-mari,,inec-cvr|inec-pu-directory-2015
08-21-11,NG008021,BO,Limanti,limanti,,inec-cvr|inec-pu-directory-2015
08-21-12,NG008021,BO,Mafoni,mafoni,,inec-cvr|inec-pu-directory-2015
08-21-13,NG008021,BO,Maisandari,maisandari,,inec-cvr|inec-pu-directory-2015
08-21-14,NG008021,BO,Shehuri North,shehuri-north,,inec-cvr|inec-pu-directory-2015
08-21-15,NG008021,BO,Shehuri South,shehuri-south,,inec-cvr|inec-pu-directory-2015
08-22-01,NG008022,BO,Ala,ala,,inec-cvr|inec-pu-directory-2015
08-22-02,NG008022,BO,Alla Lawanti,alla-lawanti,,inec-cvr|inec-pu-directory-2015
08-22-03,NG008022,BO,Borsori,borsori,,inec-cvr|inec-pu-directory-2015
08-22-04,NG008022,BO,Gumna,gumna,,inec-cvr|inec-pu-directory-2015
08-22-05,NG008022,BO,Kabulawa,kabulawa,,inec-cvr|inec-pu-directory-2015
08-22-06,NG008022,BO,Kirenowa,kirenowa,,inec-cvr|inec-pu-directory-2015
08-22-07,NG008022,BO,Kulli,kulli,,inec-cvr|inec-pu-directory-2015
08-22-08,NG008022,BO,Marte,marte,,inec-cvr|inec-pu-directory-2015
08-22-09,NG008022,BO,Mawulli,mawulli,,inec-cvr|inec-pu-directory-2015
08-22-10,NG008022,BO,Musune,musune,,inec-cvr|inec-pu-directory-2015
08-22-11,NG008022,BO,Ngilewa,ngilewa,Ngeleiwa,inec-cvr|inec-pu-directory-2015
08-22-12,NG008022,BO,Njine,njine,,inec-cvr|inec-pu-directory-2015
08-22-13,NG008022,BO,Zaga,zaga,,inec-cvr|inec-pu-directory-2015
08-23-01,NG008023,BO,Asaga,asaga,,inec-cvr|inec-pu-directory-2015
08-23-02,NG008023,BO,Bogum,bogum,,inec-cvr|inec-pu-directory-2015
08-23-03,NG008023,BO,Chamba,chamba,,inec-cvr|inec-pu-directory-2015
08-23-04,NG008023,BO,Damasak,damasak,,inec-cvr|inec-pu-directory-2015
08-23-05,NG008023,BO,Duji,duji,,inec-cvr|inec-pu-directory-2015
08-23-06,NG008023,BO,Gashagar,gashagar,,inec-cvr|inec-pu-directory-2015
08-23-07,NG008023,BO,Kareto,kareto,,inec-cvr|inec-pu-directory-2015
08-23-08,NG008023,BO,Layi,layi,,inec-cvr|inec-pu-directory-2015
08-23-09,NG008023,BO,Zanna Umorti,zanna-umorti,,inec-cvr|inec-pu-directory-2015
08-23-10,NG008023,BO,Zari,zari,,inec-cvr|inec-pu-directory-2015
08-24-01,NG008024,BO,Damakuli,damakuli,,inec-cvr|inec-pu-directory-2015
08-24-02,NG008024,BO,Kaguram,kaguram,,inec-cvr|inec-pu-directory-2015
08-24-03,NG008024,BO,Kumalia,kumalia,,inec-cvr|inec-pu-directory-2015
08-24-04,NG008024,BO,Mofio,mofio,,inec-cvr|inec-pu-directory-2015
08-24-05,NG008024,BO,Mandala,mandala,,inec-cvr|inec-pu-directory-2015
08-24-06,NG008024,BO,Mintar,mintar,,inec-cvr|inec-pu-directory-2015
08-24-07,NG008024,BO,Monguno,monguno,,inec-cvr|inec-pu-directory-2015
08-24-08,NG008024,BO,Ngurno,ngurno,,inec-cvr|inec-pu-directory-2015
08-24-09,NG008024,BO,Sure,sure,,inec-cvr|inec-pu-directory-2015
08-24-10,NG008024,BO,Wulo,wulo,,inec-cvr|inec-pu-directory-2015
08-24-11,NG008024,BO,Yele,yele,,inec-cvr|inec-pu-directory-2015
08-24-12,NG008024,BO,Zulum,zulum,,inec-cvr|inec-pu-directory-2015
08-25-01,NG008025,BO,Sagir,sagir,,inec-cvr|inec-pu-directory-2015
08-25-02,NG008025,BO,Fuye,fuye,,inec-cvr|inec-pu-directory-2015
08-25-03,NG008025,BO,Gamboru 'B',gamboru-b,,inec-cvr|inec-pu-directory-2015
08-25-04,NG008025,BO,Gamboru 'C',gamboru-c,,inec-cvr|inec-pu-directory-2015
08-25-05,NG008025,BO,Logumane,logumane,,inec-cvr|inec-pu-directory-2015
08-25-06,NG008025,BO,Ndufu,ndufu,,inec-cvr|inec-pu-directory-2015
08-25-07,NG008025,BO,Ngala Ward,ngala-ward,,inec-cvr|inec-pu-directory-2015
08-25-08,NG008025,BO,Old Gamboru 'A',old-gamboru-a,,inec-cvr|inec-pu-directory-2015
08-25-09,NG008025,BO,Tunokalia,tunokalia,,inec-cvr|inec-pu-directory-2015
08-25-10,NG008025,BO,Warshele,warshele,,inec-cvr|inec-pu-directory-2015
08-25-11,NG008025,BO,Wulgo,wulgo,,inec-cvr|inec-pu-directory-2015
08-25-12,NG008025,BO,Wurge,wurge,,inec-cvr|inec-pu-directory-2015
08-26-01,NG008026,BO,Alarge,alarge,,inec-cvr|inec-pu-directory-2015
08-26-02,NG008026,BO,Badu,badu,,inec-cvr|inec-pu-directory-2015
08-26-03,NG008026,BO,Damaram,damaram,,inec-cvr|inec-pu-directory-2015
08-26-04,NG008026,BO,Gajiram,gajiram,,inec-cvr|inec-pu-directory-2015
08-26-05,NG008026,BO,Gadai,gadai,,inec-cvr|inec-pu-directory-2015
08-26-06,NG008026,BO,Jigalta,jigalta,,inec-cvr|inec-pu-directory-2015
08-26-07,NG008026,BO,Kuda,kuda,,inec-cvr|inec-pu-directory-2015
08-26-08,NG008026,BO,Kurnawa,kurnawa,,inec-cvr|inec-pu-directory-2015
08-26-09,NG008026,BO,Maiwa,maiwa,,inec-cvr|inec-pu-directory-2015
08-26-10,NG008026,BO,Miye,miye,,inec-cvr|inec-pu-directory-2015
08-26-11,NG008026,BO,Sabsabuwa,sabsabuwa,,inec-cvr|inec-pu-directory-2015
08-26-12,NG008026,BO,Sugundure,sugundure,,inec-cvr|inec-pu-directory-2015
08-27-01,NG008027,BO,Bargu/Burashika,bargu-burashika,,inec-cvr|inec-pu-directory-2015
08-27-02,NG008027,BO,Buma,buma,,inec-cvr|inec-pu-directory-2015
08-27-03,NG008027,BO,Gasi/Salifawa,gasi-salifawa,,inec-cvr|inec-pu-directory-2015
08-27-04,NG008027,BO,Gora,gora,,inec-cvr|inec-pu-directory-2015
08-27-05,NG008027,BO,Gwalasho,gwalasho,,inec-cvr|inec-pu-directory-2015
08-27-06,NG008027,BO,Gwaskara,gwaskara,,inec-cvr|inec-pu-directory-2015
08-27-07,NG008027,BO,Kombo,kombo,,inec-cvr|inec-pu-directory-2015
08-27-08,NG008027,BO,Kubo,kubo,,inec-cvr|inec-pu-directory-2015
08-27-09,NG008027,BO,Kwaba,kwaba,,inec-cvr|inec-pu-directory-2015
08-27-10,NG008027,BO,Shani,shani,,inec-cvr|inec-pu-directory-2015
08-27-11,NG008027,BO,Walama,walama,,inec-cvr|inec-pu-directory-2015
09-01-01,NG009001,CR,Adadama,adadama,,inec-cvr|inec-pu-directory-2015
09-01-02,NG009001,CR,Afafanyi/Igonigoni,afafanyi-igonigoni,,inec-cvr|inec-pu-directory-2015
09-01-03,NG009001,CR,Ebom,ebom,,inec-cvr|inec-pu-directory-2015
09-01-04,NG009001,CR,Ediba,ediba,,inec-cvr|inec-pu-directory-2015
09-01-05,NG009001,CR,Ekureku I,ekureku-i,,inec-cvr|inec-pu-directory-2015
09-01-06,NG009001,CR,Ekureku II,ekureku-ii,,inec-cvr|inec-pu-directory-2015
09-01-07,NG009001,CR,Imabana I,imabana-i,,inec-cvr|inec-pu-directory-2015
09-01-08,NG009001,CR,Imabana II,imabana-ii,,inec-cvr|inec-pu-directory-2015
09-01-09,NG009001,CR,Itigidi,itigidi,,inec-cvr|inec-pu-directory-2015
09-01-10,NG009001,CR,Usumutong,usumutong,,inec-cvr|inec-pu-directory-2015
09-02-01,NG009002,CR,Akamkpa Urban,akamkpa-urban,,inec-cvr|inec-pu-directory-2015
09-02-02,NG009002,CR,Awi,awi,,inec-cvr|inec-pu-directory-2015
09-02-03,NG009002,CR,Eku,eku,,inec-cvr|inec-pu-directory-2015
09-02-04,NG009002,CR,Iko,iko,,inec-cvr|inec-pu-directory-2015
09-02-05,NG009002,CR,Ikpai,ikpai,,inec-cvr|inec-pu-directory-2015
09-02-06,NG009002,CR,Mbarakom,mbarakom,,inec-cvr|inec-pu-directory-2015
09-02-07,NG009002,CR,Oban,oban,,inec-cvr|inec-pu-directory-2015
09-02-08,NG009002,CR,Ojuk North,ojuk-north,,inec-cvr|inec-pu-directory-2015
09-02-09,NG009002,CR,Ojuk South,ojuk-south,,inec-cvr|inec-pu-directory-2015
09-02-10,NG009002,CR,Uyanga,uyanga,,inec-cvr|inec-pu-directory-2015
09-03-01,NG009003,CR,Atimbo East,atimbo-east,,inec-cvr|inec-pu-directory-2015
09-03-02,NG009003,CR,Atimbo West,atimbo-west,,inec-cvr|inec-pu-directory-2015
09-03-03,NG009003,CR,Eneyo,eneyo,,inec-cvr|inec-pu-directory-2015
09-03-04,NG009003,CR,Idundu/Anyanganse,idundu-anyanganse,,inec-cvr|inec-pu-directory-2015
09-03-05,NG009003,CR,Ikang Central,ikang-central,,inec-cvr|inec-pu-directory-2015
09-03-06,NG009003,CR,Ikang North,ikang-north,,inec-cvr|inec-pu-directory-2015
09-03-07,NG009003,CR,Ikang South,ikang-south,,inec-cvr|inec-pu-directory-2015
09-03-08,NG009003,CR,Ikot Edem Odo,ikot-edem-odo,,inec-cvr|inec-pu-directory-2015
09-03-09,NG009003,CR,Ikot Eyo,ikot-eyo,,inec-cvr|inec-pu-directory-2015
09-03-10,NG009003,CR,Ikot Nakanda,ikot-nakanda,,inec-cvr|inec-pu-directory-2015
09-04-01,NG009005,CR,Abana,abana,,inec-cvr|inec-pu-directory-2015
09-04-02,NG009005,CR,Akpankanya,akpankanya,,inec-cvr|inec-pu-directory-2015
09-04-03,NG009005,CR,Akwa,akwa,,inec-cvr|inec-pu-directory-2015
09-04-04,NG009005,CR,Ambai Ekpa,ambai-ekpa,,inec-cvr|inec-pu-directory-2015
09-04-05,NG009005,CR,Amoto,amoto,,inec-cvr|inec-pu-directory-2015
09-04-06,NG009005,CR,Archibong,archibong,,inec-cvr|inec-pu-directory-2015
09-04-07,NG009005,CR,Atai Ema,atai-ema,,inec-cvr|inec-pu-directory-2015
09-04-08,NG009005,CR,Efut Inwang,efut-inwang,,inec-cvr|inec-pu-directory-2015
09-04-09,NG009005,CR,Ekpot Abia,ekpot-abia,,inec-cvr|inec-pu-directory-2015
09-04-10,NG009005,CR,Odiong,odiong,,inec-cvr|inec-pu-directory-2015
09-05-01,NG009006,CR,Abuochiche,abuochiche,,inec-cvr|inec-pu-directory-2015
09-05-02,NG009006,CR,Afrike Ochagbe,afrike-ochagbe,,inec-cvr|inec-pu-directory-2015
09-05-03,NG009006,CR,Afrike Okpeche,afrike-okpeche,,inec-cvr|inec-pu-directory-2015
09-05-04,NG009006,CR,Beten,beten,,inec-cvr|inec-pu-directory-2015
09-05-05,NG009006,CR,Gakem,gakem,,inec-cvr|inec-pu-directory-2015
09-05-06,NG009006,CR,Ibiaragidi,ibiaragidi,,inec-cvr|inec-pu-directory-2015
09-05-07,NG009006,CR,Nyanya,nyanya,,inec-cvr|inec-pu-directory-2015
09-05-08,NG009006,CR,Otukpuru,otukpuru,,inec-cvr|inec-pu-directory-2015
09-05-09,NG009006,CR,Ugboro,ugboro,,inec-cvr|inec-pu-directory-2015
09-05-10,NG009006,CR,Ukpah,ukpah,,inec-cvr|inec-pu-directory-2015
09-06-01,NG009007,CR,Abayong,abayong,,inec-cvr|inec-pu-directory-2015
09-06-02,NG009007,CR,Adim,adim,,inec-cvr|inec-pu-directory-2015
09-06-03,NG009007,CR,Agwagune/Okurike,agwagune-okurike,,inec-cvr|inec-pu-directory-2015
09-06-04,NG009007,CR,Akpet/Abini,akpet-abini,,inec-cvr|inec-pu-directory-2015
09-06-05,NG009007,CR,Biakpan,biakpan,,inec-cvr|inec-pu-directory-2015
09-06-06,NG009007,CR,Ehom,ehom,,inec-cvr|inec-pu-directory-2015
09-06-07,NG009007,CR,Erei North,erei-north,,inec-cvr|inec-pu-directory-2015
09-06-08,NG009007,CR,Erei South,erei-south,,inec-cvr|inec-pu-directory-2015
09-06-09,NG009007,CR,Ikun/Etono,ikun-etono,,inec-cvr|inec-pu-directory-2015
09-06-10,NG009007,CR,Umon North,umon-north,,inec-cvr|inec-pu-directory-2015
09-06-11,NG009007,CR,Umon South,umon-south,,inec-cvr|inec-pu-directory-2015
09-07-01,NG009008,CR,Abo,abo,,inec-cvr|inec-pu-directory-2015
09-07-02,NG009008,CR,Alankwu,alankwu,,inec-cvr|inec-pu-directory-2015
09-07-03,NG009008,CR,Beebo/Bumaji,beebo-bumaji,,inec-cvr|inec-pu-directory-2015
09-07-04,NG009008,CR,Boje,boje,,inec-cvr|inec-pu-directory-2015
09-07-05,NG009008,CR,Buda,buda,,inec-cvr|inec-pu-directory-2015
09-07-06,NG009008,CR,Buentsebe,buentsebe,,inec-cvr|inec-pu-directory-2015
09-07-07,NG009008,CR,Bunyia/Okubuchi,bunyia-okubuchi,,inec-cvr|inec-pu-directory-2015
09-07-08,NG009008,CR,Ekpashi,ekpashi,,inec-cvr|inec-pu-directory-2015
09-07-09,NG009008,CR,Kakwagom/Bawop,kakwagom-bawop,,inec-cvr|inec-pu-directory-2015
09-07-10,NG009008,CR,Ogep/Osokom,ogep-osokom,,inec-cvr|inec-pu-directory-2015
09-07-11,NG009008,CR,Oku/Borum/Njua,oku-borum-njua,,inec-cvr|inec-pu-directory-2015
09-08-01,NG009010,CR,One,one,,inec-cvr|inec-pu-directory-2015
09-08-02,NG009010,CR,Two,two,,inec-cvr|inec-pu-directory-2015
09-08-03,NG009010,CR,Three,three,,inec-cvr|inec-pu-directory-2015
09-08-04,NG009010,CR,Four,four,,inec-cvr|inec-pu-directory-2015
09-08-05,NG009010,CR,Five,five,,inec-cvr|inec-pu-directory-2015
09-08-06,NG009010,CR,Six,six,,inec-cvr|inec-pu-directory-2015
09-08-07,NG009010,CR,Seven,seven,,inec-cvr|inec-pu-directory-2015
09-08-08,NG009010,CR,Eigth,eigth,,inec-cvr|inec-pu-directory-2015
09-08-09,NG009010,CR,Nine,nine,,inec-cvr|inec-pu-directory-2015
09-08-10,NG009010,CR,Ten,ten,,inec-cvr|inec-pu-directory-2015
09-09-01,NG009009,CR,One (1),one-1,,inec-cvr|inec-pu-directory-2015
09-09-02,NG009009,CR,Two (2),two-2,,inec-cvr|inec-pu-directory-2015
09-09-03,NG009009,CR,Three (3),three-3,,inec-cvr|inec-pu-directory-2015
09-09-04,NG009009,CR,Four (4),four-4,,inec-cvr|inec-pu-directory-2015
09-09-05,NG009009,CR,Five (5),five-5,,inec-cvr|inec-pu-directory-2015
09-09-06,NG009009,CR,Six (6),six-6,,inec-cvr|inec-pu-directory-2015
09-09-07,NG009009,CR,Seven (7),seven-7,,inec-cvr|inec-pu-directory-2015
09-09-08,NG009009,CR,Eight (8),eight-8,,inec-cvr|inec-pu-directory-2015
09-09-09,NG009009,CR,Nine (9),nine-9,,inec-cvr|inec-pu-directory-2015
09-09-10,NG009009,CR,Ten (10),ten-10,,inec-cvr|inec-pu-directory-2015
09-09-11,NG009009,CR,Eleven (11),eleven-11,,inec-cvr|inec-pu-directory-2015
09-09-12,NG009009,CR,Twelve (12),twelve-12,,inec-cvr|inec-pu-directory-2015
09-10-01,NG009011,CR,Abia,abia,,inec-cvr|inec-pu-directory-2015
09-10-02,NG009011,CR,Abijang,abijang,,inec-cvr|inec-pu-directory-2015
09-10-03,NG009011,CR,Agbokim,agbokim,,inec-cvr|inec-pu-directory-2015
09-10-04,NG009011,CR,Ajassor,ajassor,,inec-cvr|inec-pu-directory-2015
09-10-05,NG009011,CR,Bendeghe Ekiem,bendeghe-ekiem,,inec-cvr|inec-pu-directory-2015
09-10-06,NG009011,CR,Effraya,effraya,,inec-cvr|inec-pu-directory-2015
09-10-07,NG009011,CR,Etomi,etomi,,inec-cvr|inec-pu-directory-2015
09-10-08,NG009011,CR,Itaka,itaka,,inec-cvr|inec-pu-directory-2015
09-10-09,NG009011,CR,Mkpot/Ayuk Aba,mkpot-ayuk-aba,,inec-cvr|inec-pu-directory-2015
09-10-10,NG009011,CR,Nsofang,nsofang,,inec-cvr|inec-pu-directory-2015
09-11-01,NG009012,CR,Abanyum,abanyum,,inec-cvr|inec-pu-directory-2015
09-11-02,NG009012,CR,Akparabong,akparabong,,inec-cvr|inec-pu-directory-2015
09-11-03,NG009012,CR,Ikom Urban I,ikom-urban-i,,inec-cvr|inec-pu-directory-2015
09-11-04,NG009012,CR,Ikom Urban II,ikom-urban-ii,,inec-cvr|inec-pu-directory-2015
09-11-05,NG009012,CR,Nde,nde,,inec-cvr|inec-pu-directory-2015
09-11-06,NG009012,CR,Nnam,nnam,,inec-cvr|inec-pu-directory-2015
09-11-07,NG009012,CR,Nta/Nselle,nta-nselle,,inec-cvr|inec-pu-directory-2015
09-11-08,NG009012,CR,Ofutop I,ofutop-i,,inec-cvr|inec-pu-directory-2015
09-11-09,NG009012,CR,Ofutop II,ofutop-ii,,inec-cvr|inec-pu-directory-2015
09-11-10,NG009012,CR,Olulumo,olulumo,,inec-cvr|inec-pu-directory-2015
09-11-11,NG009012,CR,Yala/Nkum,yala-nkum,,inec-cvr|inec-pu-directory-2015
09-12-01,NG009013,CR,Basang,basang,,inec-cvr|inec-pu-directory-2015
09-12-02,NG009013,CR,Bebi,bebi,,inec-cvr|inec-pu-directory-2015
09-12-03,NG009013,CR,Becheve,becheve,,inec-cvr|inec-pu-directory-2015
09-12-04,NG009013,CR,Bendi I,bendi-i,,inec-cvr|inec-pu-directory-2015
09-12-05,NG009013,CR,Bendi II,bendi-ii,,inec-cvr|inec-pu-directory-2015
09-12-06,NG009013,CR,Bishiri North,bishiri-north,,inec-cvr|inec-pu-directory-2015
09-12-07,NG009013,CR,Bishiri South,bishiri-south,,inec-cvr|inec-pu-directory-2015
09-12-08,NG009013,CR,Bisu,bisu,,inec-cvr|inec-pu-directory-2015
09-12-09,NG009013,CR,Busi,busi,,inec-cvr|inec-pu-directory-2015
09-12-10,NG009013,CR,Utanga,utanga,,inec-cvr|inec-pu-directory-2015
09-13-01,NG009014,CR,Ababene,ababene,,inec-cvr|inec-pu-directory-2015
09-13-02,NG009014,CR,Apiapum,apiapum,,inec-cvr|inec-pu-directory-2015
09-13-03,NG009014,CR,Iyamoyong,iyamoyong,,inec-cvr|inec-pu-directory-2015
09-13-04,NG009014,CR,Obubra Urban,obubra-urban,,inec-cvr|inec-pu-directory-2015
09-13-05,NG009014,CR,Ochon,ochon,,inec-cvr|inec-pu-directory-2015
09-13-06,NG009014,CR,Ofat,ofat,,inec-cvr|inec-pu-directory-2015
09-13-07,NG009014,CR,Ofodua,ofodua,,inec-cvr|inec-pu-directory-2015
09-13-08,NG009014,CR,Ofumbongha/Yala,ofumbongha-yala,,inec-cvr|inec-pu-directory-2015
09-13-09,NG009014,CR,Osopong I,osopong-i,,inec-cvr|inec-pu-directory-2015
09-13-10,NG009014,CR,Osopong II,osopong-ii,,inec-cvr|inec-pu-directory-2015
09-13-11,NG009014,CR,Ovonum,ovonum,,inec-cvr|inec-pu-directory-2015
09-14-01,NG009015,CR,Alege/Ubang,alege-ubang,,inec-cvr|inec-pu-directory-2015
09-14-02,NG009015,CR,Angiaba/Begiaka,angiaba-begiaka,,inec-cvr|inec-pu-directory-2015
09-14-03,NG009015,CR,Begiading,begiading,,inec-cvr|inec-pu-directory-2015
09-14-04,NG009015,CR,Ipong,ipong,,inec-cvr|inec-pu-directory-2015
09-14-05,NG009015,CR,Obudu Urban I,obudu-urban-i,,inec-cvr|inec-pu-directory-2015
09-14-06,NG009015,CR,Obudu Urban II,obudu-urban-ii,,inec-cvr|inec-pu-directory-2015
09-14-07,NG009015,CR,Ukpe,ukpe,,inec-cvr|inec-pu-directory-2015
09-14-08,NG009015,CR,Utugwang Central,utugwang-central,,inec-cvr|inec-pu-directory-2015
09-14-09,NG009015,CR,Utugwang North,utugwang-north,,inec-cvr|inec-pu-directory-2015
09-14-10,NG009015,CR,Utugwang South,utugwang-south,,inec-cvr|inec-pu-directory-2015
09-15-01,NG009016,CR,Adiabo/Efut,adiabo-efut,,inec-cvr|inec-pu-directory-2015
09-15-02,NG009016,CR,Akamkpa,akamkpa,,inec-cvr|inec-pu-directory-2015
09-15-03,NG009016,CR,Creek Town I,creek-town-i,,inec-cvr|inec-pu-directory-2015
09-15-04,NG009016,CR,Creek Town II,creek-town-ii,,inec-cvr|inec-pu-directory-2015
09-15-05,NG009016,CR,Ekori/Anaku,ekori-anaku,,inec-cvr|inec-pu-directory-2015
09-15-06,NG009016,CR,Eniong,eniong,,inec-cvr|inec-pu-directory-2015
09-15-07,NG009016,CR,Eki,eki,,inec-cvr|inec-pu-directory-2015
09-15-08,NG009016,CR,Obomitiat/Mbiabo/Ediong,obomitiat-mbiabo-ediong,,inec-cvr|inec-pu-directory-2015
09-15-09,NG009016,CR,Odot,odot,,inec-cvr|inec-pu-directory-2015
09-15-10,NG009016,CR,Odukpani Central,odukpani-central,,inec-cvr|inec-pu-directory-2015
09-15-11,NG009016,CR,Oniman-Kiong,oniman-kiong,,inec-cvr|inec-pu-directory-2015
09-15-12,NG009016,CR,Ikoneto,ikoneto,,inec-cvr|inec-pu-directory-2015
09-15-13,NG009016,CR,Ito/Idere/Ukwa,ito-idere-ukwa,,inec-cvr|inec-pu-directory-2015
09-16-01,NG009017,CR,Ekajuk I,ekajuk-i,,inec-cvr|inec-pu-directory-2015
09-16-02,NG009017,CR,Ekajuk II,ekajuk-ii,,inec-cvr|inec-pu-directory-2015
09-16-03,NG009017,CR,Mbube East I,mbube-east-i,,inec-cvr|inec-pu-directory-2015
09-16-04,NG009017,CR,Mbube East II,mbube-east-ii,,inec-cvr|inec-pu-directory-2015
09-16-05,NG009017,CR,Mbube West I,mbube-west-i,,inec-cvr|inec-pu-directory-2015
09-16-06,NG009017,CR,Mbube West II,mbube-west-ii,,inec-cvr|inec-pu-directory-2015
09-16-07,NG009017,CR,Nkum Iborr,nkum-iborr,,inec-cvr|inec-pu-directory-2015
09-16-08,NG009017,CR,Nkum Irede,nkum-irede,,inec-cvr|inec-pu-directory-2015
09-16-09,NG009017,CR,Ogoja Urban I,ogoja-urban-i,,inec-cvr|inec-pu-directory-2015
09-16-10,NG009017,CR,Ogoja Urban II,ogoja-urban-ii,,inec-cvr|inec-pu-directory-2015
09-17-01,NG009018,CR,Afrekpe/Ekpenti,afrekpe-ekpenti,,inec-cvr|inec-pu-directory-2015
09-17-02,NG009018,CR,Ajere,ajere,,inec-cvr|inec-pu-directory-2015
09-17-03,NG009018,CR,Assiga,assiga,,inec-cvr|inec-pu-directory-2015
09-17-04,NG009018,CR,Biko Biko,biko-biko,,inec-cvr|inec-pu-directory-2015
09-17-05,NG009018,CR,Idomi,idomi,,inec-cvr|inec-pu-directory-2015
09-17-06,NG009018,CR,Ijiman,ijiman,,inec-cvr|inec-pu-directory-2015
09-17-07,NG009018,CR,Ijom,ijom,,inec-cvr|inec-pu-directory-2015
09-17-08,NG009018,CR,Ikpakapit,ikpakapit,,inec-cvr|inec-pu-directory-2015
09-17-09,NG009018,CR,Inyima,inyima,,inec-cvr|inec-pu-directory-2015
09-17-10,NG009018,CR,Mkpani/Agoi,mkpani-agoi,,inec-cvr|inec-pu-directory-2015
09-17-11,NG009018,CR,Abanakpai,abanakpai,,inec-cvr|inec-pu-directory-2015
09-17-12,NG009018,CR,Nkpolo/Ukpawen,nkpolo-ukpawen,,inec-cvr|inec-pu-directory-2015
09-17-13,NG009018,CR,Ntan,ntan,,inec-cvr|inec-pu-directory-2015
09-18-01,NG009019,CR,Echumofana,echumofana,,inec-cvr|inec-pu-directory-2015
09-18-02,NG009019,CR,Gabu,gabu,,inec-cvr|inec-pu-directory-2015
09-18-03,NG009019,CR,Ijiraga,ijiraga,,inec-cvr|inec-pu-directory-2015
09-18-04,NG009019,CR,Ntrigom/Mfuma,ntrigom-mfuma,,inec-cvr|inec-pu-directory-2015
09-18-05,NG009019,CR,Okpoma,okpoma,,inec-cvr|inec-pu-directory-2015
09-18-06,NG009019,CR,Okuku,okuku,,inec-cvr|inec-pu-directory-2015
09-18-07,NG009019,CR,Wanihem,wanihem,,inec-cvr|inec-pu-directory-2015
09-18-08,NG009019,CR,Wanikade,wanikade,,inec-cvr|inec-pu-directory-2015
09-18-09,NG009019,CR,Wanakom,wanakom,,inec-cvr|inec-pu-directory-2015
09-18-10,NG009019,CR,Yache,yache,,inec-cvr|inec-pu-directory-2015
09-18-11,NG009019,CR,Yahe,yahe,,inec-cvr|inec-pu-directory-2015
10-01-01,NG010001,DE,Obior,obior,,inec-cvr
10-01-02,NG010001,DE,Onicha Ugbo,onicha-ugbo,,inec-cvr
10-01-03,NG010001,DE,Obomkpa,obomkpa,,inec-cvr
10-01-04,NG010001,DE,Onicha-Olona,onicha-olona,,inec-cvr
10-01-05,NG010001,DE,Issele-Azagba,issele-azagba,,inec-cvr
10-01-06,NG010001,DE,Issele Uku I,issele-uku-i,,inec-cvr
10-01-07,NG010001,DE,Issele Uku II,issele-uku-ii,,inec-cvr
10-01-08,NG010001,DE,Idumuje-Unor,idumuje-unor,,inec-cvr
10-01-09,NG010001,DE,Ukwu-Nzu,ukwu-nzu,,inec-cvr
10-01-10,NG010001,DE,Ezi,ezi,,inec-cvr
10-02-01,NG010002,DE,Ogwashi-Uku Village,ogwashi-uku-village,,inec-cvr
10-02-02,NG010002,DE,Ogwashi-Uku I,ogwashi-uku-i,,inec-cvr
10-02-03,NG010002,DE,Ogwashi-Uku II,ogwashi-uku-ii,,inec-cvr
10-02-04,NG010002,DE,Ubulu-Uku I,ubulu-uku-i,,inec-cvr
10-02-05,NG010002,DE,Ubulu-Uku II,ubulu-uku-ii,,inec-cvr
10-02-06,NG010002,DE,Ubulu-Unor,ubulu-unor,,inec-cvr
10-02-07,NG010002,DE,Nsukwa,nsukwa,,inec-cvr
10-02-08,NG010002,DE,Ejeme,ejeme,,inec-cvr
10-02-09,NG010002,DE,Isheagu-Ewulu,isheagu-ewulu,,inec-cvr
10-02-10,NG010002,DE,Aba-Unor,aba-unor,,inec-cvr
10-02-11,NG010002,DE,Ubulu Okiti,ubulu-okiti,,inec-cvr
10-03-01,NG010003,DE,Bomadi,bomadi,,inec-cvr
10-03-02,NG010003,DE,Kpakiama,kpakiama,,inec-cvr
10-03-03,NG010003,DE,Esanma,esanma,,inec-cvr
10-03-04,NG010003,DE,Ogriagbene,ogriagbene,,inec-cvr
10-03-05,NG010003,DE,Kolafiogbene/Ekametagbene,kolafiogbene-ekametagbene,,inec-cvr
10-03-06,NG010003,DE,Ogbeinama/Okoloba,ogbeinama-okoloba,,inec-cvr
10-03-07,NG010003,DE,Akugbene I,akugbene-i,,inec-cvr
10-03-08,NG010003,DE,Akugbene II,akugbene-ii,,inec-cvr
10-03-09,NG010003,DE,Akugbene III,akugbene-iii,,inec-cvr
10-03-10,NG010003,DE,Ogo-Eze,ogo-eze,,inec-cvr
10-04-01,NG010004,DE,Torugbene,torugbene,,inec-cvr
10-04-02,NG010004,DE,Tamigbe,tamigbe,,inec-cvr
10-04-03,NG010004,DE,Tuomo,tuomo,,inec-cvr
10-04-04,NG010004,DE,Seimbiri,seimbiri,,inec-cvr
10-04-05,NG010004,DE,Ojobo,ojobo,,inec-cvr
10-04-06,NG010004,DE,Bulou-Ndoro,bulou-ndoro,,inec-cvr
10-04-07,NG010004,DE,Ngbilebiri I,ngbilebiri-i,,inec-cvr
10-04-08,NG010004,DE,Ngbilebiri II,ngbilebiri-ii,,inec-cvr
10-04-09,NG010004,DE,Ogbolubiri,ogbolubiri,,inec-cvr
10-04-10,NG010004,DE,Obotebe,obotebe,,inec-cvr
10-04-11,NG010004,DE,Ogulagha,ogulagha,,inec-cvr
10-05-01,NG010005,DE,Abraka I,abraka-i,,inec-cvr
10-05-02,NG010005,DE,Abraka II,abraka-ii,,inec-cvr
10-05-03,NG010005,DE,Abraka III,abraka-iii,,inec-cvr
10-05-04,NG010005,DE,Agbon I,agbon-i,,inec-cvr
10-05-05,NG010005,DE,Agbon II,agbon-ii,,inec-cvr
10-05-06,NG010005,DE,Agbon III,agbon-iii,,inec-cvr
10-05-07,NG010005,DE,Agbon IV,agbon-iv,,inec-cvr
10-05-08,NG010005,DE,Agbon V,agbon-v,,inec-cvr
10-05-09,NG010005,DE,Agbon VI,agbon-vi,,inec-cvr
10-05-10,NG010005,DE,Agbon VII,agbon-vii,,inec-cvr
10-05-11,NG010005,DE,Agbon VIII,agbon-viii,,inec-cvr
10-06-01,NG010006,DE,Mosogar I,mosogar-i,,inec-cvr
10-06-02,NG010006,DE,Mosogar II,mosogar-ii,,inec-cvr
10-06-03,NG010006,DE,Jesse I,jesse-i,,inec-cvr
10-06-04,NG010006,DE,Jesse II,jesse-ii,,inec-cvr
10-06-05,NG010006,DE,Jesse III,jesse-iii,,inec-cvr
10-06-06,NG010006,DE,Jesse IV,jesse-iv,,inec-cvr
10-06-07,NG010006,DE,Oghara I,oghara-i,,inec-cvr
10-06-08,NG010006,DE,Oghara II,oghara-ii,,inec-cvr
10-06-09,NG010006,DE,Oghara III,oghara-iii,,inec-cvr
10-06-10,NG010006,DE,Oghara IV,oghara-iv,,inec-cvr
10-06-11,NG010006,DE,Oghara V,oghara-v,,inec-cvr
10-07-01,NG010007,DE,Owa I,owa-i,,inec-cvr
10-07-02,NG010007,DE,Owa II,owa-ii,,inec-cvr
10-07-03,NG010007,DE,Owa III,owa-iii,,inec-cvr
10-07-04,NG010007,DE,Owa IV,owa-iv,,inec-cvr
10-07-05,NG010007,DE,Owa V,owa-v,,inec-cvr
10-07-06,NG010007,DE,Owa VI,owa-vi,,inec-cvr
10-07-07,NG010007,DE,Akumazi,akumazi,,inec-cvr
10-07-08,NG010007,DE,Igbodo,igbodo,,inec-cvr
10-07-09,NG010007,DE,Ute-Okpu,ute-okpu,,inec-cvr
10-07-10,NG010007,DE,Idumuesah,idumuesah,,inec-cvr
10-07-11,NG010007,DE,Umunede,umunede,,inec-cvr
10-07-12,NG010007,DE,Mbiri,mbiri,,inec-cvr
10-07-13,NG010007,DE,Ute-Ogbeje,ute-ogbeje,,inec-cvr
10-07-14,NG010007,DE,Otolokpo,otolokpo,,inec-cvr
10-08-01,NG010008,DE,Agbor Town I,agbor-town-i,,inec-cvr
10-08-02,NG010008,DE,Agbor Town II,agbor-town-ii,,inec-cvr
10-08-03,NG010008,DE,Ihuozomor (Ozanogogo Alisimie),ihuozomor-ozanogogo-alisimie,,inec-cvr
10-08-04,NG010008,DE,Ihiuiyase I,ihiuiyase-i,,inec-cvr
10-08-05,NG010008,DE,Ekuku-Agbor,ekuku-agbor,,inec-cvr
10-08-06,NG010008,DE,Ihuiyase II,ihuiyase-ii,,inec-cvr
10-08-07,NG010008,DE,Boji-Boji I,boji-boji-i,,inec-cvr
10-08-08,NG010008,DE,Boji-Boji II,boji-boji-ii,,inec-cvr
10-08-09,NG010008,DE,Boji-Boji III,boji-boji-iii,,inec-cvr
10-08-10,NG010008,DE,Abavo I,abavo-i,,inec-cvr
10-08-11,NG010008,DE,Abavo II,abavo-ii,,inec-cvr
10-08-12,NG010008,DE,Abavo III,abavo-iii,,inec-cvr
10-09-01,NG010009,DE,Iyede I,iyede-i,,inec-cvr
10-09-02,NG010009,DE,Iyede II,iyede-ii,,inec-cvr
10-09-03,NG010009,DE,Ellu/Radheo/Ovrode,ellu-radheo-ovrode,,inec-cvr
10-09-04,NG010009,DE,Ofagbe,ofagbe,,inec-cvr
10-09-05,NG010009,DE,Iluelogbo,iluelogbo,,inec-cvr
10-09-06,NG010009,DE,Owhe/Akiehwe,owhe-akiehwe,,inec-cvr
10-09-07,NG010009,DE,Emevor,emevor,,inec-cvr
10-09-08,NG010009,DE,Okpe-Isoko,okpe-isoko,,inec-cvr
10-09-09,NG010009,DE,Ozoro I,ozoro-i,,inec-cvr
10-09-10,NG010009,DE,Ozoro II,ozoro-ii,,inec-cvr
10-09-11,NG010009,DE,Ozoro III,ozoro-iii,,inec-cvr
10-09-12,NG010009,DE,Oyede,oyede,,inec-cvr
10-09-13,NG010009,DE,Otibio,otibio,,inec-cvr
10-10-01,NG010010,DE,Oleh I,oleh-i,,inec-cvr
10-10-02,NG010010,DE,Oleh II,oleh-ii,,inec-cvr
10-10-03,NG010010,DE,Aviara,aviara,,inec-cvr
10-10-04,NG010010,DE,Uzere,uzere,,inec-cvr
10-10-05,NG010010,DE,Emede,emede,,inec-cvr
10-10-06,NG010010,DE,Olomoro,olomoro,,inec-cvr
10-10-07,NG010010,DE,Igbide,igbide,,inec-cvr
10-10-08,NG010010,DE,Erowa/Umeh,erowa-umeh,,inec-cvr
10-10-09,NG010010,DE,Enhwe/Okpolo,enhwe-okpolo,,inec-cvr
10-10-10,NG010010,DE,Irri I,irri-i,,inec-cvr
10-10-11,NG010010,DE,Irri II,irri-ii,,inec-cvr
10-11-01,NG010011,DE,Ossissa,ossissa,,inec-cvr
10-11-02,NG010011,DE,Afor/Obikwele,afor-obikwele,,inec-cvr
10-11-03,NG010011,DE,Abarra/Inyi/Onuaboh,abarra-inyi-onuaboh,,inec-cvr
10-11-04,NG010011,DE,Okpai/Utchi/Beneku,okpai-utchi-beneku,,inec-cvr
10-11-05,NG010011,DE,Aboh/Akarrai,aboh-akarrai,,inec-cvr
10-11-06,NG010011,DE,Onyia/Adiai/Otuoku/Umuolu,onyia-adiai-otuoku-umuolu,,inec-cvr
10-11-07,NG010011,DE,Ase,ase,,inec-cvr
10-11-08,NG010011,DE,Ibedeni,ibedeni,,inec-cvr
10-11-09,NG010011,DE,Ibrede/Igbuku/Onogbokor,ibrede-igbuku-onogbokor,,inec-cvr
10-11-10,NG010011,DE,Ashaka,ashaka,,inec-cvr
10-12-01,NG010012,DE,Utagba Ogbe,utagba-ogbe,,inec-cvr
10-12-02,NG010012,DE,Utagba Uno I,utagba-uno-i,,inec-cvr
10-12-03,NG010012,DE,Utagba Uno II,utagba-uno-ii,,inec-cvr
10-12-04,NG010012,DE,Utagba Uno III,utagba-uno-iii,,inec-cvr
10-12-05,NG010012,DE,Onicha-Ukwani,onicha-ukwani,,inec-cvr
10-12-06,NG010012,DE,Ogume I,ogume-i,,inec-cvr
10-12-07,NG010012,DE,Ogume II,ogume-ii,,inec-cvr
10-12-08,NG010012,DE,Abbi I,abbi-i,,inec-cvr
10-12-09,NG010012,DE,Abbi II,abbi-ii,,inec-cvr
10-12-10,NG010012,DE,Emu,emu,,inec-cvr
10-13-01,NG010013,DE,Orerokpe,orerokpe,,inec-cvr
10-13-02,NG010013,DE,Oviri-Okpe,oviri-okpe,,inec-cvr
10-13-03,NG010013,DE,Oha I,oha-i,,inec-cvr
10-13-04,NG010013,DE,Oha II,oha-ii,,inec-cvr
10-13-05,NG010013,DE,Aghalokpe,aghalokpe,,inec-cvr
10-13-06,NG010013,DE,Aragba Town,aragba-town,,inec-cvr
10-13-07,NG010013,DE,Mereje I,mereje-i,,inec-cvr
10-13-08,NG010013,DE,Mereje II,mereje-ii,,inec-cvr
10-13-09,NG010013,DE,Mereje III,mereje-iii,,inec-cvr
10-13-10,NG010013,DE,Ughoton,ughoton,,inec-cvr
10-14-01,NG010014,DE,Akwukwu,akwukwu,,inec-cvr
10-14-02,NG010014,DE,Ebu,ebu,,inec-cvr
10-14-03,NG010014,DE,Illah,illah,,inec-cvr
10-14-04,NG010014,DE,Ibusa I,ibusa-i,,inec-cvr
10-14-05,NG010014,DE,Ibusa II,ibusa-ii,,inec-cvr
10-14-06,NG010014,DE,Ibusa III,ibusa-iii,,inec-cvr
10-14-07,NG010014,DE,Ibusa IV,ibusa-iv,,inec-cvr
10-14-08,NG010014,DE,Ibusa V,ibusa-v,,inec-cvr
10-14-09,NG010014,DE,Okpanam,okpanam,,inec-cvr
10-14-10,NG010014,DE,Ukala,ukala,,inec-cvr
10-15-01,NG010015,DE,Ogbele/Akpako,ogbele-akpako,,inec-cvr
10-15-02,NG010015,DE,Anala-Amakom,anala-amakom,,inec-cvr
10-15-03,NG010015,DE,Okwe,okwe,,inec-cvr
10-15-04,NG010015,DE,Umuezei,umuezei,,inec-cvr
10-15-05,NG010015,DE,Umuaji,umuaji,,inec-cvr
10-15-06,NG010015,DE,Umuonaje,umuonaje,,inec-cvr
10-15-07,NG010015,DE,Agu,agu,,inec-cvr
10-15-08,NG010015,DE,Ugbomanta Quarters,ugbomanta-quarters,,inec-cvr
10-15-09,NG010015,DE,West End,west-end,,inec-cvr
10-15-10,NG010015,DE,Cable Point I,cable-point-i,,inec-cvr
10-15-11,NG010015,DE,Cable Point II,cable-point-ii,,inec-cvr
10-16-01,NG010016,DE,Abari,abari,,inec-cvr
10-16-02,NG010016,DE,Patani I,patani-i,,inec-cvr
10-16-03,NG010016,DE,Patani II,patani-ii,,inec-cvr
10-16-04,NG010016,DE,Patani III,patani-iii,,inec-cvr
10-16-05,NG010016,DE,Taware/Kolowara Aven,taware-kolowara-aven,,inec-cvr
10-16-06,NG010016,DE,Agoloma,agoloma,,inec-cvr
10-16-07,NG010016,DE,Toru-Angiama,toru-angiama,,inec-cvr
10-16-08,NG010016,DE,Bolou-Angiama,bolou-angiama,,inec-cvr
10-16-09,NG010016,DE,Uduophori,uduophori,,inec-cvr
10-16-10,NG010016,DE,Odorubu/Adobu/Bolou Apelebri,odorubu-adobu-bolou-apelebri,,inec-cvr
10-17-01,NG010017,DE,Sapele Urban I,sapele-urban-i,,inec-cvr
10-17-02,NG010017,DE,Sapele Urban II,sapele-urban-ii,,inec-cvr
10-17-03,NG010017,DE,Sapele Urban III,sapele-urban-iii,,inec-cvr
10-17-04,NG010017,DE,Sapele Urban IV,sapele-urban-iv,,inec-cvr
10-17-05,NG010017,DE,Sapele Urban V,sapele-urban-v,,inec-cvr
10-17-06,NG010017,DE,Sapele Urban VI,sapele-urban-vi,,inec-cvr
10-17-07,NG010017,DE,Sapele Urban VII,sapele-urban-vii,,inec-cvr
10-17-08,NG010017,DE,Sapele Urban VIII,sapele-urban-viii,,inec-cvr
10-17-09,NG010017,DE,Amuokpe,amuokpe,,inec-cvr
10-17-10,NG010017,DE,Elume,elume,,inec-cvr
10-17-11,NG010017,DE,Okokporo/Ugborhen,okokporo-ugborhen,,inec-cvr
10-18-01,NG010018,DE,Udu I,udu-i,,inec-cvr
10-18-02,NG010018,DE,Udu II,udu-ii,,inec-cvr
10-18-03,NG010018,DE,Udu III,udu-iii,,inec-cvr
10-18-04,NG010018,DE,Udu IV,udu-iv,,inec-cvr
10-18-05,NG010018,DE,Opete/Assagba/Edjophe,opete-assagba-edjophe,,inec-cvr
10-18-06,NG010018,DE,Ekete,ekete,,inec-cvr
10-18-07,NG010018,DE,Ovwian I,ovwian-i,,inec-cvr
10-18-08,NG010018,DE,Ovwian II,ovwian-ii,,inec-cvr
10-18-09,NG010018,DE,Orhuwhurun,orhuwhurun,,inec-cvr
10-18-10,NG010018,DE,Aladja,aladja,,inec-cvr
10-19-01,NG010019,DE,Agbarha,agbarha,,inec-cvr
10-19-02,NG010019,DE,Ogor,ogor,,inec-cvr
10-19-03,NG010019,DE,Orogun I,orogun-i,,inec-cvr
10-19-04,NG010019,DE,Orogun II,orogun-ii,,inec-cvr
10-19-05,NG010019,DE,Ughelli I,ughelli-i,,inec-cvr
10-19-06,NG010019,DE,Ughelli II,ughelli-ii,,inec-cvr
10-19-07,NG010019,DE,Ughelli III,ughelli-iii,,inec-cvr
10-19-08,NG010019,DE,Evwreni,evwreni,,inec-cvr
10-19-09,NG010019,DE,Uwheru,uwheru,,inec-cvr
10-19-10,NG010019,DE,Agbarho I,agbarho-i,,inec-cvr
10-19-11,NG010019,DE,Agbarho II,agbarho-ii,,inec-cvr
10-20-01,NG010020,DE,Ewu I,ewu-i,,inec-cvr
10-20-02,NG010020,DE,Ewu II,ewu-ii,,inec-cvr
10-20-03,NG010020,DE,Ewu III,ewu-iii,,inec-cvr
10-20-04,NG010020,DE,Olomu I,olomu-i,,inec-cvr
10-20-05,NG010020,DE,Olomu II,olomu-ii,,inec-cvr
10-20-06,NG010020,DE,Effurun-Otor,effurun-otor,,inec-cvr
10-20-07,NG010020,DE,Ekakpamre,ekakpamre,,inec-cvr
10-20-08,NG010020,DE,Jeremi I,jeremi-i,,inec-cvr
10-20-09,NG010020,DE,Jeremi II,jeremi-ii,,inec-cvr
10-20-10,NG010020,DE,Jeremi III,jeremi-iii,,inec-cvr
10-20-11,NG010020,DE,Jeremi IV,jeremi-iv,,inec-cvr
10-21-01,NG010021,DE,Umutu,umutu,,inec-cvr
10-21-02,NG010021,DE,Akoku,akoku,,inec-cvr
10-21-03,NG010021,DE,Ebedei,ebedei,,inec-cvr
10-21-04,NG010021,DE,Umukwata,umukwata,,inec-cvr
10-21-05,NG010021,DE,Eziokpor,eziokpor,,inec-cvr
10-21-06,NG010021,DE,Amai,amai,,inec-cvr
10-21-07,NG010021,DE,Ezionum,ezionum,,inec-cvr
10-21-08,NG010021,DE,Umuebu,umuebu,,inec-cvr
10-21-09,NG010021,DE,Obiaruku I,obiaruku-i,,inec-cvr
10-21-10,NG010021,DE,Obiaruku II,obiaruku-ii,,inec-cvr
10-22-01,NG010022,DE,Effurun I,effurun-i,,inec-cvr
10-22-02,NG010022,DE,Effurun II,effurun-ii,,inec-cvr
10-22-03,NG010022,DE,Enerhen I,enerhen-i,,inec-cvr
10-22-04,NG010022,DE,Enerhen II,enerhen-ii,,inec-cvr
10-22-05,NG010022,DE,Ugborikoko,ugborikoko,,inec-cvr
10-22-06,NG010022,DE,Ugboroke,ugboroke,,inec-cvr
10-22-07,NG010022,DE,Ugbomro/Ugbolokposo,ugbomro-ugbolokposo,,inec-cvr
10-22-08,NG010022,DE,Army Barracks Area,army-barracks-area,,inec-cvr
10-22-09,NG010022,DE,Ekpan I,ekpan-i,,inec-cvr
10-22-10,NG010022,DE,Ekpan II,ekpan-ii,,inec-cvr
10-23-01,NG010023,DE,Ogheye,ogheye,,inec-cvr
10-23-02,NG010023,DE,Gbokoda,gbokoda,,inec-cvr
10-23-03,NG010023,DE,Ebrohimi,ebrohimi,,inec-cvr
10-23-04,NG010023,DE,Eghoro,eghoro,,inec-cvr
10-23-05,NG010023,DE,Koko I,koko-i,,inec-cvr
10-23-06,NG010023,DE,Koko II,koko-ii,,inec-cvr
10-23-07,NG010023,DE,Opuama (Egbema I),opuama-egbema-i,,inec-cvr
10-23-08,NG010023,DE,Tsekelewu (Egbema II),tsekelewu-egbema-ii,,inec-cvr
10-23-09,NG010023,DE,Ogbinbiri (Egbema III),ogbinbiri-egbema-iii,,inec-cvr
10-23-10,NG010023,DE,Ogbudugbudu (Egbema IV),ogbudugbudu-egbema-iv,,inec-cvr
10-24-01,NG010024,DE,Obodo/Omadino,obodo-omadino,,inec-cvr
10-24-02,NG010024,DE,Ode-Itsekiri,ode-itsekiri,,inec-cvr
10-24-03,NG010024,DE,Ogunu/Ekurede-Urhobo,ogunu-ekurede-urhobo,,inec-cvr
10-24-04,NG010024,DE,Ugbuwangue/Ekurede-Itsekiri,ugbuwangue-ekurede-itsekiri,,inec-cvr
10-24-05,NG010024,DE,G.R.A.,g-r-a,,inec-cvr
10-24-06,NG010024,DE,Bowen,bowen,,inec-cvr
10-24-07,NG010024,DE,Pessu,pessu,,inec-cvr
10-24-08,NG010024,DE,Okere,okere,,inec-cvr
10-24-09,NG010024,DE,Igbudu,igbudu,,inec-cvr
10-24-10,NG010024,DE,Edjeba,edjeba,,inec-cvr
10-24-11,NG010024,DE,Okumagba I,okumagba-i,,inec-cvr
10-24-12,NG010024,DE,Okumagba II,okumagba-ii,,inec-cvr
10-25-01,NG010025,DE,Ogbe-Ijoh,ogbe-ijoh,,inec-cvr
10-25-02,NG010025,DE,Isaba,isaba,,inec-cvr
10-25-03,NG010025,DE,Oporoza,oporoza,,inec-cvr
10-25-04,NG010025,DE,Gbaramatu,gbaramatu,,inec-cvr
10-25-05,NG010025,DE,Ugborodo,ugborodo,,inec-cvr
10-25-06,NG010025,DE,Akpikpa,akpikpa,,inec-cvr
10-25-07,NG010025,DE,Madangho,madangho,,inec-cvr
10-25-08,NG010025,DE,Orere,orere,,inec-cvr
10-25-09,NG010025,DE,Aja-Udaibo,aja-udaibo,,inec-cvr
10-25-10,NG010025,DE,Ogidigben,ogidigben,,inec-cvr
11-01-01,NG011001,EB,Abakpa,abakpa,,inec-cvr|inec-pu-directory-2015
11-01-02,NG011001,EB,Amachi (Ndebo),amachi-ndebo,,inec-cvr|inec-pu-directory-2015
11-01-03,NG011001,EB,Amachi (Ndegu),amachi-ndegu,,inec-cvr|inec-pu-directory-2015
11-01-04,NG011001,EB,Amagu/Enyigba,amagu-enyigba,,inec-cvr|inec-pu-directory-2015
11-01-05,NG011001,EB,Amagu Unuhu,amagu-unuhu,,inec-cvr|inec-pu-directory-2015
11-01-06,NG011001,EB,Azumini/Azugwu,azumini-azugwu,,inec-cvr|inec-pu-directory-2015
11-01-07,NG011001,EB,Azuiyiokwu Layout,azuiyiokwu-layout,,inec-cvr|inec-pu-directory-2015
11-01-08,NG011001,EB,Azuiyi Udene,azuiyi-udene,,inec-cvr|inec-pu-directory-2015
11-01-09,NG011001,EB,Edda,edda,,inec-cvr|inec-pu-directory-2015
11-01-10,NG011001,EB,Izzi Unuhu,izzi-unuhu,,inec-cvr|inec-pu-directory-2015
11-01-11,NG011001,EB,Ndiagu,ndiagu,,inec-cvr|inec-pu-directory-2015
11-01-12,NG011001,EB,Okpoitumo Ndebor,okpoitumo-ndebor,,inec-cvr|inec-pu-directory-2015
11-01-13,NG011001,EB,Okpoitumo Ndiegu,okpoitumo-ndiegu,,inec-cvr|inec-pu-directory-2015
11-01-14,NG011001,EB,Timber Shed,timber-shed,,inec-cvr|inec-pu-directory-2015
11-02-01,NG011002,EB,Amata-Akpoha,amata-akpoha,,inec-cvr|inec-pu-directory-2015
11-02-02,NG011002,EB,Amogu Akpoha,amogu-akpoha,,inec-cvr|inec-pu-directory-2015
11-02-03,NG011002,EB,Ezeke Amasiri,ezeke-amasiri,,inec-cvr|inec-pu-directory-2015
11-02-04,NG011002,EB,Poperi Amasiri,poperi-amasiri,,inec-cvr|inec-pu-directory-2015
11-02-05,NG011002,EB,Itim Afikpo,itim-afikpo,,inec-cvr|inec-pu-directory-2015
11-02-06,NG011002,EB,Ibii/Oziza Afikpo,ibii-oziza-afikpo,,inec-cvr|inec-pu-directory-2015
11-02-07,NG011002,EB,Nkpoghoro Afikpo,nkpoghoro-afikpo,,inec-cvr|inec-pu-directory-2015
11-02-08,NG011002,EB,Ohaisu Afikpo A,ohaisu-afikpo-a,,inec-cvr|inec-pu-directory-2015
11-02-09,NG011002,EB,Ohaisu Afikpo B,ohaisu-afikpo-b,,inec-cvr|inec-pu-directory-2015
11-02-10,NG011002,EB,Ugwuegu Afikpo,ugwuegu-afikpo,,inec-cvr|inec-pu-directory-2015
11-02-11,NG011002,EB,Uwana Afikpo I,uwana-afikpo-i,,inec-cvr|inec-pu-directory-2015
11-02-12,NG011002,EB,Uwana Afikpo II,uwana-afikpo-ii,,inec-cvr|inec-pu-directory-2015
11-03-01,NG011003,EB,Amaeke Ekoli,amaeke-ekoli,,inec-cvr|inec-pu-directory-2015
11-03-02,NG011003,EB,Amaigbo,amaigbo,,inec-cvr|inec-pu-directory-2015
11-03-03,NG011003,EB,Amangwu,amangwu,,inec-cvr|inec-pu-directory-2015
11-03-04,NG011003,EB,Amiri Ekoli,amiri-ekoli,,inec-cvr|inec-pu-directory-2015
11-03-05,NG011003,EB,Amoso,amoso,,inec-cvr|inec-pu-directory-2015
11-03-06,NG011003,EB,Ebunwana,ebunwana,,inec-cvr|inec-pu-directory-2015
11-03-07,NG011003,EB,Ndioke Ekoli,ndioke-ekoli,,inec-cvr|inec-pu-directory-2015
11-03-08,NG011003,EB,Nguzu,nguzu,,inec-cvr|inec-pu-directory-2015
11-03-09,NG011003,EB,Ogbu (Amato),ogbu-amato,,inec-cvr|inec-pu-directory-2015
11-03-10,NG011003,EB,Oso,oso,,inec-cvr|inec-pu-directory-2015
11-03-11,NG011003,EB,Owutu,owutu,,inec-cvr|inec-pu-directory-2015
11-04-01,NG011004,EB,Abakpa,abakpa,,inec-cvr|inec-pu-directory-2015
11-04-02,NG011004,EB,Abofia,abofia,,inec-cvr|inec-pu-directory-2015
11-04-03,NG011004,EB,Agalegu,agalegu,,inec-cvr|inec-pu-directory-2015
11-04-04,NG011004,EB,Echiaba,echiaba,,inec-cvr|inec-pu-directory-2015
11-04-05,NG011004,EB,Egwudinagu,egwudinagu,,inec-cvr|inec-pu-directory-2015
11-04-06,NG011004,EB,Enyibichiri I,enyibichiri-i,,inec-cvr|inec-pu-directory-2015
11-04-07,NG011004,EB,Enyibichiri II,enyibichiri-ii,,inec-cvr|inec-pu-directory-2015
11-04-08,NG011004,EB,Kpirikpiri,kpirikpiri,,inec-cvr|inec-pu-directory-2015
11-04-09,NG011004,EB,Mbeke,mbeke,,inec-cvr|inec-pu-directory-2015
11-04-10,NG011004,EB,Ndiagu,ndiagu,,inec-cvr|inec-pu-directory-2015
11-04-11,NG011004,EB,Ndiebor,ndiebor,,inec-cvr|inec-pu-directory-2015
11-04-12,NG011004,EB,Onuenyim,onuenyim,,inec-cvr|inec-pu-directory-2015
11-04-13,NG011004,EB,Urban New Layout,urban-new-layout,,inec-cvr|inec-pu-directory-2015
11-05-01,NG011005,EB,Amuda/Amawula,amuda-amawula,,inec-cvr|inec-pu-directory-2015
11-05-02,NG011005,EB,Ekka,ekka,,inec-cvr|inec-pu-directory-2015
11-05-03,NG011005,EB,Inyere,inyere,,inec-cvr|inec-pu-directory-2015
11-05-04,NG011005,EB,Ndiaguazu-Umuoghara,ndiaguazu-umuoghara,,inec-cvr|inec-pu-directory-2015
11-05-05,NG011005,EB,Nkomoro,nkomoro,,inec-cvr|inec-pu-directory-2015
11-05-06,NG011005,EB,Ogboji,ogboji,,inec-cvr|inec-pu-directory-2015
11-05-07,NG011005,EB,Okposi Umuoghara,okposi-umuoghara,,inec-cvr|inec-pu-directory-2015
11-05-08,NG011005,EB,Omege Umuezeokoha,omege-umuezeokoha,,inec-cvr|inec-pu-directory-2015
11-05-09,NG011005,EB,Oriuzor,oriuzor,,inec-cvr|inec-pu-directory-2015
11-05-10,NG011005,EB,Oshiegbe Umuezeokoha,oshiegbe-umuezeokoha,,inec-cvr|inec-pu-directory-2015
11-05-11,NG011005,EB,Umuezeoka,umuezeoka,,inec-cvr|inec-pu-directory-2015
11-06-01,NG011006,EB,Amaezekwe,amaezekwe,,inec-cvr|inec-pu-directory-2015
11-06-02,NG011006,EB,Amagu/Nsokkara,amagu-nsokkara,,inec-cvr|inec-pu-directory-2015
11-06-03,NG011006,EB,Amana,amana,,inec-cvr|inec-pu-directory-2015
11-06-04,NG011006,EB,Ameka,ameka,,inec-cvr|inec-pu-directory-2015
11-06-05,NG011006,EB,Amudo/Okoffia,amudo-okoffia,,inec-cvr|inec-pu-directory-2015
11-06-06,NG011006,EB,Amuzu,amuzu,,inec-cvr|inec-pu-directory-2015
11-06-07,NG011006,EB,Echara,echara,,inec-cvr|inec-pu-directory-2015
11-06-08,NG011006,EB,Ezzama,ezzama,,inec-cvr|inec-pu-directory-2015
11-06-09,NG011006,EB,Ikwuator/Idembia,ikwuator-idembia,,inec-cvr|inec-pu-directory-2015
11-06-10,NG011006,EB,Onueke Urban,onueke-urban,,inec-cvr|inec-pu-directory-2015
11-06-11,NG011006,EB,Umunwagu/Idembia,umunwagu-idembia,,inec-cvr|inec-pu-directory-2015
11-07-01,NG011007,EB,Ama Inyima,ama-inyima,,inec-cvr|inec-pu-directory-2015
11-07-02,NG011007,EB,Echialike,echialike,,inec-cvr|inec-pu-directory-2015
11-07-03,NG011007,EB,Eka Awoke,eka-awoke,,inec-cvr|inec-pu-directory-2015
11-07-04,NG011007,EB,Ekpanwudele,ekpanwudele,,inec-cvr|inec-pu-directory-2015
11-07-05,NG011007,EB,Ekpelu,ekpelu,,inec-cvr|inec-pu-directory-2015
11-07-06,NG011007,EB,Enyibichiri,enyibichiri,,inec-cvr|inec-pu-directory-2015
11-07-07,NG011007,EB,Etam,etam,,inec-cvr|inec-pu-directory-2015
11-07-08,NG011007,EB,Igbudu I,igbudu-i,,inec-cvr|inec-pu-directory-2015
11-07-09,NG011007,EB,Igbudu II,igbudu-ii,,inec-cvr|inec-pu-directory-2015
11-07-10,NG011007,EB,Inyimagu I,inyimagu-i,,inec-cvr|inec-pu-directory-2015
11-07-11,NG011007,EB,Inyimagu II,inyimagu-ii,,inec-cvr|inec-pu-directory-2015
11-07-12,NG011007,EB,Ndiagu Amagu I,ndiagu-amagu-i,,inec-cvr|inec-pu-directory-2015
11-07-13,NG011007,EB,Ndiagu Amagu II,ndiagu-amagu-ii,,inec-cvr|inec-pu-directory-2015
11-07-14,NG011007,EB,Ndiagu Echara I,ndiagu-echara-i,,inec-cvr|inec-pu-directory-2015
11-07-15,NG011007,EB,Ndiagu Echara II,ndiagu-echara-ii,,inec-cvr|inec-pu-directory-2015
11-07-16,NG011007,EB,Ndufu Amagu I,ndufu-amagu-i,Ndufu Amagu,inec-cvr|inec-pu-directory-2015
11-07-17,NG011007,EB,Ndufu Amagu II,ndufu-amagu-ii,Ndufu Amagu I,inec-cvr|inec-pu-directory-2015
11-07-18,NG011007,EB,Ndufu Alike,ndufu-alike,,inec-cvr|inec-pu-directory-2015
11-07-19,NG011007,EB,Ndufu Echara,ndufu-echara,,inec-cvr|inec-pu-directory-2015
11-07-20,NG011007,EB,Noyo Alike,noyo-alike,Noye Alike,inec-cvr|inec-pu-directory-2015
11-08-01,NG011008,EB,Agba,agba,,inec-cvr|inec-pu-directory-2015
11-08-02,NG011008,EB,Amaezu,amaezu,,inec-cvr|inec-pu-directory-2015
11-08-03,NG011008,EB,"Azuinyaba ""A""",azuinyaba-a,,inec-cvr|inec-pu-directory-2015
11-08-04,NG011008,EB,"Azuinyaba ""B""",azuinyaba-b,,inec-cvr|inec-pu-directory-2015
11-08-05,NG011008,EB,Ezillo I,ezillo-i,,inec-cvr|inec-pu-directory-2015
11-08-06,NG011008,EB,Ezillo II,ezillo-ii,,inec-cvr|inec-pu-directory-2015
11-08-07,NG011008,EB,Ezzagu I (Ogboji),ezzagu-i-ogboji,,inec-cvr|inec-pu-directory-2015
11-08-08,NG011008,EB,Ezzagu II (Nkomoro),ezzagu-ii-nkomoro,,inec-cvr|inec-pu-directory-2015
11-08-09,NG011008,EB,Iyonu,iyonu,,inec-cvr|inec-pu-directory-2015
11-08-10,NG011008,EB,Nkalagu,nkalagu,,inec-cvr|inec-pu-directory-2015
11-08-11,NG011008,EB,Nkalaha,nkalaha,,inec-cvr|inec-pu-directory-2015
11-08-12,NG011008,EB,Ntezi,ntezi,,inec-cvr|inec-pu-directory-2015
11-08-13,NG011008,EB,Obeagu,obeagu,,inec-cvr|inec-pu-directory-2015
11-08-14,NG011008,EB,Ohofia,ohofia,,inec-cvr|inec-pu-directory-2015
11-08-15,NG011008,EB,Okpoto,okpoto,,inec-cvr|inec-pu-directory-2015
11-08-16,NG011008,EB,Umuhuali,umuhuali,,inec-cvr|inec-pu-directory-2015
11-09-01,NG011009,EB,Akaeze Ukwu,akaeze-ukwu,Akaeze Ishiagu,inec-cvr|inec-pu-directory-2015
11-09-02,NG011009,EB,Amaeze Ishiagu,amaeze-ishiagu,Akaeze Ukwu,inec-cvr|inec-pu-directory-2015
11-09-03,NG011009,EB,Amagu,amagu,,inec-cvr|inec-pu-directory-2015
11-09-04,NG011009,EB,Amonye,amonye,,inec-cvr|inec-pu-directory-2015
11-09-05,NG011009,EB,Ihenta Ogidi,ihenta-ogidi,,inec-cvr|inec-pu-directory-2015
11-09-06,NG011009,EB,Iyioji Akaeze,iyioji-akaeze,,inec-cvr|inec-pu-directory-2015
11-09-07,NG011009,EB,Ndiokoro Ukwu,ndiokoro-ukwu,,inec-cvr|inec-pu-directory-2015
11-09-08,NG011009,EB,Ngwogwo,ngwogwo,,inec-cvr|inec-pu-directory-2015
11-09-09,NG011009,EB,Obinagu,obinagu,,inec-cvr|inec-pu-directory-2015
11-09-10,NG011009,EB,Okue,okue,,inec-cvr|inec-pu-directory-2015
11-09-11,NG011009,EB,Umobo,umobo,,inec-cvr|inec-pu-directory-2015
11-10-01,NG011010,EB,Agbaja Mgbo,agbaja-mgbo,,inec-cvr|inec-pu-directory-2015
11-10-02,NG011010,EB,Agbaja Anyanwuigwe,agbaja-anyanwuigwe,,inec-cvr|inec-pu-directory-2015
11-10-03,NG011010,EB,Agbaja Offia Onwe,agbaja-offia-onwe,,inec-cvr|inec-pu-directory-2015
11-10-04,NG011010,EB,Ezza Inyimagu Igbuhu,ezza-inyimagu-igbuhu,,inec-cvr|inec-pu-directory-2015
11-10-05,NG011010,EB,Ezza Inyimagu-Igweledoha,ezza-inyimagu-igweledoha,,inec-cvr|inec-pu-directory-2015
11-10-06,NG011010,EB,Ezza Inyimagu-Iziogo,ezza-inyimagu-iziogo,,inec-cvr|inec-pu-directory-2015
11-10-07,NG011010,EB,Ezza Inyimagu Ndiagu,ezza-inyimagu-ndiagu,,inec-cvr|inec-pu-directory-2015
11-10-08,NG011010,EB,Igbeagu Nduogbu,igbeagu-nduogbu,,inec-cvr|inec-pu-directory-2015
11-10-09,NG011010,EB,Igbeagu Ndi Ettah,igbeagu-ndi-ettah,,inec-cvr|inec-pu-directory-2015
11-10-10,NG011010,EB,Igbeagu III,igbeagu-iii,,inec-cvr|inec-pu-directory-2015
11-10-11,NG011010,EB,Mgbalaukwu Inyimagu I,mgbalaukwu-inyimagu-i,,inec-cvr|inec-pu-directory-2015
11-10-12,NG011010,EB,Mgbalaukwu Inyimagu II,mgbalaukwu-inyimagu-ii,,inec-cvr|inec-pu-directory-2015
11-10-13,NG011010,EB,Ndieze Inyimagu Mgbabeluzor,ndieze-inyimagu-mgbabeluzor,,inec-cvr|inec-pu-directory-2015
11-10-14,NG011010,EB,Ndieze Inyimagu II Ndiabor Ishiagu,ndieze-inyimagu-ii-ndiabor-ishiagu,,inec-cvr|inec-pu-directory-2015
11-11-01,NG011011,EB,Amaechi Okposi,amaechi-okposi,,inec-cvr|inec-pu-directory-2015
11-11-02,NG011011,EB,Ene-Na-Ezeraku,ene-na-ezeraku,,inec-cvr|inec-pu-directory-2015
11-11-03,NG011011,EB,Mgbom Okposi,mgbom-okposi,,inec-cvr|inec-pu-directory-2015
11-11-04,NG011011,EB,Obiozara,obiozara,,inec-cvr|inec-pu-directory-2015
11-11-05,NG011011,EB,Okposi Achara,okposi-achara,,inec-cvr|inec-pu-directory-2015
11-11-06,NG011011,EB,Okposi Okwu,okposi-okwu,,inec-cvr|inec-pu-directory-2015
11-11-07,NG011011,EB,Ugbogologo Ugwulangwu,ugbogologo-ugwulangwu,,inec-cvr|inec-pu-directory-2015
11-11-08,NG011011,EB,Uhuotaru Ugwulangwu,uhuotaru-ugwulangwu,,inec-cvr|inec-pu-directory-2015
11-11-09,NG011011,EB,Umuchima,umuchima,,inec-cvr|inec-pu-directory-2015
11-11-10,NG011011,EB,Umunaga,umunaga,,inec-cvr|inec-pu-directory-2015
11-11-11,NG011011,EB,Umuobuna,umuobuna,,inec-cvr|inec-pu-directory-2015
11-12-01,NG011012,EB,Effium I,effium-i,,inec-cvr|inec-pu-directory-2015
11-12-02,NG011012,EB,Effium II,effium-ii,,inec-cvr|inec-pu-directory-2015
11-12-03,NG011012,EB,Ezzamgbo,ezzamgbo,,inec-cvr|inec-pu-directory-2015
11-12-04,NG011012,EB,Ishi Ngbo I,ishi-ngbo-i,,inec-cvr|inec-pu-directory-2015
11-12-05,NG011012,EB,Ishi Ngbo II,ishi-ngbo-ii,,inec-cvr|inec-pu-directory-2015
11-12-06,NG011012,EB,Ngbo,ngbo,,inec-cvr|inec-pu-directory-2015
11-12-07,NG011012,EB,Okposhi I,okposhi-i,,inec-cvr|inec-pu-directory-2015
11-12-08,NG011012,EB,Okposhi II,okposhi-ii,,inec-cvr|inec-pu-directory-2015
11-12-09,NG011012,EB,Umuagara/Amechi,umuagara-amechi,,inec-cvr|inec-pu-directory-2015
11-12-10,NG011012,EB,Umu Ogudu Oshia,umu-ogudu-oshia,,inec-cvr|inec-pu-directory-2015
11-12-11,NG011012,EB,Umu Ogudu Akpu I,umu-ogudu-akpu-i,,inec-cvr|inec-pu-directory-2015
11-12-12,NG011012,EB,Umu Ogudu Akpu II,umu-ogudu-akpu-ii,,inec-cvr|inec-pu-directory-2015
11-12-13,NG011012,EB,Wigbeke I,wigbeke-i,,inec-cvr|inec-pu-directory-2015
11-12-14,NG011012,EB,Wigbeke II,wigbeke-ii,,inec-cvr|inec-pu-directory-2015
11-12-15,NG011012,EB,Wigbeke III,wigbeke-iii,,inec-cvr|inec-pu-directory-2015
11-13-01,NG011013,EB,Abaomege,abaomege,,inec-cvr|inec-pu-directory-2015
11-13-02,NG011013,EB,Agbabor-Isu,agbabor-isu,,inec-cvr|inec-pu-directory-2015
11-13-03,NG011013,EB,Amanator-Isu,amanator-isu,,inec-cvr|inec-pu-directory-2015
11-13-04,NG011013,EB,Ebia Oshiri,ebia-oshiri,,inec-cvr|inec-pu-directory-2015
11-13-05,NG011013,EB,Enuagu-Onicha,enuagu-onicha,,inec-cvr|inec-pu-directory-2015
11-13-06,NG011013,EB,Isinkwo-Ukawu,isinkwo-ukawu,,inec-cvr|inec-pu-directory-2015
11-13-07,NG011013,EB,Isi-Onicha,isi-onicha,,inec-cvr|inec-pu-directory-2015
11-13-08,NG011013,EB,Obeagu-Isu,obeagu-isu,,inec-cvr|inec-pu-directory-2015
11-13-09,NG011013,EB,Oguduokwo Oshiri,oguduokwo-oshiri,,inec-cvr|inec-pu-directory-2015
11-13-10,NG011013,EB,Okuzu-Ukawu,okuzu-ukawu,,inec-cvr|inec-pu-directory-2015
11-13-11,NG011013,EB,Ugwu-Oshiri,ugwu-oshiri,,inec-cvr|inec-pu-directory-2015
11-13-12,NG011013,EB,Umudomi-Onicha,umudomi-onicha,,inec-cvr|inec-pu-directory-2015
12-01-01,NG012001,ED,Igarra I,igarra-i,,inec-cvr|inec-pu-directory-2015
12-01-02,NG012001,ED,Igarra II,igarra-ii,,inec-cvr|inec-pu-directory-2015
12-01-03,NG012001,ED,Imoga/Lampese/Bekuma/Ekpe,imoga-lampese-bekuma-ekpe,,inec-cvr|inec-pu-directory-2015
12-01-04,NG012001,ED,Ibillo/Ekpesa/Ekor/Ikiran-Ile/Oke,ibillo-ekpesa-ekor-ikiran-ile-oke,,inec-cvr|inec-pu-directory-2015
12-01-05,NG012001,ED,Makeke/Ojah/Dangbala/Ojirami/Anyawoza,makeke-ojah-dangbala-ojirami-anyawoza,,inec-cvr|inec-pu-directory-2015
12-01-06,NG012001,ED,Oloma/Okpe/Ijaja/Kakuma/Anyara,oloma-okpe-ijaja-kakuma-anyara,,inec-cvr|inec-pu-directory-2015
12-01-07,NG012001,ED,Somorika/Ogbe/Sasaro/Onumu/Eshawa/Ogugu Igboshi-Afe/Igboshi-Ele/Aiyegunle,somorika-ogbe-sasaro-onumu-eshawa-ogugu-igboshi-afe-igboshi-ele-aiyegunle,Somorika/Ogbe/Sasaro/Onumu/Eshawa/Ogugu Igb,inec-cvr|inec-pu-directory-2015
12-01-08,NG012001,ED,Enwan/Atte/Ikpeshi/Egbigele,enwan-atte-ikpeshi-egbigele,,inec-cvr|inec-pu-directory-2015
12-01-09,NG012001,ED,Uneme-Nekhua/Akpama/Aiyetoro/Ekpedo/Erhurun/Uneme Osu,uneme-nekhua-akpama-aiyetoro-ekpedo-erhurun-uneme-osu,Uneme-Nekhua/Akpama/Aiyetoro/Ekpedo/Erhurun/Un,inec-cvr|inec-pu-directory-2015
12-01-10,NG012001,ED,Ososo,ososo,,inec-cvr|inec-pu-directory-2015
12-02-01,NG012002,ED,Otubu,otubu,,inec-cvr|inec-pu-directory-2015
12-02-02,NG012002,ED,Oliha,oliha,,inec-cvr|inec-pu-directory-2015
12-02-03,NG012002,ED,Ogida/Use,ogida-use,,inec-cvr|inec-pu-directory-2015
12-02-04,NG012002,ED,Egor,egor,,inec-cvr|inec-pu-directory-2015
12-02-05,NG012002,ED,Uwelu,uwelu,,inec-cvr|inec-pu-directory-2015
12-02-06,NG012002,ED,Evbareke,evbareke,,inec-cvr|inec-pu-directory-2015
12-02-07,NG012002,ED,Uselu I,uselu-i,,inec-cvr|inec-pu-directory-2015
12-02-08,NG012002,ED,Uselu II,uselu-ii,,inec-cvr|inec-pu-directory-2015
12-02-09,NG012002,ED,Okhoro,okhoro,,inec-cvr|inec-pu-directory-2015
12-02-10,NG012002,ED,Ugbowo,ugbowo,,inec-cvr|inec-pu-directory-2015
12-03-01,NG012003,ED,Uneah,uneah,,inec-cvr|inec-pu-directory-2015
12-03-02,NG012003,ED,Uwessan I,uwessan-i,,inec-cvr|inec-pu-directory-2015
12-03-03,NG012003,ED,Uwessan II,uwessan-ii,,inec-cvr|inec-pu-directory-2015
12-03-04,NG012003,ED,Ikekato,ikekato,,inec-cvr|inec-pu-directory-2015
12-03-05,NG012003,ED,Otoruwo I,otoruwo-i,,inec-cvr|inec-pu-directory-2015
12-03-06,NG012003,ED,Otoruwo II,otoruwo-ii,,inec-cvr|inec-pu-directory-2015
12-03-07,NG012003,ED,Ewu I,ewu-i,,inec-cvr|inec-pu-directory-2015
12-03-08,NG012003,ED,Ewu II,ewu-ii,,inec-cvr|inec-pu-directory-2015
12-03-09,NG012003,ED,Opoji,opoji,,inec-cvr|inec-pu-directory-2015
12-03-10,NG012003,ED,Ugbegun,ugbegun,,inec-cvr|inec-pu-directory-2015
12-04-01,NG012004,ED,Egbele,egbele,,inec-cvr|inec-pu-directory-2015
12-04-02,NG012004,ED,Obeidu,obeidu,,inec-cvr|inec-pu-directory-2015
12-04-03,NG012004,ED,Arue,arue,,inec-cvr|inec-pu-directory-2015
12-04-04,NG012004,ED,Uelen/Okugbe,uelen-okugbe,,inec-cvr|inec-pu-directory-2015
12-04-05,NG012004,ED,Idumu-Okojie,idumu-okojie,,inec-cvr|inec-pu-directory-2015
12-04-06,NG012004,ED,Uzea,uzea,,inec-cvr|inec-pu-directory-2015
12-04-07,NG012004,ED,Amedokhian,amedokhian,,inec-cvr|inec-pu-directory-2015
12-04-08,NG012004,ED,Efandion,efandion,,inec-cvr|inec-pu-directory-2015
12-04-09,NG012004,ED,Uwalor,uwalor,,inec-cvr|inec-pu-directory-2015
12-04-10,NG012004,ED,Ewoyi,ewoyi,,inec-cvr|inec-pu-directory-2015
12-04-11,NG012004,ED,Ubierumu,ubierumu,,inec-cvr|inec-pu-directory-2015
12-05-01,NG012005,ED,Ewohimi I,ewohimi-i,,inec-cvr|inec-pu-directory-2015
12-05-02,NG012005,ED,Ewohimi II,ewohimi-ii,,inec-cvr|inec-pu-directory-2015
12-05-03,NG012005,ED,Ewatto,ewatto,,inec-cvr|inec-pu-directory-2015
12-05-04,NG012005,ED,Ohordua,ohordua,,inec-cvr|inec-pu-directory-2015
12-05-05,NG012005,ED,Emu,emu,,inec-cvr|inec-pu-directory-2015
12-05-06,NG012005,ED,Ubiaja I,ubiaja-i,,inec-cvr|inec-pu-directory-2015
12-05-07,NG012005,ED,Ubiaja II,ubiaja-ii,,inec-cvr|inec-pu-directory-2015
12-05-08,NG012005,ED,Illushi I,illushi-i,,inec-cvr|inec-pu-directory-2015
12-05-09,NG012005,ED,Illushi II,illushi-ii,,inec-cvr|inec-pu-directory-2015
12-05-10,NG012005,ED,Ugboha,ugboha,,inec-cvr|inec-pu-directory-2015
12-06-01,NG012006,ED,Ogwa,ogwa,,inec-cvr|inec-pu-directory-2015
12-06-02,NG012006,ED,Ujiogba,ujiogba,,inec-cvr|inec-pu-directory-2015
12-06-03,NG012006,ED,Egoro/Idoa/Ukhun,egoro-idoa-ukhun,,inec-cvr|inec-pu-directory-2015
12-06-04,NG012006,ED,Emaudo/Eguare/Ekpoma,emaudo-eguare-ekpoma,,inec-cvr|inec-pu-directory-2015
12-06-05,NG012006,ED,Ihunmudumu/Idumebo/Uke/Ujemen,ihunmudumu-idumebo-uke-ujemen,,inec-cvr|inec-pu-directory-2015
12-06-06,NG012006,ED,Iruekpen,iruekpen,,inec-cvr|inec-pu-directory-2015
12-06-07,NG012006,ED,Emuhi/Ukpenu/Ujoelen/Igor,emuhi-ukpenu-ujoelen-igor,Emuhi/Ukpenu/Ujoelen,inec-cvr|inec-pu-directory-2015
12-06-08,NG012006,ED,Urohi,urohi,,inec-cvr|inec-pu-directory-2015
12-06-09,NG012006,ED,Uhiele,uhiele,,inec-cvr|inec-pu-directory-2015
12-06-10,NG012006,ED,Illeh/Eko-Ine,illeh-eko-ine,,inec-cvr|inec-pu-directory-2015
12-07-01,NG012007,ED,Fugar I,fugar-i,,inec-cvr|inec-pu-directory-2015
12-07-02,NG012007,ED,Fugar II,fugar-ii,,inec-cvr|inec-pu-directory-2015
12-07-03,NG012007,ED,Fugar III,fugar-iii,,inec-cvr|inec-pu-directory-2015
12-07-04,NG012007,ED,Ogbona,ogbona,,inec-cvr|inec-pu-directory-2015
12-07-05,NG012007,ED,Iraokhor,iraokhor,,inec-cvr|inec-pu-directory-2015
12-07-06,NG012007,ED,Ekperi I,ekperi-i,,inec-cvr|inec-pu-directory-2015
12-07-07,NG012007,ED,Ekperi II,ekperi-ii,,inec-cvr|inec-pu-directory-2015
12-07-08,NG012007,ED,Ekperi III,ekperi-iii,,inec-cvr|inec-pu-directory-2015
12-07-09,NG012007,ED,South Uneme I,south-uneme-i,,inec-cvr|inec-pu-directory-2015
12-07-10,NG012007,ED,South Uneme II,south-uneme-ii,,inec-cvr|inec-pu-directory-2015
12-08-01,NG012008,ED,Agenebode,agenebode,,inec-cvr|inec-pu-directory-2015
12-08-02,NG012008,ED,Wanno I,wanno-i,,inec-cvr|inec-pu-directory-2015
12-08-03,NG012008,ED,Wanno II,wanno-ii,,inec-cvr|inec-pu-directory-2015
12-08-04,NG012008,ED,Weppa,weppa,,inec-cvr|inec-pu-directory-2015
12-08-05,NG012008,ED,Okpella I,okpella-i,,inec-cvr|inec-pu-directory-2015
12-08-06,NG012008,ED,Okpella II,okpella-ii,,inec-cvr|inec-pu-directory-2015
12-08-07,NG012008,ED,Okpella III,okpella-iii,,inec-cvr|inec-pu-directory-2015
12-08-08,NG012008,ED,Okpella IV,okpella-iv,,inec-cvr|inec-pu-directory-2015
12-08-09,NG012008,ED,Three Ibies,three-ibies,,inec-cvr|inec-pu-directory-2015
12-08-10,NG012008,ED,Okpekpe,okpekpe,,inec-cvr|inec-pu-directory-2015
12-09-01,NG012009,ED,Auchi,auchi,,inec-cvr|inec-pu-directory-2015
12-09-02,NG012009,ED,Auchi I,auchi-i,,inec-cvr|inec-pu-directory-2015
12-09-03,NG012009,ED,Auchi II,auchi-ii,,inec-cvr|inec-pu-directory-2015
12-09-04,NG012009,ED,Auchi III,auchi-iii,,inec-cvr|inec-pu-directory-2015
12-09-05,NG012009,ED,South Ibie,south-ibie,,inec-cvr|inec-pu-directory-2015
12-09-06,NG012009,ED,Jagbe,jagbe,,inec-cvr|inec-pu-directory-2015
12-09-07,NG012009,ED,Aviele,aviele,,inec-cvr|inec-pu-directory-2015
12-09-08,NG012009,ED,Anwain,anwain,,inec-cvr|inec-pu-directory-2015
12-09-09,NG012009,ED,Uzairue North West,uzairue-north-west,,inec-cvr|inec-pu-directory-2015
12-09-10,NG012009,ED,Uzairue North East,uzairue-north-east,,inec-cvr|inec-pu-directory-2015
12-09-11,NG012009,ED,Uzairue South West,uzairue-south-west,,inec-cvr|inec-pu-directory-2015
12-09-12,NG012009,ED,Uzairue South East,uzairue-south-east,,inec-cvr|inec-pu-directory-2015
12-10-01,NG012010,ED,Ekekhen/Idumuogo/Egbiki,ekekhen-idumuogo-egbiki,,inec-cvr|inec-pu-directory-2015
12-10-02,NG012010,ED,Idigun/Idumedo,idigun-idumedo,,inec-cvr|inec-pu-directory-2015
12-10-03,NG012010,ED,Afuda/Idumuoka,afuda-idumuoka,,inec-cvr|inec-pu-directory-2015
12-10-04,NG012010,ED,Uhe/Idumuogbo/Idumueke,uhe-idumuogbo-idumueke,,inec-cvr|inec-pu-directory-2015
12-10-05,NG012010,ED,Udo,udo,,inec-cvr|inec-pu-directory-2015
12-10-06,NG012010,ED,Owu/Okuta/Eguare Ebelle,owu-okuta-eguare-ebelle,,inec-cvr|inec-pu-directory-2015
12-10-07,NG012010,ED,Okalo/Okpujie,okalo-okpujie,,inec-cvr|inec-pu-directory-2015
12-10-08,NG012010,ED,Amahor/Ugun,amahor-ugun,,inec-cvr|inec-pu-directory-2015
12-10-09,NG012010,ED,Ewossa,ewossa,,inec-cvr|inec-pu-directory-2015
12-10-10,NG012010,ED,Ekpon,ekpon,,inec-cvr|inec-pu-directory-2015
12-11-01,NG012011,ED,Iwogban/Uteh,iwogban-uteh,,inec-cvr|inec-pu-directory-2015
12-11-02,NG012011,ED,Oregbeni,oregbeni,,inec-cvr|inec-pu-directory-2015
12-11-03,NG012011,ED,Ogbeson,ogbeson,,inec-cvr|inec-pu-directory-2015
12-11-04,NG012011,ED,Aduwawa/Evbo Modu,aduwawa-evbo-modu,,inec-cvr|inec-pu-directory-2015
12-11-05,NG012011,ED,St. Saviour,st-saviour,,inec-cvr|inec-pu-directory-2015
12-11-06,NG012011,ED,Gorretti,gorretti,,inec-cvr|inec-pu-directory-2015
12-11-07,NG012011,ED,Ugbekun,ugbekun,,inec-cvr|inec-pu-directory-2015
12-11-08,NG012011,ED,Idogbo,idogbo,,inec-cvr|inec-pu-directory-2015
12-11-09,NG012011,ED,Obayantor,obayantor,,inec-cvr|inec-pu-directory-2015
12-11-10,NG012011,ED,Ologbo,ologbo,,inec-cvr|inec-pu-directory-2015
12-12-01,NG012012,ED,Ogbe,ogbe,,inec-cvr|inec-pu-directory-2015
12-12-02,NG012012,ED,Gra/Etete,gra-etete,,inec-cvr|inec-pu-directory-2015
12-12-03,NG012012,ED,Uzebu,uzebu,,inec-cvr|inec-pu-directory-2015
12-12-04,NG012012,ED,Urubi/Evbiemwen/Iwehen,urubi-evbiemwen-iwehen,,inec-cvr|inec-pu-directory-2015
12-12-05,NG012012,ED,Ihogbe/Isekhere/Oreoghene/Ibiwe/Ice Road,ihogbe-isekhere-oreoghene-ibiwe-ice-road,,inec-cvr|inec-pu-directory-2015
12-12-06,NG012012,ED,New Benin I,new-benin-i,,inec-cvr|inec-pu-directory-2015
12-12-07,NG012012,ED,New Benin II,new-benin-ii,,inec-cvr|inec-pu-directory-2015
12-12-08,NG012012,ED,Oredo,oredo,,inec-cvr|inec-pu-directory-2015
12-12-09,NG012012,ED,Ikpema/Eguadase,ikpema-eguadase,,inec-cvr|inec-pu-directory-2015
12-12-10,NG012012,ED,Unueru/Ogboka,unueru-ogboka,,inec-cvr|inec-pu-directory-2015
12-12-11,NG012012,ED,Ogbelaka/Nekpenekpen,ogbelaka-nekpenekpen,,inec-cvr|inec-pu-directory-2015
12-12-12,NG012012,ED,Ibiwe/Iwegie/Ugbague,ibiwe-iwegie-ugbague,,inec-cvr|inec-pu-directory-2015
12-13-01,NG012013,ED,Aibiokunla I,aibiokunla-i,,inec-cvr|inec-pu-directory-2015
12-13-02,NG012013,ED,Aibiokunla II,aibiokunla-ii,,inec-cvr|inec-pu-directory-2015
12-13-03,NG012013,ED,Ugbeka,ugbeka,,inec-cvr|inec-pu-directory-2015
12-13-04,NG012013,ED,Iyoba,iyoba,,inec-cvr|inec-pu-directory-2015
12-13-05,NG012013,ED,Ugboko,ugboko,,inec-cvr|inec-pu-directory-2015
12-13-06,NG012013,ED,Ukpato,ukpato,,inec-cvr|inec-pu-directory-2015
12-13-07,NG012013,ED,Urhonigbe North,urhonigbe-north,,inec-cvr|inec-pu-directory-2015
12-13-08,NG012013,ED,Urhonigbe South,urhonigbe-south,,inec-cvr|inec-pu-directory-2015
12-13-09,NG012013,ED,Ugu,ugu,,inec-cvr|inec-pu-directory-2015
12-13-10,NG012013,ED,Evboesi,evboesi,,inec-cvr|inec-pu-directory-2015
12-13-11,NG012013,ED,Igbanke East,igbanke-east,,inec-cvr|inec-pu-directory-2015
12-13-12,NG012013,ED,Igbanke West,igbanke-west,,inec-cvr|inec-pu-directory-2015
12-14-01,NG012014,ED,Okada West,okada-west,,inec-cvr|inec-pu-directory-2015
12-14-02,NG012014,ED,Okada East,okada-east,,inec-cvr|inec-pu-directory-2015
12-14-03,NG012014,ED,Uhen,uhen,,inec-cvr|inec-pu-directory-2015
12-14-04,NG012014,ED,Adolor,adolor,,inec-cvr|inec-pu-directory-2015
12-14-05,NG012014,ED,Ofunmwegbe,ofunmwegbe,,inec-cvr|inec-pu-directory-2015
12-14-06,NG012014,ED,Oluku,oluku,,inec-cvr|inec-pu-directory-2015
12-14-07,NG012014,ED,Uhiere,uhiere,,inec-cvr|inec-pu-directory-2015
12-14-08,NG012014,ED,Isiuwa,isiuwa,,inec-cvr|inec-pu-directory-2015
12-14-09,NG012014,ED,Okokhuo,okokhuo,,inec-cvr|inec-pu-directory-2015
12-14-10,NG012014,ED,Oghede,oghede,,inec-cvr|inec-pu-directory-2015
12-14-11,NG012014,ED,Oduna,oduna,,inec-cvr|inec-pu-directory-2015
12-14-12,NG012014,ED,Iguoshodin,iguoshodin,,inec-cvr|inec-pu-directory-2015
12-14-13,NG012014,ED,Utoka,utoka,,inec-cvr|inec-pu-directory-2015
12-15-01,NG012015,ED,Iguobazuwa East,iguobazuwa-east,,inec-cvr|inec-pu-directory-2015
12-15-02,NG012015,ED,Iguobazuwa West,iguobazuwa-west,,inec-cvr|inec-pu-directory-2015
12-15-03,NG012015,ED,Umaza,umaza,,inec-cvr|inec-pu-directory-2015
12-15-04,NG012015,ED,Siluko,siluko,,inec-cvr|inec-pu-directory-2015
12-15-05,NG012015,ED,Udo,udo,,inec-cvr|inec-pu-directory-2015
12-15-06,NG012015,ED,Ora,ora,,inec-cvr|inec-pu-directory-2015
12-15-07,NG012015,ED,Usen,usen,,inec-cvr|inec-pu-directory-2015
12-15-08,NG012015,ED,Ugbogui,ugbogui,,inec-cvr|inec-pu-directory-2015
12-15-09,NG012015,ED,Ofunama,ofunama,,inec-cvr|inec-pu-directory-2015
12-15-10,NG012015,ED,Nikorogha,nikorogha,,inec-cvr|inec-pu-directory-2015
12-16-01,NG012016,ED,Emai I,emai-i,,inec-cvr|inec-pu-directory-2015
12-16-02,NG012016,ED,Emai II,emai-ii,,inec-cvr|inec-pu-directory-2015
12-16-03,NG012016,ED,Ihievbe I,ihievbe-i,,inec-cvr|inec-pu-directory-2015
12-16-04,NG012016,ED,Ihievbe II,ihievbe-ii,,inec-cvr|inec-pu-directory-2015
12-16-05,NG012016,ED,Uokha/Ake,uokha-ake,,inec-cvr|inec-pu-directory-2015
12-16-06,NG012016,ED,Igue/Ikao,igue-ikao,,inec-cvr|inec-pu-directory-2015
12-16-07,NG012016,ED,Ivbimion,ivbimion,Ivbianion,inec-cvr|inec-pu-directory-2015
12-16-08,NG012016,ED,Otuo I,otuo-i,,inec-cvr|inec-pu-directory-2015
12-16-09,NG012016,ED,Otuo II,otuo-ii,,inec-cvr|inec-pu-directory-2015
12-16-10,NG012016,ED,Ivbiadaobi,ivbiadaobi,,inec-cvr|inec-pu-directory-2015
12-16-11,NG012016,ED,Warrake,warrake,,inec-cvr|inec-pu-directory-2015
12-17-01,NG012017,ED,Ozalla,ozalla,,inec-cvr|inec-pu-directory-2015
12-17-02,NG012017,ED,Uhonmora,uhonmora,,inec-cvr|inec-pu-directory-2015
12-17-03,NG012017,ED,Eme-Ora/Oke,eme-ora-oke,,inec-cvr|inec-pu-directory-2015
12-17-04,NG012017,ED,Sabongida/Ora/Ogbeturu,sabongida-ora-ogbeturu,,inec-cvr|inec-pu-directory-2015
12-17-05,NG012017,ED,Avbiosi,avbiosi,,inec-cvr|inec-pu-directory-2015
12-17-06,NG012017,ED,Ukhuse-Osi,ukhuse-osi,,inec-cvr|inec-pu-directory-2015
12-17-07,NG012017,ED,Eruere,eruere,,inec-cvr|inec-pu-directory-2015
12-17-08,NG012017,ED,Okpuje,okpuje,,inec-cvr|inec-pu-directory-2015
12-17-09,NG012017,ED,Uzebba I,uzebba-i,,inec-cvr|inec-pu-directory-2015
12-17-10,NG012017,ED,Uzebba II,uzebba-ii,,inec-cvr|inec-pu-directory-2015
12-17-11,NG012017,ED,Sobe,sobe,,inec-cvr|inec-pu-directory-2015
12-18-01,NG012018,ED,Ehor,ehor,,inec-cvr|inec-pu-directory-2015
12-18-02,NG012018,ED,Uhi,uhi,,inec-cvr|inec-pu-directory-2015
12-18-03,NG012018,ED,Igieduma,igieduma,,inec-cvr|inec-pu-directory-2015
12-18-04,NG012018,ED,Irhue,irhue,,inec-cvr|inec-pu-directory-2015
12-18-05,NG012018,ED,Umagbae North,umagbae-north,,inec-cvr|inec-pu-directory-2015
12-18-06,NG012018,ED,Umagbae South,umagbae-south,,inec-cvr|inec-pu-directory-2015
12-18-07,NG012018,ED,Isi North,isi-north,,inec-cvr|inec-pu-directory-2015
12-18-08,NG012018,ED,Isi South,isi-south,,inec-cvr|inec-pu-directory-2015
12-18-09,NG012018,ED,Ohuan,ohuan,,inec-cvr|inec-pu-directory-2015
12-18-10,NG012018,ED,Egbede,egbede,,inec-cvr|inec-pu-directory-2015
13-01-01,NG013001,EK,Ado 'A' Idofin,ado-a-idofin,,inec-cvr|inec-pu-directory-2015
13-01-02,NG013001,EK,Ado 'B' Inisa,ado-b-inisa,,inec-cvr|inec-pu-directory-2015
13-01-03,NG013001,EK,Ado 'C' Idolofin,ado-c-idolofin,,inec-cvr|inec-pu-directory-2015
13-01-04,NG013001,EK,Ado 'D' Ijigbo,ado-d-ijigbo,,inec-cvr|inec-pu-directory-2015
13-01-05,NG013001,EK,Ado 'E' Ijoka,ado-e-ijoka,,inec-cvr|inec-pu-directory-2015
13-01-06,NG013001,EK,Ado 'F' Okeyinmi,ado-f-okeyinmi,,inec-cvr|inec-pu-directory-2015
13-01-07,NG013001,EK,Ado 'G' Oke Ila,ado-g-oke-ila,,inec-cvr|inec-pu-directory-2015
13-01-08,NG013001,EK,Ado 'H' Ereguru,ado-h-ereguru,,inec-cvr|inec-pu-directory-2015
13-01-09,NG013001,EK,Ado 'I' Dallimore,ado-i-dallimore,,inec-cvr|inec-pu-directory-2015
13-01-10,NG013001,EK,Ado 'J' Okesa,ado-j-okesa,,inec-cvr|inec-pu-directory-2015
13-01-11,NG013001,EK,Ado 'K' Irona,ado-k-irona,,inec-cvr|inec-pu-directory-2015
13-01-12,NG013001,EK,Ado 'L' Igbehin,ado-l-igbehin,,inec-cvr|inec-pu-directory-2015
13-01-13,NG013001,EK,Ado 'M' Farm Settlement,ado-m-farm-settlement,,inec-cvr|inec-pu-directory-2015
13-02-01,NG013003,EK,Efon I,efon-i,,inec-cvr|inec-pu-directory-2015
13-02-02,NG013003,EK,Efon II,efon-ii,,inec-cvr|inec-pu-directory-2015
13-02-03,NG013003,EK,Efon III,efon-iii,,inec-cvr|inec-pu-directory-2015
13-02-04,NG013003,EK,Efon IV,efon-iv,,inec-cvr|inec-pu-directory-2015
13-02-05,NG013003,EK,Efon V,efon-v,,inec-cvr|inec-pu-directory-2015
13-02-06,NG013003,EK,Efon VI,efon-vi,,inec-cvr|inec-pu-directory-2015
13-02-07,NG013003,EK,Efon VII,efon-vii,,inec-cvr|inec-pu-directory-2015
13-02-08,NG013003,EK,Efon VIII,efon-viii,,inec-cvr|inec-pu-directory-2015
13-02-09,NG013003,EK,Efon IX,efon-ix,,inec-cvr|inec-pu-directory-2015
13-02-10,NG013003,EK,Efon X,efon-x,,inec-cvr|inec-pu-directory-2015
13-03-01,NG013004,EK,Omuo-Oke I,omuo-oke-i,,inec-cvr|inec-pu-directory-2015
13-03-02,NG013004,EK,Omuo Oke II,omuo-oke-ii,,inec-cvr|inec-pu-directory-2015
13-03-03,NG013004,EK,Araromi Omuo,araromi-omuo,,inec-cvr|inec-pu-directory-2015
13-03-04,NG013004,EK,Kota I,kota-i,,inec-cvr|inec-pu-directory-2015
13-03-05,NG013004,EK,Kota II,kota-ii,,inec-cvr|inec-pu-directory-2015
13-03-06,NG013004,EK,Obadore I,obadore-i,,inec-cvr|inec-pu-directory-2015
13-03-07,NG013004,EK,Obadore II,obadore-ii,,inec-cvr|inec-pu-directory-2015
13-03-08,NG013004,EK,Obadore III,obadore-iii,,inec-cvr|inec-pu-directory-2015
13-03-09,NG013004,EK,Obadore IV,obadore-iv,,inec-cvr|inec-pu-directory-2015
13-03-10,NG013004,EK,Ilasa I,ilasa-i,,inec-cvr|inec-pu-directory-2015
13-03-11,NG013004,EK,Ilasa II/Ikun/Araromi,ilasa-ii-ikun-araromi,,inec-cvr|inec-pu-directory-2015
13-03-12,NG013004,EK,Isinbode,isinbode,,inec-cvr|inec-pu-directory-2015
13-04-01,NG013006,EK,Aramoko I,aramoko-i,,inec-cvr|inec-pu-directory-2015
13-04-02,NG013006,EK,Aramoko II,aramoko-ii,,inec-cvr|inec-pu-directory-2015
13-04-03,NG013006,EK,Aramoko III/Erio,aramoko-iii-erio,,inec-cvr|inec-pu-directory-2015
13-04-04,NG013006,EK,Erijiyan I,erijiyan-i,,inec-cvr|inec-pu-directory-2015
13-04-05,NG013006,EK,Erijiyan II,erijiyan-ii,,inec-cvr|inec-pu-directory-2015
13-04-06,NG013006,EK,Ikogosi,ikogosi,,inec-cvr|inec-pu-directory-2015
13-04-07,NG013006,EK,Ipole Iloro,ipole-iloro,,inec-cvr|inec-pu-directory-2015
13-04-08,NG013006,EK,Okemesi I,okemesi-i,,inec-cvr|inec-pu-directory-2015
13-04-09,NG013006,EK,Okemesi II,okemesi-ii,,inec-cvr|inec-pu-directory-2015
13-04-10,NG013006,EK,Okemesi III,okemesi-iii,,inec-cvr|inec-pu-directory-2015
13-04-11,NG013006,EK,Ido Ajinare,ido-ajinare,,inec-cvr|inec-pu-directory-2015
13-05-01,NG013005,EK,Ilawe I,ilawe-i,,inec-cvr|inec-pu-directory-2015
13-05-02,NG013005,EK,Ilawe II,ilawe-ii,,inec-cvr|inec-pu-directory-2015
13-05-03,NG013005,EK,Ilawe III,ilawe-iii,,inec-cvr|inec-pu-directory-2015
13-05-04,NG013005,EK,Ilawe IV,ilawe-iv,,inec-cvr|inec-pu-directory-2015
13-05-05,NG013005,EK,Ilawe V,ilawe-v,,inec-cvr|inec-pu-directory-2015
13-05-06,NG013005,EK,Ilawe VI,ilawe-vi,,inec-cvr|inec-pu-directory-2015
13-05-07,NG013005,EK,Ilawe VII,ilawe-vii,,inec-cvr|inec-pu-directory-2015
13-05-08,NG013005,EK,Igbara Odo I,igbara-odo-i,,inec-cvr|inec-pu-directory-2015
13-05-09,NG013005,EK,Igbara Odo II,igbara-odo-ii,,inec-cvr|inec-pu-directory-2015
13-05-10,NG013005,EK,Ogotun I,ogotun-i,,inec-cvr|inec-pu-directory-2015
13-05-11,NG013005,EK,Ogotun II,ogotun-ii,,inec-cvr|inec-pu-directory-2015
13-06-01,NG013007,EK,Odo-Emure I,odo-emure-i,,inec-cvr|inec-pu-directory-2015
13-06-02,NG013007,EK,Odo-Emure II,odo-emure-ii,,inec-cvr|inec-pu-directory-2015
13-06-03,NG013007,EK,Odo-Emure III,odo-emure-iii,,inec-cvr|inec-pu-directory-2015
13-06-04,NG013007,EK,Odo-Emure IV,odo-emure-iv,,inec-cvr|inec-pu-directory-2015
13-06-05,NG013007,EK,Oke Emure I,oke-emure-i,,inec-cvr|inec-pu-directory-2015
13-06-06,NG013007,EK,Oke Emure II,oke-emure-ii,,inec-cvr|inec-pu-directory-2015
13-06-07,NG013007,EK,Idamudu I,idamudu-i,,inec-cvr|inec-pu-directory-2015
13-06-08,NG013007,EK,Ida Mudu II,ida-mudu-ii,,inec-cvr|inec-pu-directory-2015
13-06-09,NG013007,EK,Ogbontioro I,ogbontioro-i,,inec-cvr|inec-pu-directory-2015
13-06-10,NG013007,EK,Ogbontioro II,ogbontioro-ii,,inec-cvr|inec-pu-directory-2015
13-07-01,NG013002,EK,Egbe/Iro,egbe-iro,,inec-cvr|inec-pu-directory-2015
13-07-02,NG013002,EK,Ode I,ode-i,,inec-cvr|inec-pu-directory-2015
13-07-03,NG013002,EK,Ode II,ode-ii,,inec-cvr|inec-pu-directory-2015
13-07-04,NG013002,EK,Ode III,ode-iii,,inec-cvr|inec-pu-directory-2015
13-07-05,NG013002,EK,Imesi,imesi,,inec-cvr|inec-pu-directory-2015
13-07-06,NG013002,EK,Agbado,agbado,,inec-cvr|inec-pu-directory-2015
13-07-07,NG013002,EK,Aisegba I,aisegba-i,,inec-cvr|inec-pu-directory-2015
13-07-08,NG013002,EK,Aisegba II,aisegba-ii,,inec-cvr|inec-pu-directory-2015
13-07-09,NG013002,EK,Iluomoba,iluomoba,,inec-cvr|inec-pu-directory-2015
13-07-10,NG013002,EK,Ijan,ijan,,inec-cvr|inec-pu-directory-2015
13-08-01,NG013008,EK,Ido I,ido-i,,inec-cvr|inec-pu-directory-2015
13-08-02,NG013008,EK,Ido II,ido-ii,,inec-cvr|inec-pu-directory-2015
13-08-03,NG013008,EK,Ifaki I,ifaki-i,,inec-cvr|inec-pu-directory-2015
13-08-04,NG013008,EK,Ifaki II,ifaki-ii,,inec-cvr|inec-pu-directory-2015
13-08-05,NG013008,EK,Ilogbo,ilogbo,,inec-cvr|inec-pu-directory-2015
13-08-06,NG013008,EK,Usi,usi,,inec-cvr|inec-pu-directory-2015
13-08-07,NG013008,EK,Osi,osi,,inec-cvr|inec-pu-directory-2015
13-08-08,NG013008,EK,Orin/Ora,orin-ora,,inec-cvr|inec-pu-directory-2015
13-08-09,NG013008,EK,Igbole/Ifisin/Aaye,igbole-ifisin-aaye,,inec-cvr|inec-pu-directory-2015
13-08-10,NG013008,EK,Ayetoro I,ayetoro-i,,inec-cvr|inec-pu-directory-2015
13-08-11,NG013008,EK,Ayetoro II,ayetoro-ii,,inec-cvr|inec-pu-directory-2015
13-09-01,NG013009,EK,"Ijero Ward ""A""",ijero-ward-a,,inec-cvr|inec-pu-directory-2015
13-09-02,NG013009,EK,"Ijero Ward ""B""",ijero-ward-b,,inec-cvr|inec-pu-directory-2015
13-09-03,NG013009,EK,Ijero Ward 'C',ijero-ward-c,,inec-cvr|inec-pu-directory-2015
13-09-04,NG013009,EK,Ijero Ward 'D',ijero-ward-d,,inec-cvr|inec-pu-directory-2015
13-09-05,NG013009,EK,Ipoti Ward 'A',ipoti-ward-a,,inec-cvr|inec-pu-directory-2015
13-09-06,NG013009,EK,Ipoti Ward 'B',ipoti-ward-b,,inec-cvr|inec-pu-directory-2015
13-09-07,NG013009,EK,Odo Owa,odo-owa,,inec-cvr|inec-pu-directory-2015
13-09-08,NG013009,EK,Iloro Ward 'A',iloro-ward-a,,inec-cvr|inec-pu-directory-2015
13-09-09,NG013009,EK,Iloro/Ijunrin Ward 'B',iloro-ijunrin-ward-b,,inec-cvr|inec-pu-directory-2015
13-09-10,NG013009,EK,Ikoro Ward 'A',ikoro-ward-a,,inec-cvr|inec-pu-directory-2015
13-09-11,NG013009,EK,Ekamarun Ward 'A',ekamarun-ward-a,,inec-cvr|inec-pu-directory-2015
13-09-12,NG013009,EK,Ekameta,ekameta,,inec-cvr|inec-pu-directory-2015
13-10-01,NG013010,EK,Atiba/Aafin,atiba-aafin,,inec-cvr|inec-pu-directory-2015
13-10-02,NG013010,EK,Okeruku,okeruku,,inec-cvr|inec-pu-directory-2015
13-10-03,NG013010,EK,Ugele/Aroku,ugele-aroku,,inec-cvr|inec-pu-directory-2015
13-10-04,NG013010,EK,Agbado/Oyo,agbado-oyo,,inec-cvr|inec-pu-directory-2015
13-10-05,NG013010,EK,Ogbonjana,ogbonjana,,inec-cvr|inec-pu-directory-2015
13-10-06,NG013010,EK,Oke-Osun,oke-osun,,inec-cvr|inec-pu-directory-2015
13-10-07,NG013010,EK,Idemo,idemo,,inec-cvr|inec-pu-directory-2015
13-10-08,NG013010,EK,Ilapetu/Ijao,ilapetu-ijao,,inec-cvr|inec-pu-directory-2015
13-10-09,NG013010,EK,Are Araromi,are-araromi,,inec-cvr|inec-pu-directory-2015
13-10-10,NG013010,EK,Afao/Kajola,afao-kajola,,inec-cvr|inec-pu-directory-2015
13-10-11,NG013010,EK,Odose,odose,,inec-cvr|inec-pu-directory-2015
13-11-01,NG013011,EK,Ikole West I,ikole-west-i,,inec-cvr|inec-pu-directory-2015
13-11-02,NG013011,EK,Ikole West II,ikole-west-ii,,inec-cvr|inec-pu-directory-2015
13-11-03,NG013011,EK,Ikole East,ikole-east,,inec-cvr|inec-pu-directory-2015
13-11-04,NG013011,EK,Ikole North,ikole-north,,inec-cvr|inec-pu-directory-2015
13-11-05,NG013011,EK,Ikole South,ikole-south,,inec-cvr|inec-pu-directory-2015
13-11-06,NG013011,EK,Araromi/Bolorunduro,araromi-bolorunduro,,inec-cvr|inec-pu-directory-2015
13-11-07,NG013011,EK,Ijesa Isu,ijesa-isu,,inec-cvr|inec-pu-directory-2015
13-11-08,NG013011,EK,Odo Ayedun I,odo-ayedun-i,,inec-cvr|inec-pu-directory-2015
13-11-09,NG013011,EK,Odo Ayedun/Ayebode,odo-ayedun-ayebode,,inec-cvr|inec-pu-directory-2015
13-11-10,NG013011,EK,Oke Ayedun,oke-ayedun,,inec-cvr|inec-pu-directory-2015
13-11-11,NG013011,EK,Ipao/Oke Ako/Irele,ipao-oke-ako-irele,,inec-cvr|inec-pu-directory-2015
13-11-12,NG013011,EK,Itapaji/Iyemero,itapaji-iyemero,,inec-cvr|inec-pu-directory-2015
13-12-01,NG013012,EK,Ewu,ewu,,inec-cvr|inec-pu-directory-2015
13-12-02,NG013012,EK,Eda Oniyo,eda-oniyo,,inec-cvr|inec-pu-directory-2015
13-12-03,NG013012,EK,Obada,obada,,inec-cvr|inec-pu-directory-2015
13-12-04,NG013012,EK,Iye I,iye-i,,inec-cvr|inec-pu-directory-2015
13-12-05,NG013012,EK,Iye II,iye-ii,,inec-cvr|inec-pu-directory-2015
13-12-06,NG013012,EK,Iye III,iye-iii,,inec-cvr|inec-pu-directory-2015
13-12-07,NG013012,EK,Ijesamodu,ijesamodu,,inec-cvr|inec-pu-directory-2015
13-12-08,NG013012,EK,Iludun I,iludun-i,,inec-cvr|inec-pu-directory-2015
13-12-09,NG013012,EK,Iludun II,iludun-ii,,inec-cvr|inec-pu-directory-2015
13-12-10,NG013012,EK,Ipere,ipere,,inec-cvr|inec-pu-directory-2015
13-13-01,NG013013,EK,Afao,afao,,inec-cvr|inec-pu-directory-2015
13-13-02,NG013013,EK,Are,are,,inec-cvr|inec-pu-directory-2015
13-13-03,NG013013,EK,Awo,awo,,inec-cvr|inec-pu-directory-2015
13-13-04,NG013013,EK,Igbemo,igbemo,,inec-cvr|inec-pu-directory-2015
13-13-05,NG013013,EK,Igede I,igede-i,,inec-cvr|inec-pu-directory-2015
13-13-06,NG013013,EK,Igede II,igede-ii,,inec-cvr|inec-pu-directory-2015
13-13-07,NG013013,EK,Igede III,igede-iii,,inec-cvr|inec-pu-directory-2015
13-13-08,NG013013,EK,Iropora/Esure/Eyio,iropora-esure-eyio,,inec-cvr|inec-pu-directory-2015
13-13-09,NG013013,EK,Iworoko,iworoko,,inec-cvr|inec-pu-directory-2015
13-13-10,NG013013,EK,Iyin I,iyin-i,,inec-cvr|inec-pu-directory-2015
13-13-11,NG013013,EK,Iyin II,iyin-ii,,inec-cvr|inec-pu-directory-2015
13-14-01,NG013014,EK,Odo Ise I,odo-ise-i,,inec-cvr|inec-pu-directory-2015
13-14-02,NG013014,EK,Odo Ise II,odo-ise-ii,,inec-cvr|inec-pu-directory-2015
13-14-03,NG013014,EK,Odo Ise III,odo-ise-iii,,inec-cvr|inec-pu-directory-2015
13-14-04,NG013014,EK,Erinwa I,erinwa-i,,inec-cvr|inec-pu-directory-2015
13-14-05,NG013014,EK,Erinwa II,erinwa-ii,,inec-cvr|inec-pu-directory-2015
13-14-06,NG013014,EK,Oraye I,oraye-i,,inec-cvr|inec-pu-directory-2015
13-14-07,NG013014,EK,Oraye II,oraye-ii,,inec-cvr|inec-pu-directory-2015
13-14-08,NG013014,EK,Oraye III,oraye-iii,,inec-cvr|inec-pu-directory-2015
13-14-09,NG013014,EK,Orun I,orun-i,,inec-cvr|inec-pu-directory-2015
13-14-10,NG013014,EK,Orun II,orun-ii,,inec-cvr|inec-pu-directory-2015
13-15-01,NG013015,EK,Otun I,otun-i,,inec-cvr|inec-pu-directory-2015
13-15-02,NG013015,EK,Otun II,otun-ii,,inec-cvr|inec-pu-directory-2015
13-15-03,NG013015,EK,Otun III,otun-iii,,inec-cvr|inec-pu-directory-2015
13-15-04,NG013015,EK,Igogo I,igogo-i,,inec-cvr|inec-pu-directory-2015
13-15-05,NG013015,EK,Igogo II,igogo-ii,,inec-cvr|inec-pu-directory-2015
13-15-06,NG013015,EK,Erinmope I,erinmope-i,,inec-cvr|inec-pu-directory-2015
13-15-07,NG013015,EK,Erinmope II,erinmope-ii,,inec-cvr|inec-pu-directory-2015
13-15-08,NG013015,EK,Ikun I,ikun-i,,inec-cvr|inec-pu-directory-2015
13-15-09,NG013015,EK,Ikun II,ikun-ii,,inec-cvr|inec-pu-directory-2015
13-15-10,NG013015,EK,Osun,osun,,inec-cvr|inec-pu-directory-2015
13-15-11,NG013015,EK,Osan,osan,,inec-cvr|inec-pu-directory-2015
13-16-01,NG013016,EK,Itapa/Osin,itapa-osin,,inec-cvr|inec-pu-directory-2015
13-16-02,NG013016,EK,Oye I,oye-i,,inec-cvr|inec-pu-directory-2015
13-16-03,NG013016,EK,Oye II,oye-ii,,inec-cvr|inec-pu-directory-2015
13-16-04,NG013016,EK,Ayegbaju,ayegbaju,,inec-cvr|inec-pu-directory-2015
13-16-05,NG013016,EK,Ilupeju I,ilupeju-i,,inec-cvr|inec-pu-directory-2015
13-16-06,NG013016,EK,Ilupeju II,ilupeju-ii,,inec-cvr|inec-pu-directory-2015
13-16-07,NG013016,EK,Ire I,ire-i,,inec-cvr|inec-pu-directory-2015
13-16-08,NG013016,EK,Ire II,ire-ii,,inec-cvr|inec-pu-directory-2015
13-16-09,NG013016,EK,Ayede North,ayede-north,,inec-cvr|inec-pu-directory-2015
13-16-10,NG013016,EK,Ayede South Itaji,ayede-south-itaji,,inec-cvr|inec-pu-directory-2015
13-16-11,NG013016,EK,Isan/Ilafon/Ilemeso,isan-ilafon-ilemeso,,inec-cvr|inec-pu-directory-2015
13-16-12,NG013016,EK,Omu Oke/Omu Odo/Ijelu,omu-oke-omu-odo-ijelu,,inec-cvr|inec-pu-directory-2015
14-01-01,NG014001,EN,Oduma I,oduma-i,,inec-cvr|inec-pu-directory-2015
14-01-02,NG014001,EN,Oduma II,oduma-ii,,inec-cvr|inec-pu-directory-2015
14-01-03,NG014001,EN,Oduma III,oduma-iii,,inec-cvr|inec-pu-directory-2015
14-01-04,NG014001,EN,Oduma IV,oduma-iv,,inec-cvr|inec-pu-directory-2015
14-01-05,NG014001,EN,Nnenwe I,nnenwe-i,,inec-cvr|inec-pu-directory-2015
14-01-06,NG014001,EN,Nnenwe II,nnenwe-ii,,inec-cvr|inec-pu-directory-2015
14-01-07,NG014001,EN,Nnenwe III,nnenwe-iii,,inec-cvr|inec-pu-directory-2015
14-01-08,NG014001,EN,Ndeabo,ndeabo,,inec-cvr|inec-pu-directory-2015
14-01-09,NG014001,EN,Okpanku,okpanku,,inec-cvr|inec-pu-directory-2015
14-01-10,NG014001,EN,Mpu,mpu,,inec-cvr|inec-pu-directory-2015
14-02-01,NG014002,EN,Awgu I,awgu-i,,inec-cvr|inec-pu-directory-2015
14-02-02,NG014002,EN,Awgu II,awgu-ii,,inec-cvr|inec-pu-directory-2015
14-02-03,NG014002,EN,Mgbowo,mgbowo,,inec-cvr|inec-pu-directory-2015
14-02-04,NG014002,EN,Agbogugu,agbogugu,,inec-cvr|inec-pu-directory-2015
14-02-05,NG014002,EN,Ihe,ihe,,inec-cvr|inec-pu-directory-2015
14-02-06,NG014002,EN,Obeagu,obeagu,,inec-cvr|inec-pu-directory-2015
14-02-07,NG014002,EN,Mgbidi/Mmaku,mgbidi-mmaku,,inec-cvr|inec-pu-directory-2015
14-02-08,NG014002,EN,Anikenano/Ugwueme,anikenano-ugwueme,,inec-cvr|inec-pu-directory-2015
14-02-09,NG014002,EN,Owelli/Amoli/Ugbo/Ogugu,owelli-amoli-ugbo-ogugu,,inec-cvr|inec-pu-directory-2015
14-02-10,NG014002,EN,Isu Awa/Ogugu/Agbudu/Ituku,isu-awa-ogugu-agbudu-ituku,,inec-cvr|inec-pu-directory-2015
14-02-11,NG014002,EN,Ogbaku,ogbaku,,inec-cvr|inec-pu-directory-2015
14-03-01,NG014003,EN,Abakpa I,abakpa-i,,inec-cvr|inec-pu-directory-2015
14-03-02,NG014003,EN,Abakpa II,abakpa-ii,,inec-cvr|inec-pu-directory-2015
14-03-03,NG014003,EN,Umuenwene,umuenwene,,inec-cvr|inec-pu-directory-2015
14-03-04,NG014003,EN,Amorji,amorji,,inec-cvr|inec-pu-directory-2015
14-03-05,NG014003,EN,Mbuluiyiukwu,mbuluiyiukwu,,inec-cvr|inec-pu-directory-2015
14-03-06,NG014003,EN,Mbuluowehe,mbuluowehe,,inec-cvr|inec-pu-directory-2015
14-03-07,NG014003,EN,Mbulu-Njodo West,mbulu-njodo-west,,inec-cvr|inec-pu-directory-2015
14-03-08,NG014003,EN,Umuchigbo,umuchigbo,,inec-cvr|inec-pu-directory-2015
14-03-09,NG014003,EN,Trans-Ekulu,trans-ekulu,,inec-cvr|inec-pu-directory-2015
14-03-10,NG014003,EN,Ibagwa-Nike/Edem,ibagwa-nike-edem,,inec-cvr|inec-pu-directory-2015
14-03-11,NG014003,EN,Ugwugo Nike,ugwugo-nike,,inec-cvr|inec-pu-directory-2015
14-03-12,NG014003,EN,Mbulu-Njodo East,mbulu-njodo-east,,inec-cvr|inec-pu-directory-2015
14-04-01,NG014004,EN,Asata Township,asata-township,,inec-cvr|inec-pu-directory-2015
14-04-02,NG014004,EN,Umunevo,umunevo,,inec-cvr|inec-pu-directory-2015
14-04-03,NG014004,EN,Ihewuzi,ihewuzi,,inec-cvr|inec-pu-directory-2015
14-04-04,NG014004,EN,Onu-Asata,onu-asata,,inec-cvr|inec-pu-directory-2015
14-04-05,NG014004,EN,Ogbette East,ogbette-east,,inec-cvr|inec-pu-directory-2015
14-04-06,NG014004,EN,Ogbette West,ogbette-west,,inec-cvr|inec-pu-directory-2015
14-04-07,NG014004,EN,G.R.A,g-r-a,,inec-cvr|inec-pu-directory-2015
14-04-08,NG014004,EN,Ogui New Layout,ogui-new-layout,,inec-cvr|inec-pu-directory-2015
14-04-09,NG014004,EN,China Town,china-town,,inec-cvr|inec-pu-directory-2015
14-04-10,NG014004,EN,New Haven,new-haven,,inec-cvr|inec-pu-directory-2015
14-04-11,NG014004,EN,Independence Layout,independence-layout,,inec-cvr|inec-pu-directory-2015
14-04-12,NG014004,EN,Udi Siding/Iva Valley,udi-siding-iva-valley,,inec-cvr|inec-pu-directory-2015
14-04-13,NG014004,EN,Ogui Township,ogui-township,,inec-cvr|inec-pu-directory-2015
14-05-01,NG014005,EN,Amechi I,amechi-i,,inec-cvr|inec-pu-directory-2015
14-05-02,NG014005,EN,Amechi II,amechi-ii,,inec-cvr|inec-pu-directory-2015
14-05-03,NG014005,EN,Obeagu I,obeagu-i,,inec-cvr|inec-pu-directory-2015
14-05-04,NG014005,EN,Uwani East,uwani-east,,inec-cvr|inec-pu-directory-2015
14-05-05,NG014005,EN,Uwani West,uwani-west,,inec-cvr|inec-pu-directory-2015
14-05-06,NG014005,EN,Achara Layout East,achara-layout-east,,inec-cvr|inec-pu-directory-2015
14-05-07,NG014005,EN,Achara Layout West,achara-layout-west,,inec-cvr|inec-pu-directory-2015
14-05-08,NG014005,EN,Awkunanaw East,awkunanaw-east,,inec-cvr|inec-pu-directory-2015
14-05-09,NG014005,EN,Awkunanaw West,awkunanaw-west,,inec-cvr|inec-pu-directory-2015
14-05-10,NG014005,EN,Ugwuaji,ugwuaji,,inec-cvr|inec-pu-directory-2015
14-05-11,NG014005,EN,Obeagu II,obeagu-ii,,inec-cvr|inec-pu-directory-2015
14-05-12,NG014005,EN,Akwuke,akwuke,,inec-cvr|inec-pu-directory-2015
14-05-13,NG014005,EN,Maryland,maryland,,inec-cvr|inec-pu-directory-2015
14-06-01,NG014006,EN,Olo/Amagu Umulokpa I,olo-amagu-umulokpa-i,,inec-cvr|inec-pu-directory-2015
14-06-02,NG014006,EN,Awha,awha,,inec-cvr|inec-pu-directory-2015
14-06-03,NG014006,EN,Aguobu-Owa I,aguobu-owa-i,,inec-cvr|inec-pu-directory-2015
14-06-04,NG014006,EN,Aguobu-Owa II,aguobu-owa-ii,,inec-cvr|inec-pu-directory-2015
14-06-05,NG014006,EN,Umana Ndiagu,umana-ndiagu,,inec-cvr|inec-pu-directory-2015
14-06-06,NG014006,EN,Agba Umana,agba-umana,,inec-cvr|inec-pu-directory-2015
14-06-07,NG014006,EN,Aguobu (Umumba),aguobu-umumba,,inec-cvr|inec-pu-directory-2015
14-06-08,NG014006,EN,Umumba Ndiumo,umumba-ndiumo,,inec-cvr|inec-pu-directory-2015
14-06-09,NG014006,EN,Oghe I,oghe-i,,inec-cvr|inec-pu-directory-2015
14-06-10,NG014006,EN,Oghe II,oghe-ii,,inec-cvr|inec-pu-directory-2015
14-06-11,NG014006,EN,Imezi Owa I,imezi-owa-i,,inec-cvr|inec-pu-directory-2015
14-06-12,NG014006,EN,Imezi Owa II,imezi-owa-ii,,inec-cvr|inec-pu-directory-2015
14-06-13,NG014006,EN,Mgbagbu Owa I,mgbagbu-owa-i,,inec-cvr|inec-pu-directory-2015
14-06-14,NG014006,EN,Mgbagbu Owa II,mgbagbu-owa-ii,,inec-cvr|inec-pu-directory-2015
14-06-15,NG014006,EN,Mgbagbu Owa III,mgbagbu-owa-iii,Oghe III,inec-cvr|inec-pu-directory-2015
14-06-16,NG014006,EN,Iwollo,iwollo,,inec-cvr|inec-pu-directory-2015
14-06-17,NG014006,EN,Obinofia,obinofia,,inec-cvr|inec-pu-directory-2015
14-06-18,NG014006,EN,Okpogho,okpogho,,inec-cvr|inec-pu-directory-2015
14-06-19,NG014006,EN,Obeleagu Umana,obeleagu-umana,,inec-cvr|inec-pu-directory-2015
14-06-20,NG014006,EN,Olo/Amagu-Umulokpa II,olo-amagu-umulokpa-ii,Ulo/Amagu/Umulokpa II,inec-cvr|inec-pu-directory-2015
14-07-01,NG014007,EN,Aku I,aku-i,,inec-cvr|inec-pu-directory-2015
14-07-02,NG014007,EN,Aku II,aku-ii,,inec-cvr|inec-pu-directory-2015
14-07-03,NG014007,EN,Aku III,aku-iii,,inec-cvr|inec-pu-directory-2015
14-07-04,NG014007,EN,Aku IV,aku-iv,,inec-cvr|inec-pu-directory-2015
14-07-05,NG014007,EN,Aku V (Idueme),aku-v-idueme,Aku V,inec-cvr|inec-pu-directory-2015
14-07-06,NG014007,EN,Ekwegbe I,ekwegbe-i,,inec-cvr|inec-pu-directory-2015
14-07-07,NG014007,EN,Ekwegbe II,ekwegbe-ii,,inec-cvr|inec-pu-directory-2015
14-07-08,NG014007,EN,Ohaodo I,ohaodo-i,Ohodo I,inec-cvr|inec-pu-directory-2015
14-07-09,NG014007,EN,Ohaodo II,ohaodo-ii,Ohodo II,inec-cvr|inec-pu-directory-2015
14-07-10,NG014007,EN,Ozalla I,ozalla-i,,inec-cvr|inec-pu-directory-2015
14-07-11,NG014007,EN,Ozalla II,ozalla-ii,,inec-cvr|inec-pu-directory-2015
14-07-12,NG014007,EN,Diogbe/Umunko,diogbe-umunko,,inec-cvr|inec-pu-directory-2015
14-07-13,NG014007,EN,Ikolo/Ohebe,ikolo-ohebe,,inec-cvr|inec-pu-directory-2015
14-07-14,NG014007,EN,Onyohor/Ochima/Idoha,onyohor-ochima-idoha,,inec-cvr|inec-pu-directory-2015
14-07-15,NG014007,EN,Ejuoha/Udeme,ejuoha-udeme,Ejuona/Udueme,inec-cvr|inec-pu-directory-2015
14-07-16,NG014007,EN,Ukehe I,ukehe-i,,inec-cvr|inec-pu-directory-2015
14-07-17,NG014007,EN,Ukehe II,ukehe-ii,,inec-cvr|inec-pu-directory-2015
14-07-18,NG014007,EN,Ukehe III,ukehe-iii,,inec-cvr|inec-pu-directory-2015
14-07-19,NG014007,EN,Ukehe IV,ukehe-iv,,inec-cvr|inec-pu-directory-2015
14-07-20,NG014007,EN,Ukehe V,ukehe-v,,inec-cvr|inec-pu-directory-2015
14-08-01,NG014008,EN,Essodo I,essodo-i,,inec-cvr|inec-pu-directory-2015
14-08-02,NG014008,EN,Essodo II,essodo-ii,,inec-cvr|inec-pu-directory-2015
14-08-03,NG014008,EN,Essodo III,essodo-iii,,inec-cvr|inec-pu-directory-2015
14-08-04,NG014008,EN,Ette I,ette-i,,inec-cvr|inec-pu-directory-2015
14-08-05,NG014008,EN,Ette II,ette-ii,,inec-cvr|inec-pu-directory-2015
14-08-06,NG014008,EN,Ette Central,ette-central,,inec-cvr|inec-pu-directory-2015
14-08-07,NG014008,EN,Umuitodo I,umuitodo-i,,inec-cvr|inec-pu-directory-2015
14-08-08,NG014008,EN,Umuitodo II,umuitodo-ii,,inec-cvr|inec-pu-directory-2015
14-08-09,NG014008,EN,Umuitodo III,umuitodo-iii,,inec-cvr|inec-pu-directory-2015
14-08-10,NG014008,EN,Ezzodo,ezzodo,,inec-cvr|inec-pu-directory-2015
14-08-11,NG014008,EN,Umuozzi I,umuozzi-i,,inec-cvr|inec-pu-directory-2015
14-08-12,NG014008,EN,Umuozzi II,umuozzi-ii,,inec-cvr|inec-pu-directory-2015
14-08-13,NG014008,EN,Umuozzi III,umuozzi-iii,,inec-cvr|inec-pu-directory-2015
14-08-14,NG014008,EN,Umuozzi IV,umuozzi-iv,,inec-cvr|inec-pu-directory-2015
14-08-15,NG014008,EN,Umuozzi V,umuozzi-v,,inec-cvr|inec-pu-directory-2015
14-08-16,NG014008,EN,Umuozzi VI,umuozzi-vi,,inec-cvr|inec-pu-directory-2015
14-08-17,NG014008,EN,Umuozzi VII,umuozzi-vii,,inec-cvr|inec-pu-directory-2015
14-08-18,NG014008,EN,Umuozzi VIII,umuozzi-viii,,inec-cvr|inec-pu-directory-2015
14-08-19,NG014008,EN,Umuozzi IX,umuozzi-ix,,inec-cvr|inec-pu-directory-2015
14-08-20,NG014008,EN,Umuozzi X,umuozzi-x,,inec-cvr|inec-pu-directory-2015
14-09-01,NG014009,EN,Alor Agu,alor-agu,,inec-cvr|inec-pu-directory-2015
14-09-02,NG014009,EN,Amebo/Hausa/Yoruba,amebo-hausa-yoruba,,inec-cvr|inec-pu-directory-2015
14-09-03,NG014009,EN,Ezema Ward,ezema-ward,,inec-cvr|inec-pu-directory-2015
14-09-04,NG014009,EN,Echara/Isiagu,echara-isiagu,Echara,inec-cvr|inec-pu-directory-2015
14-09-05,NG014009,EN,Iheaka (Ugo Ekoyi),iheaka-ugo-ekoyi,Iheaka (Ugo Akoyi),inec-cvr|inec-pu-directory-2015
14-09-06,NG014009,EN,Iheaka (Likki/Akutara Ward),iheaka-likki-akutara-ward,,inec-cvr|inec-pu-directory-2015
14-09-07,NG014009,EN,Iheakpu (Ezzi Ngwu Ward),iheakpu-ezzi-ngwu-ward,,inec-cvr|inec-pu-directory-2015
14-09-08,NG014009,EN,Iheakpu (Ajuona Ogbagu Ward),iheakpu-ajuona-ogbagu-ward,,inec-cvr|inec-pu-directory-2015
14-09-09,NG014009,EN,Itchi/Uwani I,itchi-uwani-i,,inec-cvr|inec-pu-directory-2015
14-09-10,NG014009,EN,Itchi/Uwani II,itchi-uwani-ii,,inec-cvr|inec-pu-directory-2015
14-09-11,NG014009,EN,Nkalagu Obukpa,nkalagu-obukpa,,inec-cvr|inec-pu-directory-2015
14-09-12,NG014009,EN,Ovoko (Ajuona Ward),ovoko-ajuona-ward,,inec-cvr|inec-pu-directory-2015
14-09-13,NG014009,EN,Ovoko (Umuelo/Ovoko Agu Ward),ovoko-umuelo-ovoko-agu-ward,,inec-cvr|inec-pu-directory-2015
14-09-14,NG014009,EN,Ovoko (Umulolo Ward),ovoko-umulolo-ward,,inec-cvr|inec-pu-directory-2015
14-09-15,NG014009,EN,Uhunowerre,uhunowerre,,inec-cvr|inec-pu-directory-2015
14-09-16,NG014009,EN,Unadu,unadu,,inec-cvr|inec-pu-directory-2015
14-10-01,NG014010,EN,Ikem I,ikem-i,,inec-cvr|inec-pu-directory-2015
14-10-02,NG014010,EN,Ikem II,ikem-ii,,inec-cvr|inec-pu-directory-2015
14-10-03,NG014010,EN,Neke I,neke-i,,inec-cvr|inec-pu-directory-2015
14-10-04,NG014010,EN,Neke II,neke-ii,,inec-cvr|inec-pu-directory-2015
14-10-05,NG014010,EN,Mbu I,mbu-i,,inec-cvr|inec-pu-directory-2015
14-10-06,NG014010,EN,Mbu II,mbu-ii,,inec-cvr|inec-pu-directory-2015
14-10-07,NG014010,EN,Umualor,umualor,,inec-cvr|inec-pu-directory-2015
14-10-08,NG014010,EN,Ehamufu I,ehamufu-i,,inec-cvr|inec-pu-directory-2015
14-10-09,NG014010,EN,Ehamufu II,ehamufu-ii,,inec-cvr|inec-pu-directory-2015
14-10-10,NG014010,EN,Ehamufu III,ehamufu-iii,,inec-cvr|inec-pu-directory-2015
14-10-11,NG014010,EN,Ehamufu IV,ehamufu-iv,,inec-cvr|inec-pu-directory-2015
14-11-01,NG014011,EN,Amechi/Idodo/Oruku,amechi-idodo-oruku,,inec-cvr|inec-pu-directory-2015
14-11-02,NG014011,EN,Amankanu/Ogbahu,amankanu-ogbahu,,inec-cvr|inec-pu-directory-2015
14-11-03,NG014011,EN,Akpofu/Isienu/Amagunze,akpofu-isienu-amagunze,Akpawfu/Isienu/Amangunze,inec-cvr|inec-pu-directory-2015
14-11-04,NG014011,EN,Ihuokpara,ihuokpara,,inec-cvr|inec-pu-directory-2015
14-11-05,NG014011,EN,Nara I,nara-i,,inec-cvr|inec-pu-directory-2015
14-11-06,NG014011,EN,Nara II,nara-ii,,inec-cvr|inec-pu-directory-2015
14-11-07,NG014011,EN,Nkerefi I,nkerefi-i,,inec-cvr|inec-pu-directory-2015
14-11-08,NG014011,EN,Nkerefi II,nkerefi-ii,,inec-cvr|inec-pu-directory-2015
14-11-09,NG014011,EN,Ohuani/Onicha-Agu,ohuani-onicha-agu,Amagunze,inec-cvr|inec-pu-directory-2015
14-11-10,NG014011,EN,Ugbawka I,ugbawka-i,,inec-cvr|inec-pu-directory-2015
14-11-11,NG014011,EN,Ugbawka II,ugbawka-ii,,inec-cvr|inec-pu-directory-2015
14-11-12,NG014011,EN,Nomeh,nomeh,,inec-cvr|inec-pu-directory-2015
14-11-13,NG014011,EN,Mburubu,mburubu,,inec-cvr|inec-pu-directory-2015
14-11-14,NG014011,EN,Owo,owo,,inec-cvr|inec-pu-directory-2015
14-12-01,NG014012,EN,Agbani,agbani,,inec-cvr|inec-pu-directory-2015
14-12-02,NG014012,EN,Amurri,amurri,,inec-cvr|inec-pu-directory-2015
14-12-03,NG014012,EN,Akegbe-Ugwu (Okwuo),akegbe-ugwu-okwuo,,inec-cvr|inec-pu-directory-2015
14-12-04,NG014012,EN,Amodu,amodu,,inec-cvr|inec-pu-directory-2015
14-12-05,NG014012,EN,Obuoffia,obuoffia,,inec-cvr|inec-pu-directory-2015
14-12-06,NG014012,EN,Obe,obe,,inec-cvr|inec-pu-directory-2015
14-12-07,NG014012,EN,Ozalla,ozalla,,inec-cvr|inec-pu-directory-2015
14-12-08,NG014012,EN,Obinagu Uwani (Akpugo I),obinagu-uwani-akpugo-i,,inec-cvr|inec-pu-directory-2015
14-12-09,NG014012,EN,Akpugo II,akpugo-ii,,inec-cvr|inec-pu-directory-2015
14-12-10,NG014012,EN,Akpugo III,akpugo-iii,,inec-cvr|inec-pu-directory-2015
14-12-11,NG014012,EN,Akugbo IV,akugbo-iv,Akpugo IV,inec-cvr|inec-pu-directory-2015
14-12-12,NG014012,EN,Umueze,umueze,,inec-cvr|inec-pu-directory-2015
14-12-13,NG014012,EN,Ibite Akegbe Ugwu,ibite-akegbe-ugwu,,inec-cvr|inec-pu-directory-2015
14-12-14,NG014012,EN,Ndiuno Uwani (Akpugo I),ndiuno-uwani-akpugo-i,,inec-cvr|inec-pu-directory-2015
14-13-01,NG014013,EN,Ogbozalla/Idi,ogbozalla-idi,,inec-cvr|inec-pu-directory-2015
14-13-02,NG014013,EN,Ibeku,ibeku,,inec-cvr|inec-pu-directory-2015
14-13-03,NG014013,EN,Alor-Uno,alor-uno,,inec-cvr|inec-pu-directory-2015
14-13-04,NG014013,EN,Ede-Ukwu,ede-ukwu,,inec-cvr|inec-pu-directory-2015
14-13-05,NG014013,EN,Ede-Nta,ede-nta,,inec-cvr|inec-pu-directory-2015
14-13-06,NG014013,EN,Edem-Ani,edem-ani,,inec-cvr|inec-pu-directory-2015
14-13-07,NG014013,EN,Akpa/Ozzi,akpa-ozzi,,inec-cvr|inec-pu-directory-2015
14-13-08,NG014013,EN,Agbemebe/Umabor,agbemebe-umabor,,inec-cvr|inec-pu-directory-2015
14-13-09,NG014013,EN,Eha-Uno,eha-uno,,inec-cvr|inec-pu-directory-2015
14-13-10,NG014013,EN,Eha-Ndiagu,eha-ndiagu,,inec-cvr|inec-pu-directory-2015
14-13-11,NG014013,EN,Ibagwani/Ibagwaga Okpaligbo,ibagwani-ibagwaga-okpaligbo,,inec-cvr|inec-pu-directory-2015
14-13-12,NG014013,EN,Ejuona/Uwani,ejuona-uwani,,inec-cvr|inec-pu-directory-2015
14-13-13,NG014013,EN,Akalite,akalite,,inec-cvr|inec-pu-directory-2015
14-13-14,NG014013,EN,Mkpunano,mkpunano,,inec-cvr|inec-pu-directory-2015
14-13-15,NG014013,EN,Ihe,ihe,,inec-cvr|inec-pu-directory-2015
14-13-16,NG014013,EN,Nnu,nnu,Nru,inec-cvr|inec-pu-directory-2015
14-13-17,NG014013,EN,Owerre/Umuoyo,owerre-umuoyo,,inec-cvr|inec-pu-directory-2015
14-13-18,NG014013,EN,Obimo/Ikwoka,obimo-ikwoka,,inec-cvr|inec-pu-directory-2015
14-13-19,NG014013,EN,Okpuje/Okutu/Anuka,okpuje-okutu-anuka,,inec-cvr|inec-pu-directory-2015
14-13-20,NG014013,EN,Obukpa,obukpa,,inec-cvr|inec-pu-directory-2015
14-14-01,NG014014,EN,Oji-River I,oji-river-i,,inec-cvr|inec-pu-directory-2015
14-14-02,NG014014,EN,Oji-River II,oji-river-ii,,inec-cvr|inec-pu-directory-2015
14-14-03,NG014014,EN,Oji-River III,oji-river-iii,,inec-cvr|inec-pu-directory-2015
14-14-04,NG014014,EN,Oji-River IV,oji-river-iv,,inec-cvr|inec-pu-directory-2015
14-14-05,NG014014,EN,Ugwuoba I,ugwuoba-i,,inec-cvr|inec-pu-directory-2015
14-14-06,NG014014,EN,Ugwuoba II,ugwuoba-ii,,inec-cvr|inec-pu-directory-2015
14-14-07,NG014014,EN,Ugwuoba III,ugwuoba-iii,,inec-cvr|inec-pu-directory-2015
14-14-08,NG014014,EN,Achiagu I,achiagu-i,,inec-cvr|inec-pu-directory-2015
14-14-09,NG014014,EN,Achiagu II,achiagu-ii,,inec-cvr|inec-pu-directory-2015
14-14-10,NG014014,EN,Achiagu III,achiagu-iii,,inec-cvr|inec-pu-directory-2015
14-14-11,NG014014,EN,Achiuno I,achiuno-i,,inec-cvr|inec-pu-directory-2015
14-14-12,NG014014,EN,Achiuno II,achiuno-ii,,inec-cvr|inec-pu-directory-2015
14-14-13,NG014014,EN,Achiuno III,achiuno-iii,,inec-cvr|inec-pu-directory-2015
14-14-14,NG014014,EN,Achiuno IV,achiuno-iv,,inec-cvr|inec-pu-directory-2015
14-14-15,NG014014,EN,Inyi I,inyi-i,,inec-cvr|inec-pu-directory-2015
14-14-16,NG014014,EN,Inyi II,inyi-ii,,inec-cvr|inec-pu-directory-2015
14-14-17,NG014014,EN,Inyi III,inyi-iii,,inec-cvr|inec-pu-directory-2015
14-14-18,NG014014,EN,Inyi IV,inyi-iv,,inec-cvr|inec-pu-directory-2015
14-14-19,NG014014,EN,Awlaw,awlaw,,inec-cvr|inec-pu-directory-2015
14-14-20,NG014014,EN,Akpugoeze,akpugoeze,,inec-cvr|inec-pu-directory-2015
14-15-01,NG014015,EN,Amala,amala,,inec-cvr|inec-pu-directory-2015
14-15-02,NG014015,EN,Ezimo,ezimo,,inec-cvr|inec-pu-directory-2015
14-15-03,NG014015,EN,Imilike,imilike,,inec-cvr|inec-pu-directory-2015
14-15-04,NG014015,EN,Obollo-Afor,obollo-afor,,inec-cvr|inec-pu-directory-2015
14-15-05,NG014015,EN,Obollo-Etiti,obollo-etiti,,inec-cvr|inec-pu-directory-2015
14-15-06,NG014015,EN,Obollo-Eke,obollo-eke,,inec-cvr|inec-pu-directory-2015
14-15-07,NG014015,EN,Ogbodu-Aba,ogbodu-aba,,inec-cvr|inec-pu-directory-2015
14-15-08,NG014015,EN,Orba I,orba-i,,inec-cvr|inec-pu-directory-2015
14-15-09,NG014015,EN,Orba II,orba-ii,,inec-cvr|inec-pu-directory-2015
14-15-10,NG014015,EN,Udunedem,udunedem,,inec-cvr|inec-pu-directory-2015
14-16-01,NG014016,EN,Udi/Agbudu,udi-agbudu,,inec-cvr|inec-pu-directory-2015
14-16-02,NG014016,EN,Nsude,nsude,,inec-cvr|inec-pu-directory-2015
14-16-03,NG014016,EN,Umuaga,umuaga,,inec-cvr|inec-pu-directory-2015
14-16-04,NG014016,EN,Umuabi,umuabi,,inec-cvr|inec-pu-directory-2015
14-16-05,NG014016,EN,Obinagu,obinagu,,inec-cvr|inec-pu-directory-2015
14-16-06,NG014016,EN,Nachi,nachi,,inec-cvr|inec-pu-directory-2015
14-16-07,NG014016,EN,Abia,abia,,inec-cvr|inec-pu-directory-2015
14-16-08,NG014016,EN,Ngwo Asa,ngwo-asa,,inec-cvr|inec-pu-directory-2015
14-16-09,NG014016,EN,Ngwo Uno,ngwo-uno,,inec-cvr|inec-pu-directory-2015
14-16-10,NG014016,EN,Ebe,ebe,,inec-cvr|inec-pu-directory-2015
14-16-11,NG014016,EN,Awhum/Ukana,awhum-ukana,,inec-cvr|inec-pu-directory-2015
14-16-12,NG014016,EN,Egede/Umuoka,egede-umuoka,,inec-cvr|inec-pu-directory-2015
14-16-13,NG014016,EN,Akpa Kwume/Nze,akpa-kwume-nze,,inec-cvr|inec-pu-directory-2015
14-16-14,NG014016,EN,Affa/Oghu/Ikono,affa-oghu-ikono,,inec-cvr|inec-pu-directory-2015
14-16-15,NG014016,EN,Abor,abor,,inec-cvr|inec-pu-directory-2015
14-16-16,NG014016,EN,Okpatu,okpatu,,inec-cvr|inec-pu-directory-2015
14-16-17,NG014016,EN,Obioma,obioma,,inec-cvr|inec-pu-directory-2015
14-16-18,NG014016,EN,Umulumgbe,umulumgbe,,inec-cvr|inec-pu-directory-2015
14-16-19,NG014016,EN,Eke,eke,,inec-cvr|inec-pu-directory-2015
14-16-20,NG014016,EN,Amokwe,amokwe,,inec-cvr|inec-pu-directory-2015
14-17-01,NG014017,EN,Igga/Asaba,igga-asaba,,inec-cvr|inec-pu-directory-2015
14-17-02,NG014017,EN,Adaba-Nkume,adaba-nkume,,inec-cvr|inec-pu-directory-2015
14-17-03,NG014017,EN,Umulokpa,umulokpa,,inec-cvr|inec-pu-directory-2015
14-17-04,NG014017,EN,Ukpata,ukpata,,inec-cvr|inec-pu-directory-2015
14-17-05,NG014017,EN,Ojo,ojo,,inec-cvr|inec-pu-directory-2015
14-17-06,NG014017,EN,Adani,adani,,inec-cvr|inec-pu-directory-2015
14-17-07,NG014017,EN,Ogurugu,ogurugu,,inec-cvr|inec-pu-directory-2015
14-17-08,NG014017,EN,Abbi,abbi,,inec-cvr|inec-pu-directory-2015
14-17-09,NG014017,EN,Akpogu,akpogu,,inec-cvr|inec-pu-directory-2015
14-17-10,NG014017,EN,Uvuru,uvuru,,inec-cvr|inec-pu-directory-2015
14-17-11,NG014017,EN,Nimbo I,nimbo-i,,inec-cvr|inec-pu-directory-2015
14-17-12,NG014017,EN,Nimbo II,nimbo-ii,,inec-cvr|inec-pu-directory-2015
14-17-13,NG014017,EN,Ugbene I,ugbene-i,,inec-cvr|inec-pu-directory-2015
14-17-14,NG014017,EN,Ugbene II,ugbene-ii,,inec-cvr|inec-pu-directory-2015
14-17-15,NG014017,EN,Nrobo,nrobo,,inec-cvr|inec-pu-directory-2015
14-17-16,NG014017,EN,Nkpologu,nkpologu,,inec-cvr|inec-pu-directory-2015
15-01-01,NG016001,GO,Akko,akko,,inec-cvr|inec-pu-directory-2015
15-01-02,NG016001,GO,Garko,garko,,inec-cvr|inec-pu-directory-2015
15-01-03,NG016001,GO,Kalshingi,kalshingi,,inec-cvr|inec-pu-directory-2015
15-01-04,NG016001,GO,Kashere,kashere,,inec-cvr|inec-pu-directory-2015
15-01-05,NG016001,GO,Kumo Central,kumo-central,,inec-cvr|inec-pu-directory-2015
15-01-06,NG016001,GO,Kumo East,kumo-east,,inec-cvr|inec-pu-directory-2015
15-01-07,NG016001,GO,Kumo North,kumo-north,,inec-cvr|inec-pu-directory-2015
15-01-08,NG016001,GO,Kumo West,kumo-west,,inec-cvr|inec-pu-directory-2015
15-01-09,NG016001,GO,Pindiga,pindiga,,inec-cvr|inec-pu-directory-2015
15-01-10,NG016001,GO,Tumu,tumu,,inec-cvr|inec-pu-directory-2015
15-01-11,NG016001,GO,Tukulma,tukulma,,inec-cvr|inec-pu-directory-2015
15-02-01,NG016002,GO,Bambam,bambam,,inec-cvr|inec-pu-directory-2015
15-02-02,NG016002,GO,Bangu,bangu,,inec-cvr|inec-pu-directory-2015
15-02-03,NG016002,GO,Dadiya,dadiya,,inec-cvr|inec-pu-directory-2015
15-02-04,NG016002,GO,Gelengu/Balanga,gelengu-balanga,,inec-cvr|inec-pu-directory-2015
15-02-05,NG016002,GO,Kindiyo,kindiyo,,inec-cvr|inec-pu-directory-2015
15-02-06,NG016002,GO,Kulani/Degre/Sikkam,kulani-degre-sikkam,,inec-cvr|inec-pu-directory-2015
15-02-07,NG016002,GO,Mwona,mwona,,inec-cvr|inec-pu-directory-2015
15-02-08,NG016002,GO,Nyuwar/Jessu,nyuwar-jessu,,inec-cvr|inec-pu-directory-2015
15-02-09,NG016002,GO,Swa/Ref/W. Waja,swa-ref-w-waja,,inec-cvr|inec-pu-directory-2015
15-02-10,NG016002,GO,Talasse/Dong/Reme,talasse-dong-reme,,inec-cvr|inec-pu-directory-2015
15-03-01,NG016003,GO,Baganje North,baganje-north,,inec-cvr|inec-pu-directory-2015
15-03-02,NG016003,GO,Baganje South,baganje-south,,inec-cvr|inec-pu-directory-2015
15-03-03,NG016003,GO,Bare,bare,,inec-cvr|inec-pu-directory-2015
15-03-04,NG016003,GO,Billiri North,billiri-north,,inec-cvr|inec-pu-directory-2015
15-03-05,NG016003,GO,Billiri South,billiri-south,,inec-cvr|inec-pu-directory-2015
15-03-06,NG016003,GO,Kalmai,kalmai,,inec-cvr|inec-pu-directory-2015
15-03-07,NG016003,GO,Tal,tal,,inec-cvr|inec-pu-directory-2015
15-03-08,NG016003,GO,Tanglang,tanglang,,inec-cvr|inec-pu-directory-2015
15-03-09,NG016003,GO,Todi,todi,,inec-cvr|inec-pu-directory-2015
15-03-10,NG016003,GO,Tudu Kwaya,tudu-kwaya,,inec-cvr|inec-pu-directory-2015
15-04-01,NG016004,GO,Gombe Abba,gombe-abba,,inec-cvr|inec-pu-directory-2015
15-04-02,NG016004,GO,Hashidu,hashidu,,inec-cvr|inec-pu-directory-2015
15-04-03,NG016004,GO,Jamari,jamari,,inec-cvr|inec-pu-directory-2015
15-04-04,NG016004,GO,Kunde,kunde,,inec-cvr|inec-pu-directory-2015
15-04-05,NG016004,GO,Lafiya,lafiya,,inec-cvr|inec-pu-directory-2015
15-04-06,NG016004,GO,Malala,malala,,inec-cvr|inec-pu-directory-2015
15-04-07,NG016004,GO,Waziri North,waziri-north,,inec-cvr|inec-pu-directory-2015
15-04-08,NG016004,GO,Waziri South/Central,waziri-south-central,,inec-cvr|inec-pu-directory-2015
15-04-09,NG016004,GO,Wuro Tale,wuro-tale,,inec-cvr|inec-pu-directory-2015
15-04-10,NG016004,GO,Zange,zange,,inec-cvr|inec-pu-directory-2015
15-04-11,NG016004,GO,Zaune,zaune,,inec-cvr|inec-pu-directory-2015
15-05-01,NG016005,GO,Ashaka/Magaba,ashaka-magaba,,inec-cvr|inec-pu-directory-2015
15-05-02,NG016005,GO,Bage,bage,,inec-cvr|inec-pu-directory-2015
15-05-03,NG016005,GO,Bajoga West,bajoga-west,,inec-cvr|inec-pu-directory-2015
15-05-04,NG016005,GO,Bajoga East,bajoga-east,,inec-cvr|inec-pu-directory-2015
15-05-05,NG016005,GO,Bodor/Tilde,bodor-tilde,,inec-cvr|inec-pu-directory-2015
15-05-06,NG016005,GO,Jillahi,jillahi,,inec-cvr|inec-pu-directory-2015
15-05-07,NG016005,GO,Kupto,kupto,,inec-cvr|inec-pu-directory-2015
15-05-08,NG016005,GO,Ribadu,ribadu,,inec-cvr|inec-pu-directory-2015
15-05-09,NG016005,GO,Tongo,tongo,,inec-cvr|inec-pu-directory-2015
15-05-10,NG016005,GO,Wawa/Wakkulutu,wawa-wakkulutu,,inec-cvr|inec-pu-directory-2015
15-06-01,NG016006,GO,Ajiya,ajiya,,inec-cvr|inec-pu-directory-2015
15-06-02,NG016006,GO,Bajoga,bajoga,,inec-cvr|inec-pu-directory-2015
15-06-03,NG016006,GO,Bolari East,bolari-east,,inec-cvr|inec-pu-directory-2015
15-06-04,NG016006,GO,Bolari West,bolari-west,,inec-cvr|inec-pu-directory-2015
15-06-05,NG016006,GO,Dawaki,dawaki,,inec-cvr|inec-pu-directory-2015
15-06-06,NG016006,GO,Herwagana,herwagana,,inec-cvr|inec-pu-directory-2015
15-06-07,NG016006,GO,Jeka Dafari,jeka-dafari,,inec-cvr|inec-pu-directory-2015
15-06-08,NG016006,GO,Kumbiya-Kumbiya,kumbiya-kumbiya,,inec-cvr|inec-pu-directory-2015
15-06-09,NG016006,GO,Nasarawa,nasarawa,,inec-cvr|inec-pu-directory-2015
15-06-10,NG016006,GO,Pantami,pantami,,inec-cvr|inec-pu-directory-2015
15-06-11,NG016006,GO,Shamaki,shamaki,,inec-cvr|inec-pu-directory-2015
15-07-01,NG016007,GO,Awak,awak,,inec-cvr|inec-pu-directory-2015
15-07-02,NG016007,GO,Bule/Kaltin,bule-kaltin,,inec-cvr|inec-pu-directory-2015
15-07-03,NG016007,GO,Kaltungo West,kaltungo-west,,inec-cvr|inec-pu-directory-2015
15-07-04,NG016007,GO,Kaltungo East,kaltungo-east,,inec-cvr|inec-pu-directory-2015
15-07-05,NG016007,GO,Kamo,kamo,,inec-cvr|inec-pu-directory-2015
15-07-06,NG016007,GO,Tula Baule,tula-baule,,inec-cvr|inec-pu-directory-2015
15-07-07,NG016007,GO,Tula Wange,tula-wange,,inec-cvr|inec-pu-directory-2015
15-07-08,NG016007,GO,Tula-Yiri,tula-yiri,,inec-cvr|inec-pu-directory-2015
15-07-09,NG016007,GO,Tungo,tungo,,inec-cvr|inec-pu-directory-2015
15-07-10,NG016007,GO,Ture,ture,,inec-cvr|inec-pu-directory-2015
15-08-01,NG016008,GO,Bojude,bojude,,inec-cvr|inec-pu-directory-2015
15-08-02,NG016008,GO,Daban Fulani,daban-fulani,,inec-cvr|inec-pu-directory-2015
15-08-03,NG016008,GO,Doho,doho,,inec-cvr|inec-pu-directory-2015
15-08-04,NG016008,GO,Dukul,dukul,,inec-cvr|inec-pu-directory-2015
15-08-05,NG016008,GO,Gadam,gadam,,inec-cvr|inec-pu-directory-2015
15-08-06,NG016008,GO,Jurara,jurara,,inec-cvr|inec-pu-directory-2015
15-08-07,NG016008,GO,Komfulata,komfulata,,inec-cvr|inec-pu-directory-2015
15-08-08,NG016008,GO,Kwami,kwami,,inec-cvr|inec-pu-directory-2015
15-08-09,NG016008,GO,Malam Sidi,malam-sidi,,inec-cvr|inec-pu-directory-2015
15-08-10,NG016008,GO,Malleri,malleri,,inec-cvr|inec-pu-directory-2015
15-09-01,NG016009,GO,Barwo/Nasarawo,barwo-nasarawo,,inec-cvr|inec-pu-directory-2015
15-09-02,NG016009,GO,Barwo Winde,barwo-winde,,inec-cvr|inec-pu-directory-2015
15-09-03,NG016009,GO,Birin Bolewa,birin-bolewa,,inec-cvr|inec-pu-directory-2015
15-09-04,NG016009,GO,Birin Fulani East,birin-fulani-east,,inec-cvr|inec-pu-directory-2015
15-09-05,NG016009,GO,Birin Fulani West,birin-fulani-west,,inec-cvr|inec-pu-directory-2015
15-09-06,NG016009,GO,Gudukku,gudukku,,inec-cvr|inec-pu-directory-2015
15-09-07,NG016009,GO,Jigawa,jigawa,,inec-cvr|inec-pu-directory-2015
15-09-08,NG016009,GO,Nafada Central,nafada-central,,inec-cvr|inec-pu-directory-2015
15-09-09,NG016009,GO,Nafada East,nafada-east,,inec-cvr|inec-pu-directory-2015
15-09-10,NG016009,GO,Nafada West,nafada-west,,inec-cvr|inec-pu-directory-2015
15-10-01,NG016010,GO,Bangunji,bangunji,,inec-cvr|inec-pu-directory-2015
15-10-02,NG016010,GO,Boh,boh,,inec-cvr|inec-pu-directory-2015
15-10-03,NG016010,GO,Burak,burak,,inec-cvr|inec-pu-directory-2015
15-10-04,NG016010,GO,Filiya,filiya,,inec-cvr|inec-pu-directory-2015
15-10-05,NG016010,GO,Gundale,gundale,,inec-cvr|inec-pu-directory-2015
15-10-06,NG016010,GO,Gwandum,gwandum,,inec-cvr|inec-pu-directory-2015
15-10-07,NG016010,GO,Kulishin,kulishin,,inec-cvr|inec-pu-directory-2015
15-10-08,NG016010,GO,Kushi,kushi,,inec-cvr|inec-pu-directory-2015
15-10-09,NG016010,GO,Lalaipido,lalaipido,,inec-cvr|inec-pu-directory-2015
15-10-10,NG016010,GO,Lapan,lapan,,inec-cvr|inec-pu-directory-2015
15-11-01,NG016011,GO,Deba,deba,,inec-cvr|inec-pu-directory-2015
15-11-02,NG016011,GO,Difa/Lubo/Kinafa,difa-lubo-kinafa,,inec-cvr|inec-pu-directory-2015
15-11-03,NG016011,GO,Gwani/Shinga/Wade,gwani-shinga-wade,,inec-cvr|inec-pu-directory-2015
15-11-04,NG016011,GO,Hinna,hinna,,inec-cvr|inec-pu-directory-2015
15-11-05,NG016011,GO,Jagali North,jagali-north,,inec-cvr|inec-pu-directory-2015
15-11-06,NG016011,GO,Jagali South,jagali-south,,inec-cvr|inec-pu-directory-2015
15-11-07,NG016011,GO,Kanawa/Wajari,kanawa-wajari,,inec-cvr|inec-pu-directory-2015
15-11-08,NG016011,GO,Kuri/Lano/Lambam,kuri-lano-lambam,,inec-cvr|inec-pu-directory-2015
15-11-09,NG016011,GO,Kwadon/Liji/Kurba,kwadon-liji-kurba,,inec-cvr|inec-pu-directory-2015
15-11-10,NG016011,GO,Nono/Kunwal/W. Birdeka,nono-kunwal-w-birdeka,,inec-cvr|inec-pu-directory-2015
15-11-11,NG016011,GO,Zambuk/Kwali,zambuk-kwali,Zambul/Kwali,inec-cvr|inec-pu-directory-2015
16-01-01,NG017001,IM,Enyiogugu,enyiogugu,,inec-cvr|inec-pu-directory-2015
16-01-02,NG017001,IM,Nguru-Ahiato,nguru-ahiato,,inec-cvr|inec-pu-directory-2015
16-01-03,NG017001,IM,Nguru-Nwenkwo,nguru-nwenkwo,,inec-cvr|inec-pu-directory-2015
16-01-04,NG017001,IM,Nguru-Nweke,nguru-nweke,,inec-cvr|inec-pu-directory-2015
16-01-05,NG017001,IM,Mbutu,mbutu,,inec-cvr|inec-pu-directory-2015
16-01-06,NG017001,IM,Uvuru I,uvuru-i,,inec-cvr|inec-pu-directory-2015
16-01-07,NG017001,IM,Uvuru II,uvuru-ii,,inec-cvr|inec-pu-directory-2015
16-01-08,NG017001,IM,Lorji,lorji,,inec-cvr|inec-pu-directory-2015
16-01-09,NG017001,IM,Amuzu,amuzu,,inec-cvr|inec-pu-directory-2015
16-01-10,NG017001,IM,Umuhu,umuhu,,inec-cvr|inec-pu-directory-2015
16-01-11,NG017001,IM,Lagwa,lagwa,,inec-cvr|inec-pu-directory-2015
16-01-12,NG017001,IM,Ibeku,ibeku,,inec-cvr|inec-pu-directory-2015
16-02-01,NG017002,IM,Ogbe,ogbe,,inec-cvr|inec-pu-directory-2015
16-02-02,NG017002,IM,Otulu/Aguneze,otulu-aguneze,,inec-cvr|inec-pu-directory-2015
16-02-03,NG017002,IM,Oru-Na-Lude,oru-na-lude,,inec-cvr|inec-pu-directory-2015
16-02-04,NG017002,IM,Nnarambia,nnarambia,,inec-cvr|inec-pu-directory-2015
16-02-05,NG017002,IM,Okirika Nwenkwo,okirika-nwenkwo,,inec-cvr|inec-pu-directory-2015
16-02-06,NG017002,IM,Amuzi/Ihenworie,amuzi-ihenworie,,inec-cvr|inec-pu-directory-2015
16-02-07,NG017002,IM,Okirika Nweke,okirika-nweke,,inec-cvr|inec-pu-directory-2015
16-02-08,NG017002,IM,Obohia/Ekwereazu,obohia-ekwereazu,,inec-cvr|inec-pu-directory-2015
16-02-09,NG017002,IM,Mpam,mpam,,inec-cvr|inec-pu-directory-2015
16-02-10,NG017002,IM,Oparanadim,oparanadim,,inec-cvr|inec-pu-directory-2015
16-02-11,NG017002,IM,Umunumo/Umuchieze,umunumo-umuchieze,,inec-cvr|inec-pu-directory-2015
16-02-12,NG017002,IM,Ogbor/Umueze,ogbor-umueze,,inec-cvr|inec-pu-directory-2015
16-03-01,NG017003,IM,Agbaja,agbaja,,inec-cvr|inec-pu-directory-2015
16-03-02,NG017003,IM,Umukabia,umukabia,,inec-cvr|inec-pu-directory-2015
16-03-03,NG017003,IM,Nsu 'A' Ikpe,nsu-a-ikpe,,inec-cvr|inec-pu-directory-2015
16-03-04,NG017003,IM,Nsu 'B' Ihitte,nsu-b-ihitte,,inec-cvr|inec-pu-directory-2015
16-03-05,NG017003,IM,Nzerem/Ikpem,nzerem-ikpem,,inec-cvr|inec-pu-directory-2015
16-03-06,NG017003,IM,Umualumaku/Umuihim,umualumaku-umuihim,,inec-cvr|inec-pu-directory-2015
16-03-07,NG017003,IM,Umunakanu,umunakanu,,inec-cvr|inec-pu-directory-2015
16-03-08,NG017003,IM,Umunumo,umunumo,,inec-cvr|inec-pu-directory-2015
16-03-09,NG017003,IM,Umuezeala,umuezeala,,inec-cvr|inec-pu-directory-2015
16-03-10,NG017003,IM,Umueze I,umueze-i,,inec-cvr|inec-pu-directory-2015
16-03-11,NG017003,IM,Umueze II/Umueleke,umueze-ii-umueleke,,inec-cvr|inec-pu-directory-2015
16-04-01,NG017004,IM,Amumara,amumara,,inec-cvr|inec-pu-directory-2015
16-04-02,NG017004,IM,Itu,itu,,inec-cvr|inec-pu-directory-2015
16-04-03,NG017004,IM,Okpofe/Ezeagbogu,okpofe-ezeagbogu,,inec-cvr|inec-pu-directory-2015
16-04-04,NG017004,IM,Onicha I,onicha-i,,inec-cvr|inec-pu-directory-2015
16-04-05,NG017004,IM,Onicha II,onicha-ii,,inec-cvr|inec-pu-directory-2015
16-04-06,NG017004,IM,Onicha III,onicha-iii,,inec-cvr|inec-pu-directory-2015
16-04-07,NG017004,IM,Onicha IV,onicha-iv,,inec-cvr|inec-pu-directory-2015
16-04-08,NG017004,IM,Eziudo,eziudo,,inec-cvr|inec-pu-directory-2015
16-04-09,NG017004,IM,Udo-Na-Obizi,udo-na-obizi,,inec-cvr|inec-pu-directory-2015
16-04-10,NG017004,IM,Ihitte,ihitte,,inec-cvr|inec-pu-directory-2015
16-04-11,NG017004,IM,Oboama/Umunama,oboama-umunama,,inec-cvr|inec-pu-directory-2015
16-04-12,NG017004,IM,Chokoneze/Akpodim/Ife,chokoneze-akpodim-ife,,inec-cvr|inec-pu-directory-2015
16-05-01,NG017005,IM,Akpulu,akpulu,,inec-cvr|inec-pu-directory-2015
16-05-02,NG017005,IM,Isiokpo,isiokpo,,inec-cvr|inec-pu-directory-2015
16-05-03,NG017005,IM,Umuokwara/Umuezeaga,umuokwara-umuezeaga,,inec-cvr|inec-pu-directory-2015
16-05-04,NG017005,IM,Akwu Owerre,akwu-owerre,,inec-cvr|inec-pu-directory-2015
16-05-05,NG017005,IM,Umuopia/Umukegwu,umuopia-umukegwu,,inec-cvr|inec-pu-directory-2015
16-05-06,NG017005,IM,Ndi Iheme Arondizuogu,ndi-iheme-arondizuogu,,inec-cvr|inec-pu-directory-2015
16-05-07,NG017005,IM,Izuogu I,izuogu-i,,inec-cvr|inec-pu-directory-2015
16-05-08,NG017005,IM,Ndimoko,ndimoko,,inec-cvr|inec-pu-directory-2015
16-05-09,NG017005,IM,Obodoukwu,obodoukwu,,inec-cvr|inec-pu-directory-2015
16-05-10,NG017005,IM,Osina,osina,,inec-cvr|inec-pu-directory-2015
16-05-11,NG017005,IM,Uzii/Umualoma,uzii-umualoma,,inec-cvr|inec-pu-directory-2015
16-05-12,NG017005,IM,Ezemazu/Ozu,ezemazu-ozu,,inec-cvr|inec-pu-directory-2015
16-05-13,NG017005,IM,Ozuakoki/Umuago,ozuakoki-umuago,,inec-cvr|inec-pu-directory-2015
16-05-14,NG017005,IM,Izuogu II,izuogu-ii,,inec-cvr|inec-pu-directory-2015
16-06-01,NG017006,IM,Amanator/Umueshi,amanator-umueshi,,inec-cvr|inec-pu-directory-2015
16-06-02,NG017006,IM,Dikenafai,dikenafai,,inec-cvr|inec-pu-directory-2015
16-06-03,NG017006,IM,Isiekenesi I,isiekenesi-i,,inec-cvr|inec-pu-directory-2015
16-06-04,NG017006,IM,Isiekenesi II,isiekenesi-ii,,inec-cvr|inec-pu-directory-2015
16-06-05,NG017006,IM,Ntueke,ntueke,,inec-cvr|inec-pu-directory-2015
16-06-06,NG017006,IM,Ugbelle,ugbelle,,inec-cvr|inec-pu-directory-2015
16-06-07,NG017006,IM,Obiohia,obiohia,,inec-cvr|inec-pu-directory-2015
16-06-08,NG017006,IM,Ogboko I,ogboko-i,,inec-cvr|inec-pu-directory-2015
16-06-09,NG017006,IM,Ogboko II,ogboko-ii,,inec-cvr|inec-pu-directory-2015
16-06-10,NG017006,IM,Umuakam/Umuago,umuakam-umuago,,inec-cvr|inec-pu-directory-2015
16-06-11,NG017006,IM,Umuchima,umuchima,,inec-cvr|inec-pu-directory-2015
16-06-12,NG017006,IM,Umuma Isiaku,umuma-isiaku,,inec-cvr|inec-pu-directory-2015
16-06-13,NG017006,IM,Umuobom,umuobom,,inec-cvr|inec-pu-directory-2015
16-07-01,NG017007,IM,Abueke,abueke,,inec-cvr|inec-pu-directory-2015
16-07-02,NG017007,IM,Amakohia,amakohia,,inec-cvr|inec-pu-directory-2015
16-07-03,NG017007,IM,Amainyi,amainyi,,inec-cvr|inec-pu-directory-2015
16-07-04,NG017007,IM,Atonerim,atonerim,,inec-cvr|inec-pu-directory-2015
16-07-05,NG017007,IM,Awuchinumo,awuchinumo,,inec-cvr|inec-pu-directory-2015
16-07-06,NG017007,IM,Dimneze,dimneze,,inec-cvr|inec-pu-directory-2015
16-07-07,NG017007,IM,Ikperejere,ikperejere,,inec-cvr|inec-pu-directory-2015
16-07-08,NG017007,IM,Okata,okata,,inec-cvr|inec-pu-directory-2015
16-07-09,NG017007,IM,Umuezegwu,umuezegwu,,inec-cvr|inec-pu-directory-2015
16-07-10,NG017007,IM,Umuihi,umuihi,,inec-cvr|inec-pu-directory-2015
16-08-01,NG017008,IM,Akabo,akabo,,inec-cvr|inec-pu-directory-2015
16-08-02,NG017008,IM,Amatta,amatta,,inec-cvr|inec-pu-directory-2015
16-08-03,NG017008,IM,Iho,iho,,inec-cvr|inec-pu-directory-2015
16-08-04,NG017008,IM,Inyishi/Umudim,inyishi-umudim,,inec-cvr|inec-pu-directory-2015
16-08-05,NG017008,IM,Amaimo,amaimo,,inec-cvr|inec-pu-directory-2015
16-08-06,NG017008,IM,Amakohia,amakohia,,inec-cvr|inec-pu-directory-2015
16-08-07,NG017008,IM,Avuvu,avuvu,,inec-cvr|inec-pu-directory-2015
16-08-08,NG017008,IM,Atta I,atta-i,,inec-cvr|inec-pu-directory-2015
16-08-09,NG017008,IM,Atta II,atta-ii,,inec-cvr|inec-pu-directory-2015
16-08-10,NG017008,IM,Ugirike/Okwu/Eziama,ugirike-okwu-eziama,,inec-cvr|inec-pu-directory-2015
16-08-11,NG017008,IM,Ngugo/Ikembara,ngugo-ikembara,,inec-cvr|inec-pu-directory-2015
16-08-12,NG017008,IM,Uzoagba,uzoagba,,inec-cvr|inec-pu-directory-2015
16-09-01,NG017009,IM,Amaraku,amaraku,,inec-cvr|inec-pu-directory-2015
16-09-02,NG017009,IM,Umunkwo,umunkwo,,inec-cvr|inec-pu-directory-2015
16-09-03,NG017009,IM,Ogbor,ogbor,,inec-cvr|inec-pu-directory-2015
16-09-04,NG017009,IM,Ibeme,ibeme,,inec-cvr|inec-pu-directory-2015
16-09-05,NG017009,IM,Osu-Owerre I,osu-owerre-i,,inec-cvr|inec-pu-directory-2015
16-09-06,NG017009,IM,Osu-Owerre II,osu-owerre-ii,,inec-cvr|inec-pu-directory-2015
16-09-07,NG017009,IM,Osuama/Anara,osuama-anara,,inec-cvr|inec-pu-directory-2015
16-09-08,NG017009,IM,Ugiri/Oka,ugiri-oka,,inec-cvr|inec-pu-directory-2015
16-09-09,NG017009,IM,Amauzari,amauzari,,inec-cvr|inec-pu-directory-2015
16-09-10,NG017009,IM,Obollo,obollo,,inec-cvr|inec-pu-directory-2015
16-09-11,NG017009,IM,Umuozu,umuozu,,inec-cvr|inec-pu-directory-2015
16-09-12,NG017009,IM,Osu-Achara,osu-achara,,inec-cvr|inec-pu-directory-2015
16-10-01,NG017010,IM,Amandugba I,amandugba-i,,inec-cvr|inec-pu-directory-2015
16-10-02,NG017010,IM,Amandugba II,amandugba-ii,,inec-cvr|inec-pu-directory-2015
16-10-03,NG017010,IM,Umundugba I,umundugba-i,,inec-cvr|inec-pu-directory-2015
16-10-04,NG017010,IM,Umundugba II,umundugba-ii,,inec-cvr|inec-pu-directory-2015
16-10-05,NG017010,IM,Amurie Omanze I,amurie-omanze-i,,inec-cvr|inec-pu-directory-2015
16-10-06,NG017010,IM,Amurie Omanze II,amurie-omanze-ii,,inec-cvr|inec-pu-directory-2015
16-10-07,NG017010,IM,Ekwe I,ekwe-i,,inec-cvr|inec-pu-directory-2015
16-10-08,NG017010,IM,Ekwe II,ekwe-ii,,inec-cvr|inec-pu-directory-2015
16-10-09,NG017010,IM,Isu-Njaba I,isu-njaba-i,,inec-cvr|inec-pu-directory-2015
16-10-10,NG017010,IM,Isu-Njaba II,isu-njaba-ii,,inec-cvr|inec-pu-directory-2015
16-10-11,NG017010,IM,Isu Njaba III,isu-njaba-iii,,inec-cvr|inec-pu-directory-2015
16-11-01,NG017011,IM,Afara/Eziama,afara-eziama,,inec-cvr|inec-pu-directory-2015
16-11-02,NG017011,IM,Ogbaku,ogbaku,,inec-cvr|inec-pu-directory-2015
16-11-03,NG017011,IM,Umunoha/Azara,umunoha-azara,,inec-cvr|inec-pu-directory-2015
16-11-04,NG017011,IM,Ubomiri,ubomiri,,inec-cvr|inec-pu-directory-2015
16-11-05,NG017011,IM,Ifakala,ifakala,,inec-cvr|inec-pu-directory-2015
16-11-06,NG017011,IM,Ogwa I,ogwa-i,,inec-cvr|inec-pu-directory-2015
16-11-07,NG017011,IM,Ogwa II,ogwa-ii,,inec-cvr|inec-pu-directory-2015
16-11-08,NG017011,IM,Orodo 'A',orodo-a,,inec-cvr|inec-pu-directory-2015
16-11-09,NG017011,IM,Orodo 'B',orodo-b,,inec-cvr|inec-pu-directory-2015
16-11-10,NG017011,IM,Umunwoha/Mbieri/Umuawu,umunwoha-mbieri-umuawu,,inec-cvr|inec-pu-directory-2015
16-11-11,NG017011,IM,Amaike Mbieri,amaike-mbieri,,inec-cvr|inec-pu-directory-2015
16-11-12,NG017011,IM,Ezinihitie Mbieri,ezinihitie-mbieri,,inec-cvr|inec-pu-directory-2015
16-12-01,NG017012,IM,Amala/Alulu/Oburu/Obokwe/Ntu,amala-alulu-oburu-obokwe-ntu,,inec-cvr|inec-pu-directory-2015
16-12-02,NG017012,IM,Elelem/Obike,elelem-obike,,inec-cvr|inec-pu-directory-2015
16-12-03,NG017012,IM,Ozuzu,ozuzu,,inec-cvr|inec-pu-directory-2015
16-12-04,NG017012,IM,Eziama/Okpala,eziama-okpala,,inec-cvr|inec-pu-directory-2015
16-12-05,NG017012,IM,Imerienwe,imerienwe,,inec-cvr|inec-pu-directory-2015
16-12-06,NG017012,IM,Nguru/Umuowa,nguru-umuowa,,inec-cvr|inec-pu-directory-2015
16-12-07,NG017012,IM,Ngor/Ihitte/Umukabia,ngor-ihitte-umukabia,,inec-cvr|inec-pu-directory-2015
16-12-08,NG017012,IM,Ohekelem Nnorie,ohekelem-nnorie,,inec-cvr|inec-pu-directory-2015
16-12-09,NG017012,IM,Umuhu,umuhu,,inec-cvr|inec-pu-directory-2015
16-12-10,NG017012,IM,Obiangwu,obiangwu,,inec-cvr|inec-pu-directory-2015
16-12-11,NG017012,IM,Logara/Umuohiagu,logara-umuohiagu,,inec-cvr|inec-pu-directory-2015
16-13-01,NG017013,IM,Atta I,atta-i,,inec-cvr|inec-pu-directory-2015
16-13-02,NG017013,IM,Atta II,atta-ii,,inec-cvr|inec-pu-directory-2015
16-13-03,NG017013,IM,Atta III,atta-iii,,inec-cvr|inec-pu-directory-2015
16-13-04,NG017013,IM,Amucha I,amucha-i,,inec-cvr|inec-pu-directory-2015
16-13-05,NG017013,IM,Amucha II,amucha-ii,,inec-cvr|inec-pu-directory-2015
16-13-06,NG017013,IM,Nkume,nkume,,inec-cvr|inec-pu-directory-2015
16-13-07,NG017013,IM,Okwudor,okwudor,,inec-cvr|inec-pu-directory-2015
16-13-08,NG017013,IM,Umuaka I,umuaka-i,,inec-cvr|inec-pu-directory-2015
16-13-09,NG017013,IM,Umuaka II,umuaka-ii,,inec-cvr|inec-pu-directory-2015
16-13-10,NG017013,IM,Umuaka III,umuaka-iii,,inec-cvr|inec-pu-directory-2015
16-13-11,NG017013,IM,Umuaka IV,umuaka-iv,,inec-cvr|inec-pu-directory-2015
16-14-01,NG017014,IM,Onusa,onusa,,inec-cvr|inec-pu-directory-2015
16-14-02,NG017014,IM,Nnanano (Nkwerre II),nnanano-nkwerre-ii,,inec-cvr|inec-pu-directory-2015
16-14-03,NG017014,IM,Umukor (Nkwerre III),umukor-nkwerre-iii,,inec-cvr|inec-pu-directory-2015
16-14-04,NG017014,IM,Nkwerre IV (Umunubo/Umunachi),nkwerre-iv-umunubo-umunachi,,inec-cvr|inec-pu-directory-2015
16-14-05,NG017014,IM,Nkwerre V,nkwerre-v,,inec-cvr|inec-pu-directory-2015
16-14-06,NG017014,IM,Owerre Nkworji I,owerre-nkworji-i,,inec-cvr|inec-pu-directory-2015
16-14-07,NG017014,IM,Owerre Nkworji II,owerre-nkworji-ii,,inec-cvr|inec-pu-directory-2015
16-14-08,NG017014,IM,Umudi/Umuwala,umudi-umuwala,,inec-cvr|inec-pu-directory-2015
16-14-09,NG017014,IM,Amaokpara,amaokpara,,inec-cvr|inec-pu-directory-2015
16-14-10,NG017014,IM,Eziama Obaire,eziama-obaire,,inec-cvr|inec-pu-directory-2015
16-15-01,NG017015,IM,Amano/Umudurumba Ward (Amaigbo I),amano-umudurumba-ward-amaigbo-i,,inec-cvr|inec-pu-directory-2015
16-15-02,NG017015,IM,Umuanu Community Ward (Amaigbo II),umuanu-community-ward-amaigbo-ii,,inec-cvr|inec-pu-directory-2015
16-15-03,NG017015,IM,Amaju Community Ward (Amaigbo III),amaju-community-ward-amaigbo-iii,,inec-cvr|inec-pu-directory-2015
16-15-04,NG017015,IM,Amamnaisi (Amaigbo IV),amamnaisi-amaigbo-iv,,inec-cvr|inec-pu-directory-2015
16-15-05,NG017015,IM,Ezeobolo/Ofeahia/Duruoha/Umukabia (Amaigbo Ward V),ezeobolo-ofeahia-duruoha-umukabia-amaigbo-ward-v,Ezeobolo/Ofeahia/Duruoha/Umukabia (Amaigbo Ward,inec-cvr|inec-pu-directory-2015
16-15-06,NG017015,IM,Abba Ward,abba-ward,,inec-cvr|inec-pu-directory-2015
16-15-07,NG017015,IM,Umuozu Ward,umuozu-ward,,inec-cvr|inec-pu-directory-2015
16-15-08,NG017015,IM,Kara-Na-Orlu,kara-na-orlu,,inec-cvr|inec-pu-directory-2015
16-15-09,NG017015,IM,Dim-Na Nume,dim-na-nume,,inec-cvr|inec-pu-directory-2015
16-15-10,NG017015,IM,Abajah Ward I,abajah-ward-i,,inec-cvr|inec-pu-directory-2015
16-15-11,NG017015,IM,Abajah Ward II,abajah-ward-ii,,inec-cvr|inec-pu-directory-2015
16-16-01,NG017016,IM,Alike,alike,,inec-cvr|inec-pu-directory-2015
16-16-02,NG017016,IM,Amanze/Umungwa,amanze-umungwa,,inec-cvr|inec-pu-directory-2015
16-16-03,NG017016,IM,Amuzi,amuzi,,inec-cvr|inec-pu-directory-2015
16-16-04,NG017016,IM,Avutu,avutu,,inec-cvr|inec-pu-directory-2015
16-16-05,NG017016,IM,Ehume,ehume,,inec-cvr|inec-pu-directory-2015
16-16-06,NG017016,IM,Odenkume/Umuosochie,odenkume-umuosochie,,inec-cvr|inec-pu-directory-2015
16-16-07,NG017016,IM,Okenalogho,okenalogho,,inec-cvr|inec-pu-directory-2015
16-16-08,NG017016,IM,Okwuohia,okwuohia,,inec-cvr|inec-pu-directory-2015
16-16-09,NG017016,IM,Umuariam/Achara,umuariam-achara,,inec-cvr|inec-pu-directory-2015
16-16-10,NG017016,IM,Umunachi,umunachi,,inec-cvr|inec-pu-directory-2015
16-17-01,NG017017,IM,Awa,awa,,inec-cvr|inec-pu-directory-2015
16-17-02,NG017017,IM,Egwe/Egbuoma,egwe-egbuoma,,inec-cvr|inec-pu-directory-2015
16-17-03,NG017017,IM,Izombe,izombe,,inec-cvr|inec-pu-directory-2015
16-17-04,NG017017,IM,Mbala/Uba,mbala-uba,,inec-cvr|inec-pu-directory-2015
16-17-05,NG017017,IM,Ndeuloukwu/Umuowere,ndeuloukwu-umuowere,,inec-cvr|inec-pu-directory-2015
16-17-06,NG017017,IM,Obudi/Aro,obudi-aro,,inec-cvr|inec-pu-directory-2015
16-17-07,NG017017,IM,Oguta 'A',oguta-a,,inec-cvr|inec-pu-directory-2015
16-17-08,NG017017,IM,Oguta 'B',oguta-b,,inec-cvr|inec-pu-directory-2015
16-17-09,NG017017,IM,Oru,oru,,inec-cvr|inec-pu-directory-2015
16-17-10,NG017017,IM,Ossemotor/Enuigbo,ossemotor-enuigbo,,inec-cvr|inec-pu-directory-2015
16-17-11,NG017017,IM,Uwaorie,uwaorie,,inec-cvr|inec-pu-directory-2015
16-18-01,NG017018,IM,Assa/Obile,assa-obile,,inec-cvr|inec-pu-directory-2015
16-18-02,NG017018,IM,Awara/Ikwerede,awara-ikwerede,,inec-cvr|inec-pu-directory-2015
16-18-03,NG017018,IM,Egbema 'A',egbema-a,,inec-cvr|inec-pu-directory-2015
16-18-04,NG017018,IM,Egbema 'B',egbema-b,,inec-cvr|inec-pu-directory-2015
16-18-05,NG017018,IM,Egbema 'C',egbema-c,,inec-cvr|inec-pu-directory-2015
16-18-06,NG017018,IM,Egbema 'D',egbema-d,,inec-cvr|inec-pu-directory-2015
16-18-07,NG017018,IM,Egbema 'E',egbema-e,,inec-cvr|inec-pu-directory-2015
16-18-08,NG017018,IM,Ekwuato,ekwuato,,inec-cvr|inec-pu-directory-2015
16-18-09,NG017018,IM,Obitti/Mgbishi,obitti-mgbishi,,inec-cvr|inec-pu-directory-2015
16-18-10,NG017018,IM,Ohoba,ohoba,,inec-cvr|inec-pu-directory-2015
16-18-11,NG017018,IM,Umuagwo,umuagwo,,inec-cvr|inec-pu-directory-2015
16-18-12,NG017018,IM,Umuapu,umuapu,,inec-cvr|inec-pu-directory-2015
16-19-01,NG017019,IM,Okigwe I,okigwe-i,,inec-cvr|inec-pu-directory-2015
16-19-02,NG017019,IM,Okigwe II,okigwe-ii,,inec-cvr|inec-pu-directory-2015
16-19-03,NG017019,IM,Ihube,ihube,,inec-cvr|inec-pu-directory-2015
16-19-04,NG017019,IM,Aku,aku,,inec-cvr|inec-pu-directory-2015
16-19-05,NG017019,IM,Ogii,ogii,,inec-cvr|inec-pu-directory-2015
16-19-06,NG017019,IM,Ezinachi,ezinachi,,inec-cvr|inec-pu-directory-2015
16-19-07,NG017019,IM,Umualumuoke,umualumuoke,,inec-cvr|inec-pu-directory-2015
16-19-08,NG017019,IM,Amuro,amuro,,inec-cvr|inec-pu-directory-2015
16-19-09,NG017019,IM,Ndimoko Ofeimo/Ibinta/Okanachi/Umuowa Ibu,ndimoko-ofeimo-ibinta-okanachi-umuowa-ibu,,inec-cvr|inec-pu-directory-2015
16-19-10,NG017019,IM,Umulolo,umulolo,,inec-cvr|inec-pu-directory-2015
16-19-11,NG017019,IM,Agbobu,agbobu,,inec-cvr|inec-pu-directory-2015
16-20-01,NG017027,IM,Eziama,eziama,,inec-cvr|inec-pu-directory-2015
16-20-02,NG017027,IM,Umucheke,umucheke,,inec-cvr|inec-pu-directory-2015
16-20-03,NG017027,IM,Owerre-Okwe,owerre-okwe,,inec-cvr|inec-pu-directory-2015
16-20-04,NG017027,IM,Ezelu,ezelu,,inec-cvr|inec-pu-directory-2015
16-20-05,NG017027,IM,Ofeahia,ofeahia,Ofeahia/Umuanumeze,inec-cvr|inec-pu-directory-2015
16-20-06,NG017027,IM,Aboh/Okohia,aboh-okohia,,inec-cvr|inec-pu-directory-2015
16-20-07,NG017027,IM,Ozimo/Umuanumeze,ozimo-umuanumeze,Ozimo/Umuneze,inec-cvr|inec-pu-directory-2015
16-20-08,NG017027,IM,Umuna,umuna,,inec-cvr|inec-pu-directory-2015
16-20-09,NG017027,IM,Okwelle I,okwelle-i,,inec-cvr|inec-pu-directory-2015
16-20-10,NG017027,IM,Okwelle II,okwelle-ii,,inec-cvr|inec-pu-directory-2015
16-21-01,NG017020,IM,Ohafor/Okporo/Umutanze,ohafor-okporo-umutanze,,inec-cvr|inec-pu-directory-2015
16-21-02,NG017020,IM,Ohaeke/Okporo,ohaeke-okporo,Okaeke/Okporo,inec-cvr|inec-pu-directory-2015
16-21-03,NG017020,IM,Ebenese/Umueze/Nnachi Ihioma,ebenese-umueze-nnachi-ihioma,,inec-cvr|inec-pu-directory-2015
16-21-04,NG017020,IM,Okwua Bala/Ihioma,okwua-bala-ihioma,,inec-cvr|inec-pu-directory-2015
16-21-05,NG017020,IM,Umuna,umuna,,inec-cvr|inec-pu-directory-2015
16-21-06,NG017020,IM,Umudioka,umudioka,,inec-cvr|inec-pu-directory-2015
16-21-07,NG017020,IM,Ihite Owerre,ihite-owerre,,inec-cvr|inec-pu-directory-2015
16-21-08,NG017020,IM,Amaifeke,amaifeke,,inec-cvr|inec-pu-directory-2015
16-21-09,NG017020,IM,Umuzike/Umuowa,umuzike-umuowa,,inec-cvr|inec-pu-directory-2015
16-21-10,NG017020,IM,Owerri Ebeiri,owerri-ebeiri,,inec-cvr|inec-pu-directory-2015
16-21-11,NG017020,IM,Eziachi/Amike,eziachi-amike,,inec-cvr|inec-pu-directory-2015
16-21-12,NG017020,IM,Ogberuru/Obibi,ogberuru-obibi,,inec-cvr|inec-pu-directory-2015
16-21-13,NG017020,IM,Orlu/Mgbee/Orlu Govt. Station,orlu-mgbee-orlu-govt-station,,inec-cvr|inec-pu-directory-2015
16-22-01,NG017021,IM,Umuhu Okabia,umuhu-okabia,,inec-cvr|inec-pu-directory-2015
16-22-02,NG017021,IM,Ebenator,ebenator,,inec-cvr|inec-pu-directory-2015
16-22-03,NG017021,IM,Okwufuruaku,okwufuruaku,,inec-cvr|inec-pu-directory-2015
16-22-04,NG017021,IM,Okwuamaraihie I,okwuamaraihie-i,,inec-cvr|inec-pu-directory-2015
16-22-05,NG017021,IM,Okwuamaraihie II,okwuamaraihie-ii,,inec-cvr|inec-pu-directory-2015
16-22-06,NG017021,IM,Okwuetiti,okwuetiti,,inec-cvr|inec-pu-directory-2015
16-22-07,NG017021,IM,Orsu Ihiteukwa,orsu-ihiteukwa,,inec-cvr|inec-pu-directory-2015
16-22-08,NG017021,IM,Ihitenansa,ihitenansa,,inec-cvr|inec-pu-directory-2015
16-22-09,NG017021,IM,Assah Ubiri Elem,assah-ubiri-elem,,inec-cvr|inec-pu-directory-2015
16-22-10,NG017021,IM,Eziawa,eziawa,,inec-cvr|inec-pu-directory-2015
16-22-11,NG017021,IM,Amaruru,amaruru,,inec-cvr|inec-pu-directory-2015
16-23-01,NG017022,IM,Awo-Omamma I,awo-omamma-i,,inec-cvr|inec-pu-directory-2015
16-23-02,NG017022,IM,Awo-Omamma II,awo-omamma-ii,,inec-cvr|inec-pu-directory-2015
16-23-03,NG017022,IM,Awo-Omamma III,awo-omamma-iii,,inec-cvr|inec-pu-directory-2015
16-23-04,NG017022,IM,Awo-Omamma IV,awo-omamma-iv,,inec-cvr|inec-pu-directory-2015
16-23-05,NG017022,IM,Amiri I,amiri-i,,inec-cvr|inec-pu-directory-2015
16-23-06,NG017022,IM,Amiri II,amiri-ii,,inec-cvr|inec-pu-directory-2015
16-23-07,NG017022,IM,Akuma,akuma,,inec-cvr|inec-pu-directory-2015
16-23-08,NG017022,IM,Amagu,amagu,,inec-cvr|inec-pu-directory-2015
16-23-09,NG017022,IM,Akata,akata,,inec-cvr|inec-pu-directory-2015
16-23-10,NG017022,IM,Omuma,omuma,,inec-cvr|inec-pu-directory-2015
16-24-01,NG017023,IM,Nempi/Eleh,nempi-eleh,Nempi/Elem,inec-cvr|inec-pu-directory-2015
16-24-02,NG017023,IM,Otulu,otulu,,inec-cvr|inec-pu-directory-2015
16-24-03,NG017023,IM,Aji,aji,,inec-cvr|inec-pu-directory-2015
16-24-04,NG017023,IM,Ibiaso Egbe,ibiaso-egbe,,inec-cvr|inec-pu-directory-2015
16-24-05,NG017023,IM,Amafuo,amafuo,,inec-cvr|inec-pu-directory-2015
16-24-06,NG017023,IM,Ohakpu,ohakpu,,inec-cvr|inec-pu-directory-2015
16-24-07,NG017023,IM,Ozara,ozara,,inec-cvr|inec-pu-directory-2015
16-24-08,NG017023,IM,Ubulu,ubulu,,inec-cvr|inec-pu-directory-2015
16-24-09,NG017023,IM,Mgbidi I,mgbidi-i,,inec-cvr|inec-pu-directory-2015
16-24-10,NG017023,IM,Mgbidi II,mgbidi-ii,,inec-cvr|inec-pu-directory-2015
16-25-01,NG017026,IM,Aladinma I,aladinma-i,,inec-cvr|inec-pu-directory-2015
16-25-02,NG017026,IM,Aladinma II,aladinma-ii,,inec-cvr|inec-pu-directory-2015
16-25-03,NG017026,IM,Ikenegbu I,ikenegbu-i,,inec-cvr|inec-pu-directory-2015
16-25-04,NG017026,IM,Ikenegbu II,ikenegbu-ii,,inec-cvr|inec-pu-directory-2015
16-25-05,NG017026,IM,Azuzi I,azuzi-i,,inec-cvr|inec-pu-directory-2015
16-25-06,NG017026,IM,Azuzi II,azuzi-ii,,inec-cvr|inec-pu-directory-2015
16-25-07,NG017026,IM,Azuzi III,azuzi-iii,,inec-cvr|inec-pu-directory-2015
16-25-08,NG017026,IM,Azuzi IV,azuzi-iv,,inec-cvr|inec-pu-directory-2015
16-25-09,NG017026,IM,Gra,gra,,inec-cvr|inec-pu-directory-2015
16-25-10,NG017026,IM,New Owerri I,new-owerri-i,,inec-cvr|inec-pu-directory-2015
16-25-11,NG017026,IM,New Owerri II,new-owerri-ii,,inec-cvr|inec-pu-directory-2015
16-26-01,NG017024,IM,Awaka/Ihitte-Ogada,awaka-ihitte-ogada,,inec-cvr|inec-pu-directory-2015
16-26-02,NG017024,IM,Naze,naze,,inec-cvr|inec-pu-directory-2015
16-26-03,NG017024,IM,Egbu,egbu,,inec-cvr|inec-pu-directory-2015
16-26-04,NG017024,IM,Emii,emii,,inec-cvr|inec-pu-directory-2015
16-26-05,NG017024,IM,Emekuku I,emekuku-i,,inec-cvr|inec-pu-directory-2015
16-26-06,NG017024,IM,Emekuku II,emekuku-ii,,inec-cvr|inec-pu-directory-2015
16-26-07,NG017024,IM,Orji,orji,,inec-cvr|inec-pu-directory-2015
16-26-08,NG017024,IM,Ihitta-Oha,ihitta-oha,,inec-cvr|inec-pu-directory-2015
16-26-09,NG017024,IM,Obibi-Uratta I,obibi-uratta-i,,inec-cvr|inec-pu-directory-2015
16-26-10,NG017024,IM,Obibi-Uratta II,obibi-uratta-ii,,inec-cvr|inec-pu-directory-2015
16-26-11,NG017024,IM,Agbala/Obube/Ulakwo,agbala-obube-ulakwo,,inec-cvr|inec-pu-directory-2015
16-26-12,NG017024,IM,Obibiezena,obibiezena,,inec-cvr|inec-pu-directory-2015
16-27-01,NG017025,IM,Avu/Oforola,avu-oforola,,inec-cvr|inec-pu-directory-2015
16-27-02,NG017025,IM,Umuguma,umuguma,,inec-cvr|inec-pu-directory-2015
16-27-03,NG017025,IM,Okuku,okuku,,inec-cvr|inec-pu-directory-2015
16-27-04,NG017025,IM,Emeabiam/Okolochi,emeabiam-okolochi,,inec-cvr|inec-pu-directory-2015
16-27-05,NG017025,IM,Eziobodo,eziobodo,,inec-cvr|inec-pu-directory-2015
16-27-06,NG017025,IM,Ihiagwa,ihiagwa,,inec-cvr|inec-pu-directory-2015
16-27-07,NG017025,IM,Nekede,nekede,,inec-cvr|inec-pu-directory-2015
16-27-08,NG017025,IM,Obinze,obinze,,inec-cvr|inec-pu-directory-2015
16-27-09,NG017025,IM,Amakohia-Ubi/Ndegwu Ohii,amakohia-ubi-ndegwu-ohii,,inec-cvr|inec-pu-directory-2015
16-27-10,NG017025,IM,Irete/Orogwe,irete-orogwe,,inec-cvr|inec-pu-directory-2015
17-01-01,NG018001,JI,Auyo,auyo,,inec-cvr|inec-pu-directory-2015
17-01-02,NG018001,JI,Auyakayi,auyakayi,,inec-cvr|inec-pu-directory-2015
17-01-03,NG018001,JI,Ayama,ayama,,inec-cvr|inec-pu-directory-2015
17-01-04,NG018001,JI,Ayan,ayan,,inec-cvr|inec-pu-directory-2015
17-01-05,NG018001,JI,Gamafoi,gamafoi,,inec-cvr|inec-pu-directory-2015
17-01-06,NG018001,JI,Gamsarka,gamsarka,,inec-cvr|inec-pu-directory-2015
17-01-07,NG018001,JI,Gatafa,gatafa,,inec-cvr|inec-pu-directory-2015
17-01-08,NG018001,JI,Kafur,kafur,,inec-cvr|inec-pu-directory-2015
17-01-09,NG018001,JI,Tsidir,tsidir,,inec-cvr|inec-pu-directory-2015
17-01-10,NG018001,JI,Unik,unik,,inec-cvr|inec-pu-directory-2015
17-02-01,NG018002,JI,Babura,babura,,inec-cvr|inec-pu-directory-2015
17-02-02,NG018002,JI,Batali,batali,,inec-cvr|inec-pu-directory-2015
17-02-03,NG018002,JI,Dorawa,dorawa,,inec-cvr|inec-pu-directory-2015
17-02-04,NG018002,JI,Garu,garu,,inec-cvr|inec-pu-directory-2015
17-02-05,NG018002,JI,Gasakoli,gasakoli,,inec-cvr|inec-pu-directory-2015
17-02-06,NG018002,JI,Insharuwa,insharuwa,,inec-cvr|inec-pu-directory-2015
17-02-07,NG018002,JI,Jigawa,jigawa,,inec-cvr|inec-pu-directory-2015
17-02-08,NG018002,JI,Kanya,kanya,,inec-cvr|inec-pu-directory-2015
17-02-09,NG018002,JI,Kuzunzumi,kuzunzumi,,inec-cvr|inec-pu-directory-2015
17-02-10,NG018002,JI,Kyambo,kyambo,,inec-cvr|inec-pu-directory-2015
17-02-11,NG018002,JI,Takwasa,takwasa,,inec-cvr|inec-pu-directory-2015
17-03-01,NG018004,JI,Birnin Kudu,birnin-kudu,,inec-cvr|inec-pu-directory-2015
17-03-02,NG018004,JI,Kangire,kangire,,inec-cvr|inec-pu-directory-2015
17-03-03,NG018004,JI,Kantoga,kantoga,,inec-cvr|inec-pu-directory-2015
17-03-04,NG018004,JI,Kiyako,kiyako,,inec-cvr|inec-pu-directory-2015
17-03-05,NG018004,JI,Kwangwara,kwangwara,,inec-cvr|inec-pu-directory-2015
17-03-06,NG018004,JI,Lafiya,lafiya,,inec-cvr|inec-pu-directory-2015
17-03-07,NG018004,JI,Sundimina,sundimina,,inec-cvr|inec-pu-directory-2015
17-03-08,NG018004,JI,Surko,surko,,inec-cvr|inec-pu-directory-2015
17-03-09,NG018004,JI,"Unguwar""ya",unguwarya,,inec-cvr|inec-pu-directory-2015
17-03-10,NG018004,JI,Wurno,wurno,,inec-cvr|inec-pu-directory-2015
17-03-11,NG018004,JI,Yalwan Damai,yalwan-damai,,inec-cvr|inec-pu-directory-2015
17-04-01,NG018003,JI,Batu,batu,,inec-cvr|inec-pu-directory-2015
17-04-02,NG018003,JI,Birniwa,birniwa,,inec-cvr|inec-pu-directory-2015
17-04-03,NG018003,JI,Dangwaleri,dangwaleri,,inec-cvr|inec-pu-directory-2015
17-04-04,NG018003,JI,Diginsa,diginsa,,inec-cvr|inec-pu-directory-2015
17-04-05,NG018003,JI,Fagi,fagi,,inec-cvr|inec-pu-directory-2015
17-04-06,NG018003,JI,Kachallari,kachallari,,inec-cvr|inec-pu-directory-2015
17-04-07,NG018003,JI,Karanka,karanka,,inec-cvr|inec-pu-directory-2015
17-04-08,NG018003,JI,Kazura,kazura,,inec-cvr|inec-pu-directory-2015
17-04-09,NG018003,JI,Machinamari,machinamari,,inec-cvr|inec-pu-directory-2015
17-04-10,NG018003,JI,Matamu,matamu,,inec-cvr|inec-pu-directory-2015
17-04-11,NG018003,JI,Nguwa,nguwa,,inec-cvr|inec-pu-directory-2015
17-05-01,NG018005,JI,Ahoto,ahoto,,inec-cvr|inec-pu-directory-2015
17-05-02,NG018005,JI,Buji,buji,,inec-cvr|inec-pu-directory-2015
17-05-03,NG018005,JI,Churbun,churbun,,inec-cvr|inec-pu-directory-2015
17-05-04,NG018005,JI,Gantsa,gantsa,,inec-cvr|inec-pu-directory-2015
17-05-05,NG018005,JI,Falageri,falageri,,inec-cvr|inec-pu-directory-2015
17-05-06,NG018005,JI,Kawaya,kawaya,,inec-cvr|inec-pu-directory-2015
17-05-07,NG018005,JI,Kukuma,kukuma,,inec-cvr|inec-pu-directory-2015
17-05-08,NG018005,JI,K/Lelen Kudu,k-lelen-kudu,,inec-cvr|inec-pu-directory-2015
17-05-09,NG018005,JI,Madabe,madabe,,inec-cvr|inec-pu-directory-2015
17-05-10,NG018005,JI,Y/Tukur,y-tukur,Yayarin Tukur,inec-cvr|inec-pu-directory-2015
17-06-01,NG018006,JI,Abaya,abaya,,inec-cvr|inec-pu-directory-2015
17-06-02,NG018006,JI,Chamo,chamo,,inec-cvr|inec-pu-directory-2015
17-06-03,NG018006,JI,Dundubus,dundubus,,inec-cvr|inec-pu-directory-2015
17-06-04,NG018006,JI,Duru,duru,,inec-cvr|inec-pu-directory-2015
17-06-05,NG018006,JI,Jigawar Tsada,jigawar-tsada,,inec-cvr|inec-pu-directory-2015
17-06-06,NG018006,JI,Kachi,kachi,,inec-cvr|inec-pu-directory-2015
17-06-07,NG018006,JI,Karnaya,karnaya,,inec-cvr|inec-pu-directory-2015
17-06-08,NG018006,JI,Kudai,kudai,,inec-cvr|inec-pu-directory-2015
17-06-09,NG018006,JI,Limawa,limawa,,inec-cvr|inec-pu-directory-2015
17-06-10,NG018006,JI,Madobi,madobi,,inec-cvr|inec-pu-directory-2015
17-06-11,NG018006,JI,Sakwaya,sakwaya,,inec-cvr|inec-pu-directory-2015
17-07-01,NG018008,JI,Buduru,buduru,,inec-cvr|inec-pu-directory-2015
17-07-02,NG018008,JI,Doko,doko,,inec-cvr|inec-pu-directory-2015
17-07-03,NG018008,JI,Garki,garki,,inec-cvr|inec-pu-directory-2015
17-07-04,NG018008,JI,Gwarzon Garki,gwarzon-garki,,inec-cvr|inec-pu-directory-2015
17-07-05,NG018008,JI,Jirima,jirima,,inec-cvr|inec-pu-directory-2015
17-07-06,NG018008,JI,Kanya,kanya,,inec-cvr|inec-pu-directory-2015
17-07-07,NG018008,JI,Kargo,kargo,,inec-cvr|inec-pu-directory-2015
17-07-08,NG018008,JI,Kore,kore,,inec-cvr|inec-pu-directory-2015
17-07-09,NG018008,JI,Muku,muku,,inec-cvr|inec-pu-directory-2015
17-07-10,NG018008,JI,Rafin Marke,rafin-marke,,inec-cvr|inec-pu-directory-2015
17-07-11,NG018008,JI,Siyori,siyori,,inec-cvr|inec-pu-directory-2015
17-08-01,NG018007,JI,Gagarawa Gari,gagarawa-gari,,inec-cvr|inec-pu-directory-2015
17-08-02,NG018007,JI,Gagarawa Tasha,gagarawa-tasha,,inec-cvr|inec-pu-directory-2015
17-08-03,NG018007,JI,Garin Chiroma,garin-chiroma,,inec-cvr|inec-pu-directory-2015
17-08-04,NG018007,JI,Kore Balatu,kore-balatu,,inec-cvr|inec-pu-directory-2015
17-08-05,NG018007,JI,Madaka,madaka,,inec-cvr|inec-pu-directory-2015
17-08-06,NG018007,JI,Maiaduwa,maiaduwa,,inec-cvr|inec-pu-directory-2015
17-08-07,NG018007,JI,Maikilili,maikilili,,inec-cvr|inec-pu-directory-2015
17-08-08,NG018007,JI,Medu,medu,,inec-cvr|inec-pu-directory-2015
17-08-09,NG018007,JI,Yalawa,yalawa,,inec-cvr|inec-pu-directory-2015
17-08-10,NG018007,JI,Zarada,zarada,,inec-cvr|inec-pu-directory-2015
17-09-01,NG018009,JI,Baikarya,baikarya,,inec-cvr|inec-pu-directory-2015
17-09-02,NG018009,JI,Danama,danama,,inec-cvr|inec-pu-directory-2015
17-09-03,NG018009,JI,Dantanoma,dantanoma,,inec-cvr|inec-pu-directory-2015
17-09-04,NG018009,JI,Galagamma,galagamma,,inec-cvr|inec-pu-directory-2015
17-09-05,NG018009,JI,Garin Gambo,garin-gambo,,inec-cvr|inec-pu-directory-2015
17-09-06,NG018009,JI,Garin Alhaji Barka,garin-alhaji-barka,,inec-cvr|inec-pu-directory-2015
17-09-07,NG018009,JI,Gusau,gusau,,inec-cvr|inec-pu-directory-2015
17-09-08,NG018009,JI,Hammado,hammado,,inec-cvr|inec-pu-directory-2015
17-09-09,NG018009,JI,Kofar Arewa,kofar-arewa,,inec-cvr|inec-pu-directory-2015
17-09-10,NG018009,JI,Kofar Yamma,kofar-yamma,,inec-cvr|inec-pu-directory-2015
17-09-11,NG018009,JI,Zango,zango,,inec-cvr|inec-pu-directory-2015
17-10-01,NG018010,JI,Abunabo,abunabo,,inec-cvr|inec-pu-directory-2015
17-10-02,NG018010,JI,Adiyani,adiyani,,inec-cvr|inec-pu-directory-2015
17-10-03,NG018010,JI,Dawa,dawa,,inec-cvr|inec-pu-directory-2015
17-10-04,NG018010,JI,Garbagal,garbagal,,inec-cvr|inec-pu-directory-2015
17-10-05,NG018010,JI,Guri,guri,,inec-cvr|inec-pu-directory-2015
17-10-06,NG018010,JI,Kadira,kadira,,inec-cvr|inec-pu-directory-2015
17-10-07,NG018010,JI,Lafiya,lafiya,,inec-cvr|inec-pu-directory-2015
17-10-08,NG018010,JI,Margadu,margadu,,inec-cvr|inec-pu-directory-2015
17-10-09,NG018010,JI,Matara Baba,matara-baba,,inec-cvr|inec-pu-directory-2015
17-10-10,NG018010,JI,Musari,musari,,inec-cvr|inec-pu-directory-2015
17-11-01,NG018011,JI,Basirka,basirka,,inec-cvr|inec-pu-directory-2015
17-11-02,NG018011,JI,Dingaya,dingaya,,inec-cvr|inec-pu-directory-2015
17-11-03,NG018011,JI,Fagam,fagam,,inec-cvr|inec-pu-directory-2015
17-11-04,NG018011,JI,Farin Dutse,farin-dutse,,inec-cvr|inec-pu-directory-2015
17-11-05,NG018011,JI,Gwaram Tsohuwa,gwaram-tsohuwa,,inec-cvr|inec-pu-directory-2015
17-11-06,NG018011,JI,Kila,kila,,inec-cvr|inec-pu-directory-2015
17-11-07,NG018011,JI,Kwandiko,kwandiko,,inec-cvr|inec-pu-directory-2015
17-11-08,NG018011,JI,Maruta,maruta,,inec-cvr|inec-pu-directory-2015
17-11-09,NG018011,JI,Sara,sara,,inec-cvr|inec-pu-directory-2015
17-11-10,NG018011,JI,Tsangarwa,tsangarwa,,inec-cvr|inec-pu-directory-2015
17-11-11,NG018011,JI,Zandan Nagogo,zandan-nagogo,,inec-cvr|inec-pu-directory-2015
17-12-01,NG018012,JI,Buntusu,buntusu,,inec-cvr|inec-pu-directory-2015
17-12-02,NG018012,JI,Dabi,dabi,,inec-cvr|inec-pu-directory-2015
17-12-03,NG018012,JI,Darina,darina,,inec-cvr|inec-pu-directory-2015
17-12-04,NG018012,JI,F/Yamma,f-yamma,Furji Yamma,inec-cvr|inec-pu-directory-2015
17-12-05,NG018012,JI,Guntai,guntai,,inec-cvr|inec-pu-directory-2015
17-12-06,NG018012,JI,Gwiwa,gwiwa,,inec-cvr|inec-pu-directory-2015
17-12-07,NG018012,JI,Korayel,korayel,,inec-cvr|inec-pu-directory-2015
17-12-08,NG018012,JI,Rorau,rorau,,inec-cvr|inec-pu-directory-2015
17-12-09,NG018012,JI,Shafe,shafe,,inec-cvr|inec-pu-directory-2015
17-12-10,NG018012,JI,Yola,yola,,inec-cvr|inec-pu-directory-2015
17-12-11,NG018012,JI,Zaumar Sainawa,zaumar-sainawa,,inec-cvr|inec-pu-directory-2015
17-13-01,NG018013,JI,Atafi,atafi,,inec-cvr|inec-pu-directory-2015
17-13-02,NG018013,JI,Dubantu,dubantu,,inec-cvr|inec-pu-directory-2015
17-13-03,NG018013,JI,Gagulmari,gagulmari,,inec-cvr|inec-pu-directory-2015
17-13-04,NG018013,JI,Kasuwar Kuda,kasuwar-kuda,,inec-cvr|inec-pu-directory-2015
17-13-05,NG018013,JI,Kasuwar Kofa,kasuwar-kofa,,inec-cvr|inec-pu-directory-2015
17-13-06,NG018013,JI,Majema,majema,,inec-cvr|inec-pu-directory-2015
17-13-07,NG018013,JI,Matsaro,matsaro,,inec-cvr|inec-pu-directory-2015
17-13-08,NG018013,JI,Rumfa,rumfa,,inec-cvr|inec-pu-directory-2015
17-13-09,NG018013,JI,Sabon Garu,sabon-garu,,inec-cvr|inec-pu-directory-2015
17-13-10,NG018013,JI,Yankoli,yankoli,,inec-cvr|inec-pu-directory-2015
17-13-11,NG018013,JI,Yayari,yayari,,inec-cvr|inec-pu-directory-2015
17-14-01,NG018014,JI,Aujara,aujara,,inec-cvr|inec-pu-directory-2015
17-14-02,NG018014,JI,Gangawa,gangawa,,inec-cvr|inec-pu-directory-2015
17-14-03,NG018014,JI,Gauza Tazara,gauza-tazara,,inec-cvr|inec-pu-directory-2015
17-14-04,NG018014,JI,Gunka,gunka,,inec-cvr|inec-pu-directory-2015
17-14-05,NG018014,JI,Harbo Sabuwa,harbo-sabuwa,,inec-cvr|inec-pu-directory-2015
17-14-06,NG018014,JI,Harbo Tsohuwa,harbo-tsohuwa,,inec-cvr|inec-pu-directory-2015
17-14-07,NG018014,JI,Idanduna,idanduna,,inec-cvr|inec-pu-directory-2015
17-14-08,NG018014,JI,Jabarna,jabarna,,inec-cvr|inec-pu-directory-2015
17-14-09,NG018014,JI,Jahun,jahun,,inec-cvr|inec-pu-directory-2015
17-14-10,NG018014,JI,Kale,kale,,inec-cvr|inec-pu-directory-2015
17-14-11,NG018014,JI,Kanwa,kanwa,,inec-cvr|inec-pu-directory-2015
17-15-01,NG018015,JI,Balangu,balangu,,inec-cvr|inec-pu-directory-2015
17-15-02,NG018015,JI,Dumadumin Toka,dumadumin-toka,,inec-cvr|inec-pu-directory-2015
17-15-03,NG018015,JI,Gafaya,gafaya,,inec-cvr|inec-pu-directory-2015
17-15-04,NG018015,JI,Jabo,jabo,,inec-cvr|inec-pu-directory-2015
17-15-05,NG018015,JI,Kafin Hausa,kafin-hausa,,inec-cvr|inec-pu-directory-2015
17-15-06,NG018015,JI,Kazalewa,kazalewa,,inec-cvr|inec-pu-directory-2015
17-15-07,NG018015,JI,Majawa,majawa,,inec-cvr|inec-pu-directory-2015
17-15-08,NG018015,JI,Mezan,mezan,,inec-cvr|inec-pu-directory-2015
17-15-09,NG018015,JI,Ruba,ruba,,inec-cvr|inec-pu-directory-2015
17-15-10,NG018015,JI,Sarawa,sarawa,,inec-cvr|inec-pu-directory-2015
17-15-11,NG018015,JI,Zago,zago,,inec-cvr|inec-pu-directory-2015
17-16-01,NG018016,JI,Arbus,arbus,,inec-cvr|inec-pu-directory-2015
17-16-02,NG018016,JI,Askandu,askandu,,inec-cvr|inec-pu-directory-2015
17-16-03,NG018016,JI,Dabuwaran,dabuwaran,,inec-cvr|inec-pu-directory-2015
17-16-04,NG018016,JI,Dakaiyawa,dakaiyawa,,inec-cvr|inec-pu-directory-2015
17-16-05,NG018016,JI,Hadin,hadin,,inec-cvr|inec-pu-directory-2015
17-16-06,NG018016,JI,Ja'e,jae,,inec-cvr|inec-pu-directory-2015
17-16-07,NG018016,JI,Jarkasa,jarkasa,,inec-cvr|inec-pu-directory-2015
17-16-08,NG018016,JI,Kaugama,kaugama,,inec-cvr|inec-pu-directory-2015
17-16-09,NG018016,JI,Marke,marke,,inec-cvr|inec-pu-directory-2015
17-16-10,NG018016,JI,Unguwar Jibrin,unguwar-jibrin,,inec-cvr|inec-pu-directory-2015
17-16-11,NG018016,JI,Yalo,yalo,,inec-cvr|inec-pu-directory-2015
17-17-01,NG018017,JI,Ba'auzini,baauzini,,inec-cvr|inec-pu-directory-2015
17-17-02,NG018017,JI,Daba,daba,,inec-cvr|inec-pu-directory-2015
17-17-03,NG018017,JI,Dabaza,dabaza,,inec-cvr|inec-pu-directory-2015
17-17-04,NG018017,JI,Dandi,dandi,,inec-cvr|inec-pu-directory-2015
17-17-05,NG018017,JI,Gada,gada,,inec-cvr|inec-pu-directory-2015
17-17-06,NG018017,JI,Kanti,kanti,,inec-cvr|inec-pu-directory-2015
17-17-07,NG018017,JI,Maradawa,maradawa,,inec-cvr|inec-pu-directory-2015
17-17-08,NG018017,JI,Sabaru,sabaru,,inec-cvr|inec-pu-directory-2015
17-17-09,NG018017,JI,Unguwar Arewa,unguwar-arewa,,inec-cvr|inec-pu-directory-2015
17-17-10,NG018017,JI,Unguwar Gabas,unguwar-gabas,,inec-cvr|inec-pu-directory-2015
17-17-11,NG018017,JI,Unguwar Yamma,unguwar-yamma,,inec-cvr|inec-pu-directory-2015
17-18-01,NG018018,JI,Baturiya,baturiya,,inec-cvr|inec-pu-directory-2015
17-18-02,NG018018,JI,Bulunchai,bulunchai,,inec-cvr|inec-pu-directory-2015
17-18-03,NG018018,JI,Doleri,doleri,,inec-cvr|inec-pu-directory-2015
17-18-04,NG018018,JI,Fandum,fandum,,inec-cvr|inec-pu-directory-2015
17-18-05,NG018018,JI,Gayin,gayin,,inec-cvr|inec-pu-directory-2015
17-18-06,NG018018,JI,Kirika Samma,kirika-samma,,inec-cvr|inec-pu-directory-2015
17-18-07,NG018018,JI,Madachi,madachi,,inec-cvr|inec-pu-directory-2015
17-18-08,NG018018,JI,Marma,marma,,inec-cvr|inec-pu-directory-2015
17-18-09,NG018018,JI,Tsheguwa,tsheguwa,,inec-cvr|inec-pu-directory-2015
17-18-10,NG018018,JI,Tarabu,tarabu,,inec-cvr|inec-pu-directory-2015
17-19-01,NG018019,JI,Abalago,abalago,,inec-cvr|inec-pu-directory-2015
17-19-02,NG018019,JI,Andaza,andaza,,inec-cvr|inec-pu-directory-2015
17-19-03,NG018019,JI,Faki,faki,,inec-cvr|inec-pu-directory-2015
17-19-04,NG018019,JI,Garko,garko,,inec-cvr|inec-pu-directory-2015
17-19-05,NG018019,JI,Guruduba,guruduba,,inec-cvr|inec-pu-directory-2015
17-19-06,NG018019,JI,Katanga,katanga,,inec-cvr|inec-pu-directory-2015
17-19-07,NG018019,JI,Katuka,katuka,,inec-cvr|inec-pu-directory-2015
17-19-08,NG018019,JI,Kiyawa,kiyawa,,inec-cvr|inec-pu-directory-2015
17-19-09,NG018019,JI,Kwanda,kwanda,,inec-cvr|inec-pu-directory-2015
17-19-10,NG018019,JI,Maje,maje,,inec-cvr|inec-pu-directory-2015
17-19-11,NG018019,JI,Tsurma,tsurma,,inec-cvr|inec-pu-directory-2015
17-20-01,NG018020,JI,Balarabe,balarabe,,inec-cvr|inec-pu-directory-2015
17-20-02,NG018020,JI,Dankumbo,dankumbo,,inec-cvr|inec-pu-directory-2015
17-20-03,NG018020,JI,Fulata,fulata,,inec-cvr|inec-pu-directory-2015
17-20-04,NG018020,JI,Galadi,galadi,,inec-cvr|inec-pu-directory-2015
17-20-05,NG018020,JI,Jajeri,jajeri,,inec-cvr|inec-pu-directory-2015
17-20-06,NG018020,JI,Kukayasku,kukayasku,,inec-cvr|inec-pu-directory-2015
17-20-07,NG018020,JI,Madana,madana,,inec-cvr|inec-pu-directory-2015
17-20-08,NG018020,JI,Maigatari Arewa,maigatari-arewa,,inec-cvr|inec-pu-directory-2015
17-20-09,NG018020,JI,Maigatari Kudu,maigatari-kudu,,inec-cvr|inec-pu-directory-2015
17-20-10,NG018020,JI,Matoya,matoya,,inec-cvr|inec-pu-directory-2015
17-20-11,NG018020,JI,Turbus,turbus,,inec-cvr|inec-pu-directory-2015
17-21-01,NG018021,JI,Arki,arki,,inec-cvr|inec-pu-directory-2015
17-21-02,NG018021,JI,Dunari,dunari,,inec-cvr|inec-pu-directory-2015
17-21-03,NG018021,JI,Fateka Akurya,fateka-akurya,,inec-cvr|inec-pu-directory-2015
17-21-04,NG018021,JI,Garin Gabas,garin-gabas,,inec-cvr|inec-pu-directory-2015
17-21-05,NG018021,JI,Maira Kumi-Bara Musa,maira-kumi-bara-musa,,inec-cvr|inec-pu-directory-2015
17-21-06,NG018021,JI,Maka Ddari,maka-ddari,,inec-cvr|inec-pu-directory-2015
17-21-07,NG018021,JI,Malam Madori,malam-madori,,inec-cvr|inec-pu-directory-2015
17-21-08,NG018021,JI,Shaiya,shaiya,,inec-cvr|inec-pu-directory-2015
17-21-09,NG018021,JI,Tagwaro,tagwaro,,inec-cvr|inec-pu-directory-2015
17-21-10,NG018021,JI,Tashena,tashena,,inec-cvr|inec-pu-directory-2015
17-21-11,NG018021,JI,Tonikutara,tonikutara,,inec-cvr|inec-pu-directory-2015
17-22-01,NG018022,JI,Dangyatin,dangyatin,,inec-cvr|inec-pu-directory-2015
17-22-02,NG018022,JI,Garbo,garbo,,inec-cvr|inec-pu-directory-2015
17-22-03,NG018022,JI,Hantsu,hantsu,,inec-cvr|inec-pu-directory-2015
17-22-04,NG018022,JI,Koya,koya,,inec-cvr|inec-pu-directory-2015
17-22-05,NG018022,JI,Miga,miga,,inec-cvr|inec-pu-directory-2015
17-22-06,NG018022,JI,Sabon Gari Takanebu,sabon-gari-takanebu,,inec-cvr|inec-pu-directory-2015
17-22-07,NG018022,JI,Sansani,sansani,,inec-cvr|inec-pu-directory-2015
17-22-08,NG018022,JI,Tsakuwawa,tsakuwawa,,inec-cvr|inec-pu-directory-2015
17-22-09,NG018022,JI,Yanduna,yanduna,,inec-cvr|inec-pu-directory-2015
17-22-10,NG018022,JI,Zareku,zareku,,inec-cvr|inec-pu-directory-2015
17-23-01,NG018023,JI,Chai-Chai,chai-chai,,inec-cvr|inec-pu-directory-2015
17-23-02,NG018023,JI,Dabi,dabi,,inec-cvr|inec-pu-directory-2015
17-23-03,NG018023,JI,Kafin Babushe,kafin-babushe,,inec-cvr|inec-pu-directory-2015
17-23-04,NG018023,JI,Karshi,karshi,,inec-cvr|inec-pu-directory-2015
17-23-05,NG018023,JI,Kyarama,kyarama,,inec-cvr|inec-pu-directory-2015
17-23-06,NG018023,JI,Ringim,ringim,,inec-cvr|inec-pu-directory-2015
17-23-07,NG018023,JI,Sankara,sankara,,inec-cvr|inec-pu-directory-2015
17-23-08,NG018023,JI,Sintilmawa,sintilmawa,,inec-cvr|inec-pu-directory-2015
17-23-09,NG018023,JI,Tofa,tofa,,inec-cvr|inec-pu-directory-2015
17-23-10,NG018023,JI,Yandutse,yandutse,,inec-cvr|inec-pu-directory-2015
17-24-01,NG018024,JI,Amaryawa,amaryawa,,inec-cvr|inec-pu-directory-2015
17-24-02,NG018024,JI,Baragumi,baragumi,,inec-cvr|inec-pu-directory-2015
17-24-03,NG018024,JI,Dansure,dansure,,inec-cvr|inec-pu-directory-2015
17-24-04,NG018024,JI,Fara,fara,,inec-cvr|inec-pu-directory-2015
17-24-05,NG018024,JI,Gora,gora,,inec-cvr|inec-pu-directory-2015
17-24-06,NG018024,JI,Kwaita,kwaita,,inec-cvr|inec-pu-directory-2015
17-24-07,NG018024,JI,Roni,roni,,inec-cvr|inec-pu-directory-2015
17-24-08,NG018024,JI,Sankau,sankau,,inec-cvr|inec-pu-directory-2015
17-24-09,NG018024,JI,Tunas,tunas,,inec-cvr|inec-pu-directory-2015
17-24-10,NG018024,JI,Yanzaki,yanzaki,,inec-cvr|inec-pu-directory-2015
17-24-11,NG018024,JI,Zugai,zugai,,inec-cvr|inec-pu-directory-2015
17-25-01,NG018025,JI,Albasu,albasu,,inec-cvr|inec-pu-directory-2015
17-25-02,NG018025,JI,Amanga,amanga,,inec-cvr|inec-pu-directory-2015
17-25-03,NG018025,JI,Dangwanki,dangwanki,,inec-cvr|inec-pu-directory-2015
17-25-04,NG018025,JI,Danladi,danladi,,inec-cvr|inec-pu-directory-2015
17-25-05,NG018025,JI,Danzomo,danzomo,,inec-cvr|inec-pu-directory-2015
17-25-06,NG018025,JI,Jeke,jeke,,inec-cvr|inec-pu-directory-2015
17-25-07,NG018025,JI,Shabaru,shabaru,,inec-cvr|inec-pu-directory-2015
17-25-08,NG018025,JI,Sule-Tankarkar,sule-tankarkar,,inec-cvr|inec-pu-directory-2015
17-25-09,NG018025,JI,Takatsaba,takatsaba,,inec-cvr|inec-pu-directory-2015
17-25-10,NG018025,JI,Yandamo,yandamo,,inec-cvr|inec-pu-directory-2015
17-26-01,NG018026,JI,Ajaura,ajaura,,inec-cvr|inec-pu-directory-2015
17-26-02,NG018026,JI,Chakwaikwaiwa,chakwaikwaiwa,,inec-cvr|inec-pu-directory-2015
17-26-03,NG018026,JI,Chukuto,chukuto,,inec-cvr|inec-pu-directory-2015
17-26-04,NG018026,JI,Gujungu,gujungu,,inec-cvr|inec-pu-directory-2015
17-26-05,NG018026,JI,Kiri,kiri,,inec-cvr|inec-pu-directory-2015
17-26-06,NG018026,JI,Kwalam,kwalam,,inec-cvr|inec-pu-directory-2015
17-26-07,NG018026,JI,Maje,maje,,inec-cvr|inec-pu-directory-2015
17-26-08,NG018026,JI,Majiya,majiya,,inec-cvr|inec-pu-directory-2015
17-26-09,NG018026,JI,S/Garin Yaya,s-garin-yaya,,inec-cvr|inec-pu-directory-2015
17-26-10,NG018026,JI,Taura,taura,,inec-cvr|inec-pu-directory-2015
17-27-01,NG018027,JI,Achilafiya,achilafiya,,inec-cvr|inec-pu-directory-2015
17-27-02,NG018027,JI,Belas,belas,,inec-cvr|inec-pu-directory-2015
17-27-03,NG018027,JI,Dawan-Gawo,dawan-gawo,,inec-cvr|inec-pu-directory-2015
17-27-04,NG018027,JI,Gwarta,gwarta,,inec-cvr|inec-pu-directory-2015
17-27-05,NG018027,JI,Gurjiya,gurjiya,,inec-cvr|inec-pu-directory-2015
17-27-06,NG018027,JI,Karkarna,karkarna,,inec-cvr|inec-pu-directory-2015
17-27-07,NG018027,JI,Kuda,kuda,,inec-cvr|inec-pu-directory-2015
17-27-08,NG018027,JI,Ringim,ringim,,inec-cvr|inec-pu-directory-2015
17-27-09,NG018027,JI,Yankwashi,yankwashi,,inec-cvr|inec-pu-directory-2015
17-27-10,NG018027,JI,Zungumba,zungumba,,inec-cvr|inec-pu-directory-2015
18-01-01,NG019001,KD,Magajin Gari I,magajin-gari-i,,inec-cvr|inec-pu-directory-2015
18-01-02,NG019001,KD,Magajin Gari II,magajin-gari-ii,,inec-cvr|inec-pu-directory-2015
18-01-03,NG019001,KD,Magajin Gari III,magajin-gari-iii,,inec-cvr|inec-pu-directory-2015
18-01-04,NG019001,KD,Gayam,gayam,,inec-cvr|inec-pu-directory-2015
18-01-05,NG019001,KD,Kuyelo,kuyelo,,inec-cvr|inec-pu-directory-2015
18-01-06,NG019001,KD,Kazage,kazage,,inec-cvr|inec-pu-directory-2015
18-01-07,NG019001,KD,Kakangi,kakangi,,inec-cvr|inec-pu-directory-2015
18-01-08,NG019001,KD,Tabanni,tabanni,,inec-cvr|inec-pu-directory-2015
18-01-09,NG019001,KD,Dogon Dawa,dogon-dawa,,inec-cvr|inec-pu-directory-2015
18-01-10,NG019001,KD,Kutemesi,kutemesi,,inec-cvr|inec-pu-directory-2015
18-01-11,NG019001,KD,Randagi,randagi,,inec-cvr|inec-pu-directory-2015
18-02-01,NG019002,KD,Chikun,chikun,,inec-cvr|inec-pu-directory-2015
18-02-02,NG019002,KD,Gwagwada,gwagwada,,inec-cvr|inec-pu-directory-2015
18-02-03,NG019002,KD,Kakau,kakau,,inec-cvr|inec-pu-directory-2015
18-02-04,NG019002,KD,Kujama,kujama,,inec-cvr|inec-pu-directory-2015
18-02-05,NG019002,KD,Kunai,kunai,,inec-cvr|inec-pu-directory-2015
18-02-06,NG019002,KD,Kuriga,kuriga,,inec-cvr|inec-pu-directory-2015
18-02-07,NG019002,KD,Narayi,narayi,,inec-cvr|inec-pu-directory-2015
18-02-08,NG019002,KD,Nasarawa,nasarawa,,inec-cvr|inec-pu-directory-2015
18-02-09,NG019002,KD,Rido,rido,,inec-cvr|inec-pu-directory-2015
18-02-10,NG019002,KD,Sabon Tasha,sabon-tasha,,inec-cvr|inec-pu-directory-2015
18-02-11,NG019002,KD,Ung. Yelwa,ung-yelwa,,inec-cvr|inec-pu-directory-2015
18-02-12,NG019002,KD,S/Ggarin Arewa Tirkaniya,s-ggarin-arewa-tirkaniya,,inec-cvr|inec-pu-directory-2015
18-03-01,NG019003,KD,Giwa,giwa,,inec-cvr|inec-pu-directory-2015
18-03-02,NG019003,KD,Kakangi,kakangi,,inec-cvr|inec-pu-directory-2015
18-03-03,NG019003,KD,Gangara,gangara,,inec-cvr|inec-pu-directory-2015
18-03-04,NG019003,KD,Shika,shika,,inec-cvr|inec-pu-directory-2015
18-03-05,NG019003,KD,Danmahawayi,danmahawayi,,inec-cvr|inec-pu-directory-2015
18-03-06,NG019003,KD,Yakawada,yakawada,,inec-cvr|inec-pu-directory-2015
18-03-07,NG019003,KD,Idasu,idasu,,inec-cvr|inec-pu-directory-2015
18-03-08,NG019003,KD,Kidandan,kidandan,,inec-cvr|inec-pu-directory-2015
18-03-09,NG019003,KD,Galadimawa,galadimawa,,inec-cvr|inec-pu-directory-2015
18-03-10,NG019003,KD,Kadage,kadage,,inec-cvr|inec-pu-directory-2015
18-03-11,NG019003,KD,Pan Hauya,pan-hauya,,inec-cvr|inec-pu-directory-2015
18-04-01,NG019004,KD,Turunku,turunku,,inec-cvr|inec-pu-directory-2015
18-04-02,NG019004,KD,Zangon Aya,zangon-aya,,inec-cvr|inec-pu-directory-2015
18-04-03,NG019004,KD,Gwaraji,gwaraji,,inec-cvr|inec-pu-directory-2015
18-04-04,NG019004,KD,Birnin Yero,birnin-yero,,inec-cvr|inec-pu-directory-2015
18-04-05,NG019004,KD,Igabi,igabi,,inec-cvr|inec-pu-directory-2015
18-04-06,NG019004,KD,Rigachikun,rigachikun,,inec-cvr|inec-pu-directory-2015
18-04-07,NG019004,KD,Afaka,afaka,,inec-cvr|inec-pu-directory-2015
18-04-08,NG019004,KD,Sabon Birnin Daji,sabon-birnin-daji,,inec-cvr|inec-pu-directory-2015
18-04-09,NG019004,KD,Kerawa,kerawa,,inec-cvr|inec-pu-directory-2015
18-04-10,NG019004,KD,Kwarau,kwarau,,inec-cvr|inec-pu-directory-2015
18-04-11,NG019004,KD,Gadan Gayan,gadan-gayan,,inec-cvr|inec-pu-directory-2015
18-04-12,NG019004,KD,Rigasa,rigasa,,inec-cvr|inec-pu-directory-2015
18-05-01,NG019005,KD,Ikara,ikara,,inec-cvr|inec-pu-directory-2015
18-05-02,NG019005,KD,Janfala,janfala,,inec-cvr|inec-pu-directory-2015
18-05-03,NG019005,KD,K/Kogi,k-kogi,,inec-cvr|inec-pu-directory-2015
18-05-04,NG019005,KD,Saulawa,saulawa,,inec-cvr|inec-pu-directory-2015
18-05-05,NG019005,KD,Pala,pala,,inec-cvr|inec-pu-directory-2015
18-05-06,NG019005,KD,Saya-Saya,saya-saya,,inec-cvr|inec-pu-directory-2015
18-05-07,NG019005,KD,Auchan,auchan,,inec-cvr|inec-pu-directory-2015
18-05-08,NG019005,KD,Rumi,rumi,,inec-cvr|inec-pu-directory-2015
18-05-09,NG019005,KD,Paki,paki,,inec-cvr|inec-pu-directory-2015
18-05-10,NG019005,KD,Kuya,kuya,,inec-cvr|inec-pu-directory-2015
18-06-01,NG019006,KD,Nduyah,nduyah,,inec-cvr|inec-pu-directory-2015
18-06-02,NG019006,KD,Sambam,sambam,,inec-cvr|inec-pu-directory-2015
18-06-03,NG019006,KD,Fada,fada,,inec-cvr|inec-pu-directory-2015
18-06-04,NG019006,KD,Sabchem,sabchem,,inec-cvr|inec-pu-directory-2015
18-06-05,NG019006,KD,Sabzuro,sabzuro,,inec-cvr|inec-pu-directory-2015
18-06-06,NG019006,KD,Dura/Bitaro,dura-bitaro,,inec-cvr|inec-pu-directory-2015
18-06-07,NG019006,KD,Daddu,daddu,,inec-cvr|inec-pu-directory-2015
18-06-08,NG019006,KD,Chori,chori,,inec-cvr|inec-pu-directory-2015
18-06-09,NG019006,KD,Nok,nok,,inec-cvr|inec-pu-directory-2015
18-06-10,NG019006,KD,Fai,fai,,inec-cvr|inec-pu-directory-2015
18-07-01,NG019007,KD,Kafanchan 'A',kafanchan-a,,inec-cvr|inec-pu-directory-2015
18-07-02,NG019007,KD,Kafanchan 'B',kafanchan-b,,inec-cvr|inec-pu-directory-2015
18-07-03,NG019007,KD,Maigizo 'A',maigizo-a,,inec-cvr|inec-pu-directory-2015
18-07-04,NG019007,KD,Kaninkon,kaninkon,,inec-cvr|inec-pu-directory-2015
18-07-05,NG019007,KD,Jagindi,jagindi,,inec-cvr|inec-pu-directory-2015
18-07-06,NG019007,KD,Godogodo,godogodo,,inec-cvr|inec-pu-directory-2015
18-07-07,NG019007,KD,Gidan Waya,gidan-waya,,inec-cvr|inec-pu-directory-2015
18-07-08,NG019007,KD,Atuku,atuku,,inec-cvr|inec-pu-directory-2015
18-07-09,NG019007,KD,Asso,asso,,inec-cvr|inec-pu-directory-2015
18-07-10,NG019007,KD,Bedde,bedde,,inec-cvr|inec-pu-directory-2015
18-07-11,NG019007,KD,Kagoma,kagoma,,inec-cvr|inec-pu-directory-2015
18-07-12,NG019007,KD,Takau 'B',takau-b,,inec-cvr|inec-pu-directory-2015
18-08-01,NG019008,KD,Agunu,agunu,,inec-cvr|inec-pu-directory-2015
18-08-02,NG019008,KD,Awon,awon,,inec-cvr|inec-pu-directory-2015
18-08-03,NG019008,KD,Doka,doka,,inec-cvr|inec-pu-directory-2015
18-08-04,NG019008,KD,Gumel,gumel,,inec-cvr|inec-pu-directory-2015
18-08-05,NG019008,KD,Gidan Tagwai,gidan-tagwai,,inec-cvr|inec-pu-directory-2015
18-08-06,NG019008,KD,Kwaturu,kwaturu,,inec-cvr|inec-pu-directory-2015
18-08-07,NG019008,KD,Ankwa,ankwa,,inec-cvr|inec-pu-directory-2015
18-08-08,NG019008,KD,Katari,katari,,inec-cvr|inec-pu-directory-2015
18-08-09,NG019008,KD,Bishini,bishini,,inec-cvr|inec-pu-directory-2015
18-08-10,NG019008,KD,Kachia Urban,kachia-urban,,inec-cvr|inec-pu-directory-2015
18-08-11,NG019008,KD,Sabon Sarki,sabon-sarki,,inec-cvr|inec-pu-directory-2015
18-08-12,NG019008,KD,Kurmin Musa,kurmin-musa,,inec-cvr|inec-pu-directory-2015
18-09-01,NG019009,KD,Shaba,shaba,,inec-cvr|inec-pu-directory-2015
18-09-02,NG019009,KD,Gaji,gaji,,inec-cvr|inec-pu-directory-2015
18-09-03,NG019009,KD,Unguwan Liman,unguwan-liman,,inec-cvr|inec-pu-directory-2015
18-09-04,NG019009,KD,Maiburji,maiburji,,inec-cvr|inec-pu-directory-2015
18-09-05,NG019009,KD,Kabala Costain/Doki,kabala-costain-doki,,inec-cvr|inec-pu-directory-2015
18-09-06,NG019009,KD,Gabasawa,gabasawa,,inec-cvr|inec-pu-directory-2015
18-09-07,NG019009,KD,Unguwan Sarki,unguwan-sarki,,inec-cvr|inec-pu-directory-2015
18-09-08,NG019009,KD,Badarawa,badarawa,,inec-cvr|inec-pu-directory-2015
18-09-09,NG019009,KD,Unguwan Dosa,unguwan-dosa,,inec-cvr|inec-pu-directory-2015
18-09-10,NG019009,KD,Kawo,kawo,,inec-cvr|inec-pu-directory-2015
18-09-11,NG019009,KD,Hayin Banki,hayin-banki,,inec-cvr|inec-pu-directory-2015
18-09-12,NG019009,KD,Unguwan Shanu,unguwan-shanu,,inec-cvr|inec-pu-directory-2015
18-10-01,NG019010,KD,Makera,makera,,inec-cvr|inec-pu-directory-2015
18-10-02,NG019010,KD,Barnawa,barnawa,,inec-cvr|inec-pu-directory-2015
18-10-03,NG019010,KD,Kakuri Gwari,kakuri-gwari,,inec-cvr|inec-pu-directory-2015
18-10-04,NG019010,KD,Television,television,,inec-cvr|inec-pu-directory-2015
18-10-05,NG019010,KD,Kakuri Hausa,kakuri-hausa,,inec-cvr|inec-pu-directory-2015
18-10-06,NG019010,KD,Tudun Wada North,tudun-wada-north,,inec-cvr|inec-pu-directory-2015
18-10-07,NG019010,KD,Tudun Wada South,tudun-wada-south,,inec-cvr|inec-pu-directory-2015
18-10-08,NG019010,KD,Tudun Wada West,tudun-wada-west,,inec-cvr|inec-pu-directory-2015
18-10-09,NG019010,KD,Tudun Nuwapa,tudun-nuwapa,,inec-cvr|inec-pu-directory-2015
18-10-10,NG019010,KD,Sabon Gari South,sabon-gari-south,,inec-cvr|inec-pu-directory-2015
18-10-11,NG019010,KD,Sabon Gari North,sabon-gari-north,,inec-cvr|inec-pu-directory-2015
18-10-12,NG019010,KD,Ung. Sanusi,ung-sanusi,,inec-cvr|inec-pu-directory-2015
18-10-13,NG019010,KD,Badiko,badiko,,inec-cvr|inec-pu-directory-2015
18-11-01,NG019011,KD,Kagarko North,kagarko-north,,inec-cvr|inec-pu-directory-2015
18-11-02,NG019011,KD,Kagarko South,kagarko-south,,inec-cvr|inec-pu-directory-2015
18-11-03,NG019011,KD,Kushe,kushe,,inec-cvr|inec-pu-directory-2015
18-11-04,NG019011,KD,Jere North,jere-north,,inec-cvr|inec-pu-directory-2015
18-11-05,NG019011,KD,Jere South,jere-south,,inec-cvr|inec-pu-directory-2015
18-11-06,NG019011,KD,Iddah,iddah,,inec-cvr|inec-pu-directory-2015
18-11-07,NG019011,KD,Aribi,aribi,,inec-cvr|inec-pu-directory-2015
18-11-08,NG019011,KD,Kurmin Jibrin,kurmin-jibrin,,inec-cvr|inec-pu-directory-2015
18-11-09,NG019011,KD,Katugal,katugal,,inec-cvr|inec-pu-directory-2015
18-11-10,NG019011,KD,Kukui,kukui,,inec-cvr|inec-pu-directory-2015
18-12-01,NG019012,KD,Kajuru,kajuru,,inec-cvr|inec-pu-directory-2015
18-12-02,NG019012,KD,Tantatu,tantatu,,inec-cvr|inec-pu-directory-2015
18-12-03,NG019012,KD,Buda,buda,,inec-cvr|inec-pu-directory-2015
18-12-04,NG019012,KD,Kufana,kufana,,inec-cvr|inec-pu-directory-2015
18-12-05,NG019012,KD,Afogo,afogo,,inec-cvr|inec-pu-directory-2015
18-12-06,NG019012,KD,Kasuwan Magani,kasuwan-magani,,inec-cvr|inec-pu-directory-2015
18-12-07,NG019012,KD,Kallah,kallah,,inec-cvr|inec-pu-directory-2015
18-12-08,NG019012,KD,Rimau,rimau,,inec-cvr|inec-pu-directory-2015
18-12-09,NG019012,KD,Idon,idon,,inec-cvr|inec-pu-directory-2015
18-12-10,NG019012,KD,Maro,maro,,inec-cvr|inec-pu-directory-2015
18-13-01,NG019013,KD,Fada,fada,,inec-cvr|inec-pu-directory-2015
18-13-02,NG019013,KD,Kukum,kukum,,inec-cvr|inec-pu-directory-2015
18-13-03,NG019013,KD,Kpak,kpak,,inec-cvr|inec-pu-directory-2015
18-13-04,NG019013,KD,Agban,agban,,inec-cvr|inec-pu-directory-2015
18-13-05,NG019013,KD,Kadarko,kadarko,,inec-cvr|inec-pu-directory-2015
18-13-06,NG019013,KD,Mallagum,mallagum,,inec-cvr|inec-pu-directory-2015
18-13-07,NG019013,KD,Manchok,manchok,,inec-cvr|inec-pu-directory-2015
18-13-08,NG019013,KD,Bondon,bondon,,inec-cvr|inec-pu-directory-2015
18-13-09,NG019013,KD,Kaura,kaura,,inec-cvr|inec-pu-directory-2015
18-13-10,NG019013,KD,Zankan,zankan,,inec-cvr|inec-pu-directory-2015
18-14-01,NG019014,KD,Kauru West,kauru-west,,inec-cvr|inec-pu-directory-2015
18-14-02,NG019014,KD,Makami,makami,,inec-cvr|inec-pu-directory-2015
18-14-03,NG019014,KD,Dawaki,dawaki,,inec-cvr|inec-pu-directory-2015
18-14-04,NG019014,KD,Kwassam,kwassam,,inec-cvr|inec-pu-directory-2015
18-14-05,NG019014,KD,Bital,bital,,inec-cvr|inec-pu-directory-2015
18-14-06,NG019014,KD,Geshere,geshere,,inec-cvr|inec-pu-directory-2015
18-14-07,NG019014,KD,Damakasuwa,damakasuwa,,inec-cvr|inec-pu-directory-2015
18-14-08,NG019014,KD,Badurum Sama,badurum-sama,,inec-cvr|inec-pu-directory-2015
18-14-09,NG019014,KD,Kamaru,kamaru,,inec-cvr|inec-pu-directory-2015
18-14-10,NG019014,KD,Pari,pari,,inec-cvr|inec-pu-directory-2015
18-14-11,NG019014,KD,Kauru East,kauru-east,,inec-cvr|inec-pu-directory-2015
18-15-01,NG019015,KD,Kubau,kubau,,inec-cvr|inec-pu-directory-2015
18-15-02,NG019015,KD,Dutsen Wai,dutsen-wai,,inec-cvr|inec-pu-directory-2015
18-15-03,NG019015,KD,Pambegua,pambegua,,inec-cvr|inec-pu-directory-2015
18-15-04,NG019015,KD,Zuntu,zuntu,,inec-cvr|inec-pu-directory-2015
18-15-05,NG019015,KD,Damau,damau,,inec-cvr|inec-pu-directory-2015
18-15-06,NG019015,KD,Karreh,karreh,,inec-cvr|inec-pu-directory-2015
18-15-07,NG019015,KD,Anchau,anchau,,inec-cvr|inec-pu-directory-2015
18-15-08,NG019015,KD,Haskiya,haskiya,,inec-cvr|inec-pu-directory-2015
18-15-09,NG019015,KD,Kargi,kargi,,inec-cvr|inec-pu-directory-2015
18-15-10,NG019015,KD,Mah,mah,,inec-cvr|inec-pu-directory-2015
18-15-11,NG019015,KD,Zabi,zabi,,inec-cvr|inec-pu-directory-2015
18-16-01,NG019016,KD,Kudan,kudan,,inec-cvr|inec-pu-directory-2015
18-16-02,NG019016,KD,Hunkuyi,hunkuyi,,inec-cvr|inec-pu-directory-2015
18-16-03,NG019016,KD,Sabon Gari Hunkuyi,sabon-gari-hunkuyi,,inec-cvr|inec-pu-directory-2015
18-16-04,NG019016,KD,Garu,garu,,inec-cvr|inec-pu-directory-2015
18-16-05,NG019016,KD,Zabi,zabi,,inec-cvr|inec-pu-directory-2015
18-16-06,NG019016,KD,Doka,doka,,inec-cvr|inec-pu-directory-2015
18-16-07,NG019016,KD,Likoro,likoro,,inec-cvr|inec-pu-directory-2015
18-16-08,NG019016,KD,Taban Sani,taban-sani,,inec-cvr|inec-pu-directory-2015
18-16-09,NG019016,KD,Kauran Wali North,kauran-wali-north,,inec-cvr|inec-pu-directory-2015
18-16-10,NG019016,KD,Kauran Wali South,kauran-wali-south,,inec-cvr|inec-pu-directory-2015
18-17-01,NG019017,KD,Sabon Birnin,sabon-birnin,,inec-cvr|inec-pu-directory-2015
18-17-02,NG019017,KD,Yar Kasuwa,yar-kasuwa,,inec-cvr|inec-pu-directory-2015
18-17-03,NG019017,KD,Garu,garu,,inec-cvr|inec-pu-directory-2015
18-17-04,NG019017,KD,Kayarda,kayarda,,inec-cvr|inec-pu-directory-2015
18-17-05,NG019017,KD,Lere,lere,,inec-cvr|inec-pu-directory-2015
18-17-06,NG019017,KD,Ramin Kura,ramin-kura,,inec-cvr|inec-pu-directory-2015
18-17-07,NG019017,KD,Saminaka,saminaka,,inec-cvr|inec-pu-directory-2015
18-17-08,NG019017,KD,Lazuru,lazuru,,inec-cvr|inec-pu-directory-2015
18-17-09,NG019017,KD,Abadawa,abadawa,,inec-cvr|inec-pu-directory-2015
18-17-10,NG019017,KD,Dan Alhaji,dan-alhaji,,inec-cvr|inec-pu-directory-2015
18-17-11,NG019017,KD,Gure/Kahugu,gure-kahugu,,inec-cvr|inec-pu-directory-2015
18-18-01,NG019018,KD,Makarfi,makarfi,,inec-cvr|inec-pu-directory-2015
18-18-02,NG019018,KD,Tudun Wada,tudun-wada,,inec-cvr|inec-pu-directory-2015
18-18-03,NG019018,KD,Gazara,gazara,,inec-cvr|inec-pu-directory-2015
18-18-04,NG019018,KD,Danguziri,danguziri,,inec-cvr|inec-pu-directory-2015
18-18-05,NG019018,KD,Gimi,gimi,,inec-cvr|inec-pu-directory-2015
18-18-06,NG019018,KD,Nassarawan Doya,nassarawan-doya,,inec-cvr|inec-pu-directory-2015
18-18-07,NG019018,KD,Mayere,mayere,,inec-cvr|inec-pu-directory-2015
18-18-08,NG019018,KD,Gubuchi,gubuchi,,inec-cvr|inec-pu-directory-2015
18-18-09,NG019018,KD,Gwanki,gwanki,,inec-cvr|inec-pu-directory-2015
18-18-10,NG019018,KD,Dandamisa,dandamisa,,inec-cvr|inec-pu-directory-2015
18-19-01,NG019019,KD,Samaru,samaru,,inec-cvr|inec-pu-directory-2015
18-19-02,NG019019,KD,Jama'a,jamaa,,inec-cvr|inec-pu-directory-2015
18-19-03,NG019019,KD,Bomo,bomo,,inec-cvr|inec-pu-directory-2015
18-19-04,NG019019,KD,Basawa,basawa,,inec-cvr|inec-pu-directory-2015
18-19-05,NG019019,KD,Chikaji,chikaji,,inec-cvr|inec-pu-directory-2015
18-19-06,NG019019,KD,Muchia,muchia,,inec-cvr|inec-pu-directory-2015
18-19-07,NG019019,KD,Jushin Waje,jushin-waje,,inec-cvr|inec-pu-directory-2015
18-19-08,NG019019,KD,Hanwa,hanwa,,inec-cvr|inec-pu-directory-2015
18-19-09,NG019019,KD,Dogarawa,dogarawa,,inec-cvr|inec-pu-directory-2015
18-19-10,NG019019,KD,Unguwan Gabas,unguwan-gabas,,inec-cvr|inec-pu-directory-2015
18-19-11,NG019019,KD,Zabi,zabi,,inec-cvr|inec-pu-directory-2015
18-20-01,NG019020,KD,Gwantu,gwantu,,inec-cvr|inec-pu-directory-2015
18-20-02,NG019020,KD,Fadan Karshi,fadan-karshi,,inec-cvr|inec-pu-directory-2015
18-20-03,NG019020,KD,Ayu,ayu,,inec-cvr|inec-pu-directory-2015
18-20-04,NG019020,KD,Ninzam North,ninzam-north,,inec-cvr|inec-pu-directory-2015
18-20-05,NG019020,KD,Ninzam South,ninzam-south,,inec-cvr|inec-pu-directory-2015
18-20-06,NG019020,KD,Bokana,bokana,,inec-cvr|inec-pu-directory-2015
18-20-07,NG019020,KD,Aboro,aboro,,inec-cvr|inec-pu-directory-2015
18-20-08,NG019020,KD,Ninzam West,ninzam-west,,inec-cvr|inec-pu-directory-2015
18-20-09,NG019020,KD,Wasa Station,wasa-station,,inec-cvr|inec-pu-directory-2015
18-20-10,NG019020,KD,Arak,arak,,inec-cvr|inec-pu-directory-2015
18-20-11,NG019020,KD,Nandu,nandu,,inec-cvr|inec-pu-directory-2015
18-21-01,NG019021,KD,Maigana,maigana,,inec-cvr|inec-pu-directory-2015
18-21-02,NG019021,KD,Kinkiba,kinkiba,,inec-cvr|inec-pu-directory-2015
18-21-03,NG019021,KD,Gimba,gimba,,inec-cvr|inec-pu-directory-2015
18-21-04,NG019021,KD,Kwassallo,kwassallo,,inec-cvr|inec-pu-directory-2015
18-21-05,NG019021,KD,Richifa,richifa,,inec-cvr|inec-pu-directory-2015
18-21-06,NG019021,KD,Gamagira,gamagira,,inec-cvr|inec-pu-directory-2015
18-21-07,NG019021,KD,Dan Wata,dan-wata,,inec-cvr|inec-pu-directory-2015
18-21-08,NG019021,KD,Turawa,turawa,,inec-cvr|inec-pu-directory-2015
18-21-09,NG019021,KD,Soba,soba,,inec-cvr|inec-pu-directory-2015
18-21-10,NG019021,KD,Garun Gwanki,garun-gwanki,,inec-cvr|inec-pu-directory-2015
18-21-11,NG019021,KD,Rahama,rahama,,inec-cvr|inec-pu-directory-2015
18-22-01,NG019022,KD,Gora,gora,,inec-cvr|inec-pu-directory-2015
18-22-02,NG019022,KD,Zonzon,zonzon,,inec-cvr|inec-pu-directory-2015
18-22-03,NG019022,KD,Zaman Dabo,zaman-dabo,,inec-cvr|inec-pu-directory-2015
18-22-04,NG019022,KD,Unguwar Gaiya,unguwar-gaiya,,inec-cvr|inec-pu-directory-2015
18-22-05,NG019022,KD,Zonkwa,zonkwa,,inec-cvr|inec-pu-directory-2015
18-22-06,NG019022,KD,Madakiya,madakiya,,inec-cvr|inec-pu-directory-2015
18-22-07,NG019022,KD,Unguwar Rimi,unguwar-rimi,,inec-cvr|inec-pu-directory-2015
18-22-08,NG019022,KD,Gidan Jatau,gidan-jatau,,inec-cvr|inec-pu-directory-2015
18-22-09,NG019022,KD,Kamantan,kamantan,,inec-cvr|inec-pu-directory-2015
18-22-10,NG019022,KD,Kamuru Ikulu North,kamuru-ikulu-north,,inec-cvr|inec-pu-directory-2015
18-22-11,NG019022,KD,Zango Urban,zango-urban,,inec-cvr|inec-pu-directory-2015
18-23-01,NG019023,KD,"Kwarbai ""A""",kwarbai-a,,inec-cvr|inec-pu-directory-2015
18-23-02,NG019023,KD,"Kwarbai ""B""",kwarbai-b,,inec-cvr|inec-pu-directory-2015
18-23-03,NG019023,KD,Ung. Juma,ung-juma,,inec-cvr|inec-pu-directory-2015
18-23-04,NG019023,KD,Limancin-Kona,limancin-kona,,inec-cvr|inec-pu-directory-2015
18-23-05,NG019023,KD,Kaura,kaura,,inec-cvr|inec-pu-directory-2015
18-23-06,NG019023,KD,Tudun Wada,tudun-wada,,inec-cvr|inec-pu-directory-2015
18-23-07,NG019023,KD,Gyallesu,gyallesu,,inec-cvr|inec-pu-directory-2015
18-23-08,NG019023,KD,Ung. Fatika,ung-fatika,,inec-cvr|inec-pu-directory-2015
18-23-09,NG019023,KD,Tukur Tukur,tukur-tukur,,inec-cvr|inec-pu-directory-2015
18-23-10,NG019023,KD,Dambo,dambo,,inec-cvr|inec-pu-directory-2015
18-23-11,NG019023,KD,Wucicciri,wucicciri,,inec-cvr|inec-pu-directory-2015
18-23-12,NG019023,KD,Dutsen Abba,dutsen-abba,,inec-cvr|inec-pu-directory-2015
18-23-13,NG019023,KD,Kufena,kufena,,inec-cvr|inec-pu-directory-2015
19-01-01,NG020001,KN,Ajingi,ajingi,,inec-cvr|inec-pu-directory-2015
19-01-02,NG020001,KN,Balare,balare,,inec-cvr|inec-pu-directory-2015
19-01-03,NG020001,KN,Chula,chula,,inec-cvr|inec-pu-directory-2015
19-01-04,NG020001,KN,Dabin Kanawa,dabin-kanawa,,inec-cvr|inec-pu-directory-2015
19-01-05,NG020001,KN,Dundun,dundun,,inec-cvr|inec-pu-directory-2015
19-01-06,NG020001,KN,Gafasa,gafasa,,inec-cvr|inec-pu-directory-2015
19-01-07,NG020001,KN,Gurduba,gurduba,,inec-cvr|inec-pu-directory-2015
19-01-08,NG020001,KN,Kunkurawa,kunkurawa,,inec-cvr|inec-pu-directory-2015
19-01-09,NG020001,KN,Toranke,toranke,,inec-cvr|inec-pu-directory-2015
19-01-10,NG020001,KN,Ungawar Bai,ungawar-bai,,inec-cvr|inec-pu-directory-2015
19-02-01,NG020002,KN,Albasu Central,albasu-central,,inec-cvr|inec-pu-directory-2015
19-02-02,NG020002,KN,Bataiya,bataiya,,inec-cvr|inec-pu-directory-2015
19-02-03,NG020002,KN,Chamarana,chamarana,,inec-cvr|inec-pu-directory-2015
19-02-04,NG020002,KN,Daho,daho,,inec-cvr|inec-pu-directory-2015
19-02-05,NG020002,KN,Fanda,fanda,,inec-cvr|inec-pu-directory-2015
19-02-06,NG020002,KN,Faragai,faragai,,inec-cvr|inec-pu-directory-2015
19-02-07,NG020002,KN,Gagarame,gagarame,,inec-cvr|inec-pu-directory-2015
19-02-08,NG020002,KN,Hungu,hungu,,inec-cvr|inec-pu-directory-2015
19-02-09,NG020002,KN,Saya-Saya,saya-saya,,inec-cvr|inec-pu-directory-2015
19-02-10,NG020002,KN,Tsangaya,tsangaya,,inec-cvr|inec-pu-directory-2015
19-03-01,NG020003,KN,Bagwai,bagwai,,inec-cvr|inec-pu-directory-2015
19-03-02,NG020003,KN,Dangada,dangada,,inec-cvr|inec-pu-directory-2015
19-03-03,NG020003,KN,Gadanya,gadanya,,inec-cvr|inec-pu-directory-2015
19-03-04,NG020003,KN,Gogori,gogori,,inec-cvr|inec-pu-directory-2015
19-03-05,NG020003,KN,Kiyawa,kiyawa,,inec-cvr|inec-pu-directory-2015
19-03-06,NG020003,KN,Kwajali,kwajali,,inec-cvr|inec-pu-directory-2015
19-03-07,NG020003,KN,Rimin Dako,rimin-dako,,inec-cvr|inec-pu-directory-2015
19-03-08,NG020003,KN,Romo,romo,,inec-cvr|inec-pu-directory-2015
19-03-09,NG020003,KN,Sare-Sare,sare-sare,,inec-cvr|inec-pu-directory-2015
19-03-10,NG020003,KN,Wuro Bagga,wuro-bagga,,inec-cvr|inec-pu-directory-2015
19-04-01,NG020004,KN,Anadariya,anadariya,,inec-cvr|inec-pu-directory-2015
19-04-02,NG020004,KN,Baguda,baguda,,inec-cvr|inec-pu-directory-2015
19-04-03,NG020004,KN,Bebeji,bebeji,,inec-cvr|inec-pu-directory-2015
19-04-04,NG020004,KN,Damau,damau,,inec-cvr|inec-pu-directory-2015
19-04-05,NG020004,KN,Durmawa,durmawa,,inec-cvr|inec-pu-directory-2015
19-04-06,NG020004,KN,Gargai,gargai,,inec-cvr|inec-pu-directory-2015
19-04-07,NG020004,KN,Gwarmai,gwarmai,,inec-cvr|inec-pu-directory-2015
19-04-08,NG020004,KN,Kofa,kofa,,inec-cvr|inec-pu-directory-2015
19-04-09,NG020004,KN,Kuki,kuki,,inec-cvr|inec-pu-directory-2015
19-04-10,NG020004,KN,Rahama,rahama,,inec-cvr|inec-pu-directory-2015
19-04-11,NG020004,KN,Ranka,ranka,,inec-cvr|inec-pu-directory-2015
19-04-12,NG020004,KN,Rantan,rantan,,inec-cvr|inec-pu-directory-2015
19-04-13,NG020004,KN,Tariwa,tariwa,,inec-cvr|inec-pu-directory-2015
19-04-14,NG020004,KN,Wak,wak,,inec-cvr|inec-pu-directory-2015
19-05-01,NG020005,KN,Badume,badume,,inec-cvr|inec-pu-directory-2015
19-05-02,NG020005,KN,Bichi,bichi,,inec-cvr|inec-pu-directory-2015
19-05-03,NG020005,KN,Danzabuwa,danzabuwa,,inec-cvr|inec-pu-directory-2015
19-05-04,NG020005,KN,Fagolo,fagolo,,inec-cvr|inec-pu-directory-2015
19-05-05,NG020005,KN,Kaukau,kaukau,,inec-cvr|inec-pu-directory-2015
19-05-06,NG020005,KN,Kwamarawa,kwamarawa,,inec-cvr|inec-pu-directory-2015
19-05-07,NG020005,KN,Kyalli,kyalli,,inec-cvr|inec-pu-directory-2015
19-05-08,NG020005,KN,Muntsira,muntsira,,inec-cvr|inec-pu-directory-2015
19-05-09,NG020005,KN,Saye,saye,,inec-cvr|inec-pu-directory-2015
19-05-10,NG020005,KN,Waire,waire,,inec-cvr|inec-pu-directory-2015
19-05-11,NG020005,KN,Yallami,yallami,,inec-cvr|inec-pu-directory-2015
19-06-01,NG020006,KN,Barkum,barkum,,inec-cvr|inec-pu-directory-2015
19-06-02,NG020006,KN,Bunkure,bunkure,,inec-cvr|inec-pu-directory-2015
19-06-03,NG020006,KN,Bono,bono,,inec-cvr|inec-pu-directory-2015
19-06-04,NG020006,KN,Chirin,chirin,,inec-cvr|inec-pu-directory-2015
19-06-05,NG020006,KN,Gafan,gafan,,inec-cvr|inec-pu-directory-2015
19-06-06,NG020006,KN,Gurjiya,gurjiya,,inec-cvr|inec-pu-directory-2015
19-06-07,NG020006,KN,Gwamma,gwamma,,inec-cvr|inec-pu-directory-2015
19-06-08,NG020006,KN,Kulluwa,kulluwa,,inec-cvr|inec-pu-directory-2015
19-06-09,NG020006,KN,Kumurya,kumurya,,inec-cvr|inec-pu-directory-2015
19-06-10,NG020006,KN,Sanda,sanda,,inec-cvr|inec-pu-directory-2015
19-07-01,NG020007,KN,Adakawa,adakawa,,inec-cvr|inec-pu-directory-2015
19-07-02,NG020007,KN,Bakin Ruwa,bakin-ruwa,,inec-cvr|inec-pu-directory-2015
19-07-03,NG020007,KN,Dala,dala,,inec-cvr|inec-pu-directory-2015
19-07-04,NG020007,KN,Dogon Nama,dogon-nama,,inec-cvr|inec-pu-directory-2015
19-07-05,NG020007,KN,Gobirawa,gobirawa,,inec-cvr|inec-pu-directory-2015
19-07-06,NG020007,KN,Gwammaja,gwammaja,,inec-cvr|inec-pu-directory-2015
19-07-07,NG020007,KN,Kabuwaya,kabuwaya,,inec-cvr|inec-pu-directory-2015
19-07-08,NG020007,KN,Kantudu,kantudu,,inec-cvr|inec-pu-directory-2015
19-07-09,NG020007,KN,Kofar Mazugal,kofar-mazugal,,inec-cvr|inec-pu-directory-2015
19-07-10,NG020007,KN,Kofar Ruwa,kofar-ruwa,,inec-cvr|inec-pu-directory-2015
19-07-11,NG020007,KN,Madigawa,madigawa,,inec-cvr|inec-pu-directory-2015
19-07-12,NG020007,KN,Yalwa,yalwa,,inec-cvr|inec-pu-directory-2015
19-08-01,NG020008,KN,Ajumawa,ajumawa,,inec-cvr|inec-pu-directory-2015
19-08-02,NG020008,KN,Danbatta East,danbatta-east,,inec-cvr|inec-pu-directory-2015
19-08-03,NG020008,KN,Danbatta West,danbatta-west,,inec-cvr|inec-pu-directory-2015
19-08-04,NG020008,KN,Fagwalawa,fagwalawa,,inec-cvr|inec-pu-directory-2015
19-08-05,NG020008,KN,Goron Maje,goron-maje,,inec-cvr|inec-pu-directory-2015
19-08-06,NG020008,KN,Gwanda,gwanda,,inec-cvr|inec-pu-directory-2015
19-08-07,NG020008,KN,Gwarabjawa,gwarabjawa,,inec-cvr|inec-pu-directory-2015
19-08-08,NG020008,KN,Kore,kore,,inec-cvr|inec-pu-directory-2015
19-08-09,NG020008,KN,Saidawa,saidawa,,inec-cvr|inec-pu-directory-2015
19-08-10,NG020008,KN,Sansan,sansan,,inec-cvr|inec-pu-directory-2015
19-09-01,NG020009,KN,Dabar Kwari,dabar-kwari,,inec-cvr|inec-pu-directory-2015
19-09-02,NG020009,KN,Danbagiwa,danbagiwa,,inec-cvr|inec-pu-directory-2015
19-09-03,NG020009,KN,Dawaki,dawaki,,inec-cvr|inec-pu-directory-2015
19-09-04,NG020009,KN,Dawakiji,dawakiji,,inec-cvr|inec-pu-directory-2015
19-09-05,NG020009,KN,Dosan,dosan,,inec-cvr|inec-pu-directory-2015
19-09-06,NG020009,KN,Gano,gano,,inec-cvr|inec-pu-directory-2015
19-09-07,NG020009,KN,Gurjiya,gurjiya,,inec-cvr|inec-pu-directory-2015
19-09-08,NG020009,KN,Jido,jido,,inec-cvr|inec-pu-directory-2015
19-09-09,NG020009,KN,Tamburawa,tamburawa,,inec-cvr|inec-pu-directory-2015
19-09-10,NG020009,KN,Tsakuwa,tsakuwa,,inec-cvr|inec-pu-directory-2015
19-09-11,NG020009,KN,Unguwar Duniya,unguwar-duniya,,inec-cvr|inec-pu-directory-2015
19-09-12,NG020009,KN,Yanbarau,yanbarau,,inec-cvr|inec-pu-directory-2015
19-09-13,NG020009,KN,Yankatsari,yankatsari,,inec-cvr|inec-pu-directory-2015
19-09-14,NG020009,KN,Yargaya,yargaya,,inec-cvr|inec-pu-directory-2015
19-09-15,NG020009,KN,Zogarawa,zogarawa,,inec-cvr|inec-pu-directory-2015
19-10-01,NG020010,KN,Dawaki East,dawaki-east,,inec-cvr|inec-pu-directory-2015
19-10-02,NG020010,KN,Dawaki West,dawaki-west,,inec-cvr|inec-pu-directory-2015
19-10-03,NG020010,KN,Dawanau,dawanau,,inec-cvr|inec-pu-directory-2015
19-10-04,NG020010,KN,Dan Guguwa,dan-guguwa,,inec-cvr|inec-pu-directory-2015
19-10-05,NG020010,KN,Ganduje,ganduje,,inec-cvr|inec-pu-directory-2015
19-10-06,NG020010,KN,Gargari,gargari,,inec-cvr|inec-pu-directory-2015
19-10-07,NG020010,KN,Jalli,jalli,,inec-cvr|inec-pu-directory-2015
19-10-08,NG020010,KN,Kwa,kwa,,inec-cvr|inec-pu-directory-2015
19-10-09,NG020010,KN,Marke,marke,,inec-cvr|inec-pu-directory-2015
19-10-10,NG020010,KN,Tattarawa,tattarawa,,inec-cvr|inec-pu-directory-2015
19-10-11,NG020010,KN,Tumfafi,tumfafi,,inec-cvr|inec-pu-directory-2015
19-11-01,NG020011,KN,Dariya,dariya,,inec-cvr|inec-pu-directory-2015
19-11-02,NG020011,KN,Dogon Kawo,dogon-kawo,,inec-cvr|inec-pu-directory-2015
19-11-03,NG020011,KN,Duguwa,duguwa,,inec-cvr|inec-pu-directory-2015
19-11-04,NG020011,KN,Falgore,falgore,,inec-cvr|inec-pu-directory-2015
19-11-05,NG020011,KN,Maraku,maraku,,inec-cvr|inec-pu-directory-2015
19-11-06,NG020011,KN,Ragada,ragada,,inec-cvr|inec-pu-directory-2015
19-11-07,NG020011,KN,Ririwai,ririwai,,inec-cvr|inec-pu-directory-2015
19-11-08,NG020011,KN,Tagwaye,tagwaye,,inec-cvr|inec-pu-directory-2015
19-11-09,NG020011,KN,Unguwar Natsohuwa,unguwar-natsohuwa,,inec-cvr|inec-pu-directory-2015
19-11-10,NG020011,KN,Zainabi,zainabi,,inec-cvr|inec-pu-directory-2015
19-12-01,NG020012,KN,Fagge A,fagge-a,,inec-cvr|inec-pu-directory-2015
19-12-02,NG020012,KN,Fagge B,fagge-b,,inec-cvr|inec-pu-directory-2015
19-12-03,NG020012,KN,Fagge C,fagge-c,,inec-cvr|inec-pu-directory-2015
19-12-04,NG020012,KN,Fagge D,fagge-d,,inec-cvr|inec-pu-directory-2015
19-12-05,NG020012,KN,Fagge E,fagge-e,,inec-cvr|inec-pu-directory-2015
19-12-06,NG020012,KN,Kwachiri,kwachiri,,inec-cvr|inec-pu-directory-2015
19-12-07,NG020012,KN,Rijiyar Lemo,rijiyar-lemo,,inec-cvr|inec-pu-directory-2015
19-12-08,NG020012,KN,Sabongari East,sabongari-east,,inec-cvr|inec-pu-directory-2015
19-12-09,NG020012,KN,Sabongari West,sabongari-west,,inec-cvr|inec-pu-directory-2015
19-12-10,NG020012,KN,Yammata,yammata,,inec-cvr|inec-pu-directory-2015
19-13-01,NG020013,KN,Gabasawa,gabasawa,,inec-cvr|inec-pu-directory-2015
19-13-02,NG020013,KN,Garun Danga,garun-danga,,inec-cvr|inec-pu-directory-2015
19-13-03,NG020013,KN,Joda,joda,,inec-cvr|inec-pu-directory-2015
19-13-04,NG020013,KN,Karmami,karmami,,inec-cvr|inec-pu-directory-2015
19-13-05,NG020013,KN,Mekiya,mekiya,,inec-cvr|inec-pu-directory-2015
19-13-06,NG020013,KN,Tarauni,tarauni,,inec-cvr|inec-pu-directory-2015
19-13-07,NG020013,KN,Yantar Arewa,yantar-arewa,,inec-cvr|inec-pu-directory-2015
19-13-08,NG020013,KN,Yautar Kudu,yautar-kudu,,inec-cvr|inec-pu-directory-2015
19-13-09,NG020013,KN,Yumbu,yumbu,,inec-cvr|inec-pu-directory-2015
19-13-10,NG020013,KN,Zakirai,zakirai,,inec-cvr|inec-pu-directory-2015
19-13-11,NG020013,KN,Zugachi,zugachi,,inec-cvr|inec-pu-directory-2015
19-14-01,NG020014,KN,Dal,dal,,inec-cvr|inec-pu-directory-2015
19-14-02,NG020014,KN,Garin Ali,garin-ali,,inec-cvr|inec-pu-directory-2015
19-14-03,NG020014,KN,Garko,garko,,inec-cvr|inec-pu-directory-2015
19-14-04,NG020014,KN,Gurjiya,gurjiya,,inec-cvr|inec-pu-directory-2015
19-14-05,NG020014,KN,Kafin Malamai,kafin-malamai,,inec-cvr|inec-pu-directory-2015
19-14-06,NG020014,KN,Katumari,katumari,,inec-cvr|inec-pu-directory-2015
19-14-07,NG020014,KN,Kwas,kwas,,inec-cvr|inec-pu-directory-2015
19-14-08,NG020014,KN,Raba,raba,,inec-cvr|inec-pu-directory-2015
19-14-09,NG020014,KN,Sarina,sarina,,inec-cvr|inec-pu-directory-2015
19-14-10,NG020014,KN,Zakarawa,zakarawa,,inec-cvr|inec-pu-directory-2015
19-15-01,NG020015,KN,Chiromawa,chiromawa,,inec-cvr|inec-pu-directory-2015
19-15-02,NG020015,KN,Dorawar-Sallau,dorawar-sallau,,inec-cvr|inec-pu-directory-2015
19-15-03,NG020015,KN,Fankurun,fankurun,,inec-cvr|inec-pu-directory-2015
19-15-04,NG020015,KN,Garun Babba,garun-babba,,inec-cvr|inec-pu-directory-2015
19-15-05,NG020015,KN,Garun Malam,garun-malam,,inec-cvr|inec-pu-directory-2015
19-15-06,NG020015,KN,Jobawa,jobawa,,inec-cvr|inec-pu-directory-2015
19-15-07,NG020015,KN,Kadawa,kadawa,,inec-cvr|inec-pu-directory-2015
19-15-08,NG020015,KN,Makwaro,makwaro,,inec-cvr|inec-pu-directory-2015
19-15-09,NG020015,KN,Yad Akwari,yad-akwari,,inec-cvr|inec-pu-directory-2015
19-15-10,NG020015,KN,Yalwan Yadakwari,yalwan-yadakwari,,inec-cvr|inec-pu-directory-2015
19-16-01,NG020016,KN,Balan,balan,,inec-cvr|inec-pu-directory-2015
19-16-02,NG020016,KN,Gaya Arewa,gaya-arewa,,inec-cvr|inec-pu-directory-2015
19-16-03,NG020016,KN,Gaya Kudu,gaya-kudu,,inec-cvr|inec-pu-directory-2015
19-16-04,NG020016,KN,Gamarya,gamarya,,inec-cvr|inec-pu-directory-2015
19-16-05,NG020016,KN,Gamoji,gamoji,,inec-cvr|inec-pu-directory-2015
19-16-06,NG020016,KN,Kademi,kademi,,inec-cvr|inec-pu-directory-2015
19-16-07,NG020016,KN,Kazurawa,kazurawa,,inec-cvr|inec-pu-directory-2015
19-16-08,NG020016,KN,Maimakawa,maimakawa,,inec-cvr|inec-pu-directory-2015
19-16-09,NG020016,KN,Shagogo,shagogo,,inec-cvr|inec-pu-directory-2015
19-16-10,NG020016,KN,Wudilawa,wudilawa,,inec-cvr|inec-pu-directory-2015
19-17-01,NG020017,KN,Babawa,babawa,,inec-cvr|inec-pu-directory-2015
19-17-02,NG020017,KN,Gawo,gawo,,inec-cvr|inec-pu-directory-2015
19-17-03,NG020017,KN,Gezawa,gezawa,,inec-cvr|inec-pu-directory-2015
19-17-04,NG020017,KN,Jogana,jogana,,inec-cvr|inec-pu-directory-2015
19-17-05,NG020017,KN,Ketawa,ketawa,,inec-cvr|inec-pu-directory-2015
19-17-06,NG020017,KN,Mesar-Tudu,mesar-tudu,,inec-cvr|inec-pu-directory-2015
19-17-07,NG020017,KN,Sararin-Gezawa,sararin-gezawa,,inec-cvr|inec-pu-directory-2015
19-17-08,NG020017,KN,Tsamiya-Babba,tsamiya-babba,,inec-cvr|inec-pu-directory-2015
19-17-09,NG020017,KN,Tumbau,tumbau,,inec-cvr|inec-pu-directory-2015
19-17-10,NG020017,KN,Wangara,wangara,,inec-cvr|inec-pu-directory-2015
19-17-11,NG020017,KN,Zango,zango,,inec-cvr|inec-pu-directory-2015
19-18-01,NG020018,KN,Dandago,dandago,,inec-cvr|inec-pu-directory-2015
19-18-02,NG020018,KN,Diso,diso,,inec-cvr|inec-pu-directory-2015
19-18-03,NG020018,KN,Dorayi,dorayi,,inec-cvr|inec-pu-directory-2015
19-18-04,NG020018,KN,Galadanchi,galadanchi,,inec-cvr|inec-pu-directory-2015
19-18-05,NG020018,KN,Goron Dutse,goron-dutse,,inec-cvr|inec-pu-directory-2015
19-18-06,NG020018,KN,Gwale,gwale,,inec-cvr|inec-pu-directory-2015
19-18-07,NG020018,KN,Gyaranya,gyaranya,,inec-cvr|inec-pu-directory-2015
19-18-08,NG020018,KN,Kabuga,kabuga,,inec-cvr|inec-pu-directory-2015
19-18-09,NG020018,KN,Mandawari,mandawari,,inec-cvr|inec-pu-directory-2015
19-18-10,NG020018,KN,Sani Mai Magge,sani-mai-magge,,inec-cvr|inec-pu-directory-2015
19-19-01,NG020019,KN,Getso,getso,,inec-cvr|inec-pu-directory-2015
19-19-02,NG020019,KN,Gwarzo,gwarzo,,inec-cvr|inec-pu-directory-2015
19-19-03,NG020019,KN,Jama' A,jama-a,,inec-cvr|inec-pu-directory-2015
19-19-04,NG020019,KN,Kara,kara,,inec-cvr|inec-pu-directory-2015
19-19-05,NG020019,KN,Kutama,kutama,,inec-cvr|inec-pu-directory-2015
19-19-06,NG020019,KN,Lakwaya,lakwaya,,inec-cvr|inec-pu-directory-2015
19-19-07,NG020019,KN,Madadi,madadi,,inec-cvr|inec-pu-directory-2015
19-19-08,NG020019,KN,Mainika,mainika,,inec-cvr|inec-pu-directory-2015
19-19-09,NG020019,KN,Sabon Birni,sabon-birni,,inec-cvr|inec-pu-directory-2015
19-19-10,NG020019,KN,Unguwar Tudu,unguwar-tudu,,inec-cvr|inec-pu-directory-2015
19-20-01,NG020020,KN,Dugabau,dugabau,,inec-cvr|inec-pu-directory-2015
19-20-02,NG020020,KN,Durun,durun,,inec-cvr|inec-pu-directory-2015
19-20-03,NG020020,KN,Gammo,gammo,,inec-cvr|inec-pu-directory-2015
19-20-04,NG020020,KN,Garo,garo,,inec-cvr|inec-pu-directory-2015
19-20-05,NG020020,KN,Godiya,godiya,,inec-cvr|inec-pu-directory-2015
19-20-06,NG020020,KN,Gude,gude,,inec-cvr|inec-pu-directory-2015
19-20-07,NG020020,KN,Hauwade,hauwade,,inec-cvr|inec-pu-directory-2015
19-20-08,NG020020,KN,Kabo,kabo,,inec-cvr|inec-pu-directory-2015
19-20-09,NG020020,KN,Kanwa,kanwa,,inec-cvr|inec-pu-directory-2015
19-20-10,NG020020,KN,Masanawa,masanawa,,inec-cvr|inec-pu-directory-2015
19-21-01,NG020021,KN,Chedi,chedi,,inec-cvr|inec-pu-directory-2015
19-21-02,NG020021,KN,Dan'agundi,danagundi,,inec-cvr|inec-pu-directory-2015
19-21-03,NG020021,KN,Gandun Albasa,gandun-albasa,,inec-cvr|inec-pu-directory-2015
19-21-04,NG020021,KN,Jakara,jakara,,inec-cvr|inec-pu-directory-2015
19-21-05,NG020021,KN,Kankarofi,kankarofi,,inec-cvr|inec-pu-directory-2015
19-21-06,NG020021,KN,Shahuchi,shahuchi,,inec-cvr|inec-pu-directory-2015
19-21-07,NG020021,KN,Sharada,sharada,,inec-cvr|inec-pu-directory-2015
19-21-08,NG020021,KN,Sheshe,sheshe,,inec-cvr|inec-pu-directory-2015
19-21-09,NG020021,KN,Tudun Nufawa,tudun-nufawa,,inec-cvr|inec-pu-directory-2015
19-21-10,NG020021,KN,Tudun Wazirchi,tudun-wazirchi,,inec-cvr|inec-pu-directory-2015
19-21-11,NG020021,KN,Yakasai,yakasai,,inec-cvr|inec-pu-directory-2015
19-21-12,NG020021,KN,Zaitawa,zaitawa,,inec-cvr|inec-pu-directory-2015
19-21-13,NG020021,KN,Zango,zango,,inec-cvr|inec-pu-directory-2015
19-22-01,NG020022,KN,Daura,daura,,inec-cvr|inec-pu-directory-2015
19-22-02,NG020022,KN,Kafin Dafga,kafin-dafga,,inec-cvr|inec-pu-directory-2015
19-22-03,NG020022,KN,Karaye,karaye,,inec-cvr|inec-pu-directory-2015
19-22-04,NG020022,KN,Kurugu,kurugu,,inec-cvr|inec-pu-directory-2015
19-22-05,NG020022,KN,Kwanyawa,kwanyawa,,inec-cvr|inec-pu-directory-2015
19-22-06,NG020022,KN,Tudun Kaya,tudun-kaya,,inec-cvr|inec-pu-directory-2015
19-22-07,NG020022,KN,Turawa,turawa,,inec-cvr|inec-pu-directory-2015
19-22-08,NG020022,KN,Unguwar Hajji,unguwar-hajji,,inec-cvr|inec-pu-directory-2015
19-22-09,NG020022,KN,Yammedi,yammedi,,inec-cvr|inec-pu-directory-2015
19-22-10,NG020022,KN,Yola,yola,,inec-cvr|inec-pu-directory-2015
19-23-01,NG020023,KN,Durba,durba,,inec-cvr|inec-pu-directory-2015
19-23-02,NG020023,KN,Fammar,fammar,,inec-cvr|inec-pu-directory-2015
19-23-03,NG020023,KN,Fassi,fassi,,inec-cvr|inec-pu-directory-2015
19-23-04,NG020023,KN,Kadigawa,kadigawa,,inec-cvr|inec-pu-directory-2015
19-23-05,NG020023,KN,Kahu,kahu,,inec-cvr|inec-pu-directory-2015
19-23-06,NG020023,KN,Kibiya I,kibiya-i,,inec-cvr|inec-pu-directory-2015
19-23-07,NG020023,KN,Kibiya II,kibiya-ii,,inec-cvr|inec-pu-directory-2015
19-23-08,NG020023,KN,Nariya,nariya,,inec-cvr|inec-pu-directory-2015
19-23-09,NG020023,KN,Tarai,tarai,,inec-cvr|inec-pu-directory-2015
19-23-10,NG020023,KN,Unguwar Gai,unguwar-gai,,inec-cvr|inec-pu-directory-2015
19-24-01,NG020024,KN,Ba'awa,baawa,,inec-cvr|inec-pu-directory-2015
19-24-02,NG020024,KN,Badafi,badafi,,inec-cvr|inec-pu-directory-2015
19-24-03,NG020024,KN,Bargoni,bargoni,,inec-cvr|inec-pu-directory-2015
19-24-04,NG020024,KN,Bauda,bauda,,inec-cvr|inec-pu-directory-2015
19-24-05,NG020024,KN,Dangora,dangora,,inec-cvr|inec-pu-directory-2015
19-24-06,NG020024,KN,Dansohiya,dansohiya,,inec-cvr|inec-pu-directory-2015
19-24-07,NG020024,KN,Dashi,dashi,,inec-cvr|inec-pu-directory-2015
19-24-08,NG020024,KN,Galadimawa,galadimawa,,inec-cvr|inec-pu-directory-2015
19-24-09,NG020024,KN,Kiru,kiru,,inec-cvr|inec-pu-directory-2015
19-24-10,NG020024,KN,Kogo,kogo,,inec-cvr|inec-pu-directory-2015
19-24-11,NG020024,KN,Maraku,maraku,,inec-cvr|inec-pu-directory-2015
19-24-12,NG020024,KN,Tsaudawa,tsaudawa,,inec-cvr|inec-pu-directory-2015
19-24-13,NG020024,KN,Yako,yako,,inec-cvr|inec-pu-directory-2015
19-24-14,NG020024,KN,Yalwa,yalwa,,inec-cvr|inec-pu-directory-2015
19-24-15,NG020024,KN,Zuwo,zuwo,,inec-cvr|inec-pu-directory-2015
19-25-01,NG020025,KN,Challawa,challawa,,inec-cvr|inec-pu-directory-2015
19-25-02,NG020025,KN,Chiranchi,chiranchi,,inec-cvr|inec-pu-directory-2015
19-25-03,NG020025,KN,Danbare,danbare,,inec-cvr|inec-pu-directory-2015
19-25-04,NG020025,KN,Danmaliki,danmaliki,,inec-cvr|inec-pu-directory-2015
19-25-05,NG020025,KN,Guringawa,guringawa,,inec-cvr|inec-pu-directory-2015
19-25-06,NG020025,KN,Kumbotso,kumbotso,,inec-cvr|inec-pu-directory-2015
19-25-07,NG020025,KN,Kureken Sani,kureken-sani,,inec-cvr|inec-pu-directory-2015
19-25-08,NG020025,KN,Mariri,mariri,,inec-cvr|inec-pu-directory-2015
19-25-09,NG020025,KN,Na'ibawa,naibawa,,inec-cvr|inec-pu-directory-2015
19-25-10,NG020025,KN,Panshekara,panshekara,,inec-cvr|inec-pu-directory-2015
19-25-11,NG020025,KN,Unguwar Rimi,unguwar-rimi,,inec-cvr|inec-pu-directory-2015
19-26-01,NG020026,KN,Bumai,bumai,,inec-cvr|inec-pu-directory-2015
19-26-02,NG020026,KN,Garin Sheme,garin-sheme,,inec-cvr|inec-pu-directory-2015
19-26-03,NG020026,KN,Gwarmai,gwarmai,,inec-cvr|inec-pu-directory-2015
19-26-04,NG020026,KN,Kasuwar Kuka,kasuwar-kuka,,inec-cvr|inec-pu-directory-2015
19-26-05,NG020026,KN,Kunchi,kunchi,,inec-cvr|inec-pu-directory-2015
19-26-06,NG020026,KN,Matan Fada,matan-fada,,inec-cvr|inec-pu-directory-2015
19-26-07,NG020026,KN,Ridawa,ridawa,,inec-cvr|inec-pu-directory-2015
19-26-08,NG020026,KN,Shamakawa,shamakawa,,inec-cvr|inec-pu-directory-2015
19-26-09,NG020026,KN,Shuwaki,shuwaki,,inec-cvr|inec-pu-directory-2015
19-26-10,NG020026,KN,Yandadi,yandadi,,inec-cvr|inec-pu-directory-2015
19-27-01,NG020027,KN,Dalili,dalili,,inec-cvr|inec-pu-directory-2015
19-27-02,NG020027,KN,Dan Hassan,dan-hassan,,inec-cvr|inec-pu-directory-2015
19-27-03,NG020027,KN,Dukawa,dukawa,,inec-cvr|inec-pu-directory-2015
19-27-04,NG020027,KN,Gundutse,gundutse,,inec-cvr|inec-pu-directory-2015
19-27-05,NG020027,KN,Karfi,karfi,,inec-cvr|inec-pu-directory-2015
19-27-06,NG020027,KN,Kosawa,kosawa,,inec-cvr|inec-pu-directory-2015
19-27-07,NG020027,KN,Kura,kura,,inec-cvr|inec-pu-directory-2015
19-27-08,NG020027,KN,Kurunsumau,kurunsumau,,inec-cvr|inec-pu-directory-2015
19-27-09,NG020027,KN,Rigar Duka,rigar-duka,,inec-cvr|inec-pu-directory-2015
19-27-10,NG020027,KN,Tanawa,tanawa,,inec-cvr|inec-pu-directory-2015
19-28-01,NG020028,KN,Burji,burji,,inec-cvr|inec-pu-directory-2015
19-28-02,NG020028,KN,Cinkoso,cinkoso,,inec-cvr|inec-pu-directory-2015
19-28-03,NG020028,KN,Galinja,galinja,,inec-cvr|inec-pu-directory-2015
19-28-04,NG020028,KN,Gora,gora,,inec-cvr|inec-pu-directory-2015
19-28-05,NG020028,KN,Kafin Agur,kafin-agur,,inec-cvr|inec-pu-directory-2015
19-28-06,NG020028,KN,Kanwa,kanwa,,inec-cvr|inec-pu-directory-2015
19-28-07,NG020028,KN,Kaura Mata,kaura-mata,,inec-cvr|inec-pu-directory-2015
19-28-08,NG020028,KN,Kubaraci,kubaraci,,inec-cvr|inec-pu-directory-2015
19-28-09,NG020028,KN,Kwankwaso,kwankwaso,,inec-cvr|inec-pu-directory-2015
19-28-10,NG020028,KN,Madobi,madobi,,inec-cvr|inec-pu-directory-2015
19-28-11,NG020028,KN,Rikadawa,rikadawa,,inec-cvr|inec-pu-directory-2015
19-28-12,NG020028,KN,Yakun,yakun,,inec-cvr|inec-pu-directory-2015
19-29-01,NG020029,KN,Babbar Riga,babbar-riga,,inec-cvr|inec-pu-directory-2015
19-29-02,NG020029,KN,Durma,durma,,inec-cvr|inec-pu-directory-2015
19-29-03,NG020029,KN,Jibga,jibga,,inec-cvr|inec-pu-directory-2015
19-29-04,NG020029,KN,Kadandani,kadandani,,inec-cvr|inec-pu-directory-2015
19-29-05,NG020029,KN,Koguna,koguna,,inec-cvr|inec-pu-directory-2015
19-29-06,NG020029,KN,Koren Tatso,koren-tatso,Koren Tabo,inec-cvr|inec-pu-directory-2015
19-29-07,NG020029,KN,Maitsidau,maitsidau,,inec-cvr|inec-pu-directory-2015
19-29-08,NG020029,KN,Makoda,makoda,,inec-cvr|inec-pu-directory-2015
19-29-09,NG020029,KN,Satame,satame,,inec-cvr|inec-pu-directory-2015
19-29-10,NG020029,KN,Tangaji,tangaji,,inec-cvr|inec-pu-directory-2015
19-29-11,NG020029,KN,Wailare,wailare,,inec-cvr|inec-pu-directory-2015
19-30-01,NG020030,KN,Azore,azore,,inec-cvr|inec-pu-directory-2015
19-30-02,NG020030,KN,Gandurwawa,gandurwawa,,inec-cvr|inec-pu-directory-2015
19-30-03,NG020030,KN,Kantama,kantama,,inec-cvr|inec-pu-directory-2015
19-30-04,NG020030,KN,Kunya,kunya,,inec-cvr|inec-pu-directory-2015
19-30-05,NG020030,KN,Kuru,kuru,,inec-cvr|inec-pu-directory-2015
19-30-06,NG020030,KN,Kwarkiya,kwarkiya,,inec-cvr|inec-pu-directory-2015
19-30-07,NG020030,KN,Minjibir,minjibir,,inec-cvr|inec-pu-directory-2015
19-30-08,NG020030,KN,Sarbi,sarbi,,inec-cvr|inec-pu-directory-2015
19-30-09,NG020030,KN,Tsakiya,tsakiya,,inec-cvr|inec-pu-directory-2015
19-30-10,NG020030,KN,Tsakuwa,tsakuwa,,inec-cvr|inec-pu-directory-2015
19-30-11,NG020030,KN,Wasai,wasai,,inec-cvr|inec-pu-directory-2015
19-31-01,NG020031,KN,Dakata,dakata,,inec-cvr|inec-pu-directory-2015
19-31-02,NG020031,KN,Gama,gama,,inec-cvr|inec-pu-directory-2015
19-31-03,NG020031,KN,Gawuna,gawuna,,inec-cvr|inec-pu-directory-2015
19-31-04,NG020031,KN,Gwagwarwa,gwagwarwa,,inec-cvr|inec-pu-directory-2015
19-31-05,NG020031,KN,Giginyu,giginyu,,inec-cvr|inec-pu-directory-2015
19-31-06,NG020031,KN,Hotoro North,hotoro-north,,inec-cvr|inec-pu-directory-2015
19-31-07,NG020031,KN,Hotoro South,hotoro-south,,inec-cvr|inec-pu-directory-2015
19-31-08,NG020031,KN,Kawaji,kawaji,,inec-cvr|inec-pu-directory-2015
19-31-09,NG020031,KN,Kaura Goje,kaura-goje,,inec-cvr|inec-pu-directory-2015
19-31-10,NG020031,KN,Tudun Murtala,tudun-murtala,,inec-cvr|inec-pu-directory-2015
19-31-11,NG020031,KN,Tudun Wada,tudun-wada,,inec-cvr|inec-pu-directory-2015
19-32-01,NG020032,KN,Dawaki,dawaki,,inec-cvr|inec-pu-directory-2015
19-32-02,NG020032,KN,Lausu,lausu,,inec-cvr|inec-pu-directory-2015
19-32-03,NG020032,KN,Madachi,madachi,,inec-cvr|inec-pu-directory-2015
19-32-04,NG020032,KN,Rano,rano,,inec-cvr|inec-pu-directory-2015
19-32-05,NG020032,KN,Rurum Sabon-Gari,rurum-sabon-gari,,inec-cvr|inec-pu-directory-2015
19-32-06,NG020032,KN,Rurum Tsohon-Gari,rurum-tsohon-gari,,inec-cvr|inec-pu-directory-2015
19-32-07,NG020032,KN,Saji,saji,,inec-cvr|inec-pu-directory-2015
19-32-08,NG020032,KN,Yalwa,yalwa,,inec-cvr|inec-pu-directory-2015
19-32-09,NG020032,KN,Zinyau,zinyau,,inec-cvr|inec-pu-directory-2015
19-32-10,NG020032,KN,Zurgu,zurgu,,inec-cvr|inec-pu-directory-2015
19-33-01,NG020033,KN,Butu-Butu,butu-butu,,inec-cvr|inec-pu-directory-2015
19-33-02,NG020033,KN,Dawakin Gulu,dawakin-gulu,,inec-cvr|inec-pu-directory-2015
19-33-03,NG020033,KN,Doka Dawa,doka-dawa,,inec-cvr|inec-pu-directory-2015
19-33-04,NG020033,KN,Dugurawa,dugurawa,,inec-cvr|inec-pu-directory-2015
19-33-05,NG020033,KN,Gulu,gulu,,inec-cvr|inec-pu-directory-2015
19-33-06,NG020033,KN,Jili,jili,,inec-cvr|inec-pu-directory-2015
19-33-07,NG020033,KN,Karofin Yashi,karofin-yashi,,inec-cvr|inec-pu-directory-2015
19-33-08,NG020033,KN,Rimin Gado,rimin-gado,,inec-cvr|inec-pu-directory-2015
19-33-09,NG020033,KN,Sakaratsa,sakaratsa,,inec-cvr|inec-pu-directory-2015
19-33-10,NG020033,KN,Tamawa,tamawa,,inec-cvr|inec-pu-directory-2015
19-33-11,NG020033,KN,Yalwan Danziyal,yalwan-danziyal,,inec-cvr|inec-pu-directory-2015
19-33-12,NG020033,KN,Zango Dan Abdu,zango-dan-abdu,,inec-cvr|inec-pu-directory-2015
19-34-01,NG020034,KN,Beli,beli,,inec-cvr|inec-pu-directory-2015
19-34-02,NG020034,KN,Falgore,falgore,,inec-cvr|inec-pu-directory-2015
19-34-03,NG020034,KN,Fulatan,fulatan,,inec-cvr|inec-pu-directory-2015
19-34-04,NG020034,KN,Gwangwan,gwangwan,,inec-cvr|inec-pu-directory-2015
19-34-05,NG020034,KN,Jajaye,jajaye,,inec-cvr|inec-pu-directory-2015
19-34-06,NG020034,KN,Rogo Ruma,rogo-ruma,,inec-cvr|inec-pu-directory-2015
19-34-07,NG020034,KN,Rogo Sabon Gari,rogo-sabon-gari,,inec-cvr|inec-pu-directory-2015
19-34-08,NG020034,KN,Ruwan Bago,ruwan-bago,,inec-cvr|inec-pu-directory-2015
19-34-09,NG020034,KN,Zarewa,zarewa,,inec-cvr|inec-pu-directory-2015
19-34-10,NG020034,KN,Zoza,zoza,,inec-cvr|inec-pu-directory-2015
19-35-01,NG020035,KN,Alajawa,alajawa,,inec-cvr|inec-pu-directory-2015
19-35-02,NG020035,KN,Dutsen-Bakoshi,dutsen-bakoshi,,inec-cvr|inec-pu-directory-2015
19-35-03,NG020035,KN,Faruruwa,faruruwa,,inec-cvr|inec-pu-directory-2015
19-35-04,NG020035,KN,Goron Dutse,goron-dutse,,inec-cvr|inec-pu-directory-2015
19-35-05,NG020035,KN,Kadamu,kadamu,,inec-cvr|inec-pu-directory-2015
19-35-06,NG020035,KN,Kokiya,kokiya,,inec-cvr|inec-pu-directory-2015
19-35-07,NG020035,KN,Leni,leni,,inec-cvr|inec-pu-directory-2015
19-35-08,NG020035,KN,Shakogi,shakogi,,inec-cvr|inec-pu-directory-2015
19-35-09,NG020035,KN,Shanono,shanono,,inec-cvr|inec-pu-directory-2015
19-35-10,NG020035,KN,Tsaure,tsaure,,inec-cvr|inec-pu-directory-2015
19-36-01,NG020036,KN,Gala,gala,,inec-cvr|inec-pu-directory-2015
19-36-02,NG020036,KN,Gani,gani,,inec-cvr|inec-pu-directory-2015
19-36-03,NG020036,KN,Garfa,garfa,,inec-cvr|inec-pu-directory-2015
19-36-04,NG020036,KN,Gediya,gediya,,inec-cvr|inec-pu-directory-2015
19-36-05,NG020036,KN,Kanawa,kanawa,,inec-cvr|inec-pu-directory-2015
19-36-06,NG020036,KN,Magami,magami,,inec-cvr|inec-pu-directory-2015
19-36-07,NG020036,KN,Masu,masu,,inec-cvr|inec-pu-directory-2015
19-36-08,NG020036,KN,Rimi,rimi,,inec-cvr|inec-pu-directory-2015
19-36-09,NG020036,KN,Rumo,rumo,,inec-cvr|inec-pu-directory-2015
19-36-10,NG020036,KN,Sitti,sitti,,inec-cvr|inec-pu-directory-2015
19-36-11,NG020036,KN,Sumaila,sumaila,,inec-cvr|inec-pu-directory-2015
19-37-01,NG020037,KN,Bagwaro,bagwaro,,inec-cvr|inec-pu-directory-2015
19-37-02,NG020037,KN,Durbunde,durbunde,,inec-cvr|inec-pu-directory-2015
19-37-03,NG020037,KN,Fajewa,fajewa,,inec-cvr|inec-pu-directory-2015
19-37-04,NG020037,KN,Falali,falali,,inec-cvr|inec-pu-directory-2015
19-37-05,NG020037,KN,Faruruwa,faruruwa,,inec-cvr|inec-pu-directory-2015
19-37-06,NG020037,KN,Kachako,kachako,,inec-cvr|inec-pu-directory-2015
19-37-07,NG020037,KN,Karfi,karfi,,inec-cvr|inec-pu-directory-2015
19-37-08,NG020037,KN,Kuka,kuka,,inec-cvr|inec-pu-directory-2015
19-37-09,NG020037,KN,Takai,takai,,inec-cvr|inec-pu-directory-2015
19-37-10,NG020037,KN,Zuga,zuga,,inec-cvr|inec-pu-directory-2015
19-38-01,NG020038,KN,Babban Giji,babban-giji,,inec-cvr|inec-pu-directory-2015
19-38-02,NG020038,KN,Darmanawa,darmanawa,,inec-cvr|inec-pu-directory-2015
19-38-03,NG020038,KN,Daurawa,daurawa,,inec-cvr|inec-pu-directory-2015
19-38-04,NG020038,KN,Gyadi-Gyadi Arewa,gyadi-gyadi-arewa,,inec-cvr|inec-pu-directory-2015
19-38-05,NG020038,KN,Gyadi-Gyadi Kudu,gyadi-gyadi-kudu,,inec-cvr|inec-pu-directory-2015
19-38-06,NG020038,KN,Hotoro (Nnpc),hotoro-nnpc,,inec-cvr|inec-pu-directory-2015
19-38-07,NG020038,KN,Kauyen Alu,kauyen-alu,,inec-cvr|inec-pu-directory-2015
19-38-08,NG020038,KN,Tarauni,tarauni,,inec-cvr|inec-pu-directory-2015
19-38-09,NG020038,KN,Unguwar Gano,unguwar-gano,,inec-cvr|inec-pu-directory-2015
19-38-10,NG020038,KN,Unguwa Uku,unguwa-uku,,inec-cvr|inec-pu-directory-2015
19-39-01,NG020039,KN,Dindere,dindere,,inec-cvr|inec-pu-directory-2015
19-39-02,NG020039,KN,Doka,doka,,inec-cvr|inec-pu-directory-2015
19-39-03,NG020039,KN,Gajida,gajida,,inec-cvr|inec-pu-directory-2015
19-39-04,NG020039,KN,Ginsawa,ginsawa,,inec-cvr|inec-pu-directory-2015
19-39-05,NG020039,KN,Jauben Kudu,jauben-kudu,,inec-cvr|inec-pu-directory-2015
19-39-06,NG020039,KN,Janguza,janguza,,inec-cvr|inec-pu-directory-2015
19-39-07,NG020039,KN,Kwami,kwami,,inec-cvr|inec-pu-directory-2015
19-39-08,NG020039,KN,Lambu,lambu,,inec-cvr|inec-pu-directory-2015
19-39-09,NG020039,KN,Langel,langel,,inec-cvr|inec-pu-directory-2015
19-39-10,NG020039,KN,Tofa,tofa,,inec-cvr|inec-pu-directory-2015
19-39-11,NG020039,KN,Unguwar Rimi,unguwar-rimi,,inec-cvr|inec-pu-directory-2015
19-39-12,NG020039,KN,Wangara,wangara,,inec-cvr|inec-pu-directory-2015
19-39-13,NG020039,KN,Yalwa Karama,yalwa-karama,,inec-cvr|inec-pu-directory-2015
19-39-14,NG020039,KN,Yanoko,yanoko,,inec-cvr|inec-pu-directory-2015
19-39-15,NG020039,KN,Yarimawa,yarimawa,,inec-cvr|inec-pu-directory-2015
19-40-01,NG020040,KN,Daddarawa,daddarawa,,inec-cvr|inec-pu-directory-2015
19-40-02,NG020040,KN,Dunbulun,dunbulun,,inec-cvr|inec-pu-directory-2015
19-40-03,NG020040,KN,Gozaki,gozaki,,inec-cvr|inec-pu-directory-2015
19-40-04,NG020040,KN,Gurun,gurun,,inec-cvr|inec-pu-directory-2015
19-40-05,NG020040,KN,Kabagiwa,kabagiwa,,inec-cvr|inec-pu-directory-2015
19-40-06,NG020040,KN,Tatsan,tatsan,,inec-cvr|inec-pu-directory-2015
19-40-07,NG020040,KN,Tsanyawa,tsanyawa,,inec-cvr|inec-pu-directory-2015
19-40-08,NG020040,KN,Yanganau,yanganau,,inec-cvr|inec-pu-directory-2015
19-40-09,NG020040,KN,Yankamaye,yankamaye,,inec-cvr|inec-pu-directory-2015
19-40-10,NG020040,KN,Zarogi,zarogi,,inec-cvr|inec-pu-directory-2015
19-41-01,NG020041,KN,Baburi,baburi,,inec-cvr|inec-pu-directory-2015
19-41-02,NG020041,KN,Burumburum,burumburum,,inec-cvr|inec-pu-directory-2015
19-41-03,NG020041,KN,Dalawa,dalawa,,inec-cvr|inec-pu-directory-2015
19-41-04,NG020041,KN,Jandutse,jandutse,,inec-cvr|inec-pu-directory-2015
19-41-05,NG020041,KN,Jita,jita,,inec-cvr|inec-pu-directory-2015
19-41-06,NG020041,KN,Karefa,karefa,,inec-cvr|inec-pu-directory-2015
19-41-07,NG020041,KN,Nata'ala,nataala,,inec-cvr|inec-pu-directory-2015
19-41-08,NG020041,KN,Sabon Gari,sabon-gari,,inec-cvr|inec-pu-directory-2015
19-41-09,NG020041,KN,Tsohogari,tsohogari,,inec-cvr|inec-pu-directory-2015
19-41-10,NG020041,KN,Shuwaki,shuwaki,,inec-cvr|inec-pu-directory-2015
19-41-11,NG020041,KN,Yaryasa,yaryasa,,inec-cvr|inec-pu-directory-2015
19-42-01,NG020042,KN,Bachirawa,bachirawa,,inec-cvr|inec-pu-directory-2015
19-42-02,NG020042,KN,Gayawa,gayawa,,inec-cvr|inec-pu-directory-2015
19-42-03,NG020042,KN,Kadawa,kadawa,,inec-cvr|inec-pu-directory-2015
19-42-04,NG020042,KN,Karo,karo,,inec-cvr|inec-pu-directory-2015
19-42-05,NG020042,KN,Panisau,panisau,,inec-cvr|inec-pu-directory-2015
19-42-06,NG020042,KN,Rangaza,rangaza,,inec-cvr|inec-pu-directory-2015
19-42-07,NG020042,KN,Rijiyar Zaki,rijiyar-zaki,,inec-cvr|inec-pu-directory-2015
19-42-08,NG020042,KN,Tudun Fulani,tudun-fulani,,inec-cvr|inec-pu-directory-2015
19-42-09,NG020042,KN,Ungogo,ungogo,,inec-cvr|inec-pu-directory-2015
19-42-10,NG020042,KN,Yadakunya,yadakunya,,inec-cvr|inec-pu-directory-2015
19-42-11,NG020042,KN,Zango,zango,,inec-cvr|inec-pu-directory-2015
19-43-01,NG020043,KN,Amarawa,amarawa,,inec-cvr|inec-pu-directory-2015
19-43-02,NG020043,KN,Danlasan,danlasan,,inec-cvr|inec-pu-directory-2015
19-43-03,NG020043,KN,Garin Dau,garin-dau,,inec-cvr|inec-pu-directory-2015
19-43-04,NG020043,KN,Gogel,gogel,,inec-cvr|inec-pu-directory-2015
19-43-05,NG020043,KN,Imawa,imawa,,inec-cvr|inec-pu-directory-2015
19-43-06,NG020043,KN,Jemagu,jemagu,,inec-cvr|inec-pu-directory-2015
19-43-07,NG020043,KN,Jigawa,jigawa,,inec-cvr|inec-pu-directory-2015
19-43-08,NG020043,KN,J/Galadima,j-galadima,,inec-cvr|inec-pu-directory-2015
19-43-09,NG020043,KN,Katarkawa,katarkawa,,inec-cvr|inec-pu-directory-2015
19-43-10,NG020043,KN,Madari Mata,madari-mata,,inec-cvr|inec-pu-directory-2015
19-43-11,NG020043,KN,Tamburawar Gabas,tamburawar-gabas,,inec-cvr|inec-pu-directory-2015
19-43-12,NG020043,KN,Tangar,tangar,,inec-cvr|inec-pu-directory-2015
19-43-13,NG020043,KN,Warawa,warawa,,inec-cvr|inec-pu-directory-2015
19-43-14,NG020043,KN,'Yan Dalla,yan-dalla,,inec-cvr|inec-pu-directory-2015
19-43-15,NG020043,KN,'Yangizo,yangizo,,inec-cvr|inec-pu-directory-2015
19-44-01,NG020044,KN,Achika,achika,,inec-cvr|inec-pu-directory-2015
19-44-02,NG020044,KN,Dagumawa,dagumawa,,inec-cvr|inec-pu-directory-2015
19-44-03,NG020044,KN,Dankaza,dankaza,,inec-cvr|inec-pu-directory-2015
19-44-04,NG020044,KN,Darki,darki,,inec-cvr|inec-pu-directory-2015
19-44-05,NG020044,KN,Indabo,indabo,,inec-cvr|inec-pu-directory-2015
19-44-06,NG020044,KN,Kausani,kausani,,inec-cvr|inec-pu-directory-2015
19-44-07,NG020044,KN,Lajawa,lajawa,,inec-cvr|inec-pu-directory-2015
19-44-08,NG020044,KN,Sabon Gari,sabon-gari,,inec-cvr|inec-pu-directory-2015
19-44-09,NG020044,KN,Utai,utai,,inec-cvr|inec-pu-directory-2015
19-44-10,NG020044,KN,Wudil,wudil,,inec-cvr|inec-pu-directory-2015
20-01-01,NG021001,KT,Bakori A,bakori-a,,inec-cvr|inec-pu-directory-2015
20-01-02,NG021001,KT,Bakori B,bakori-b,,inec-cvr|inec-pu-directory-2015
20-01-03,NG021001,KT,Kurami/Yankwani,kurami-yankwani,,inec-cvr|inec-pu-directory-2015
20-01-04,NG021001,KT,Dawan Musa,dawan-musa,,inec-cvr|inec-pu-directory-2015
20-01-05,NG021001,KT,Tsiga,tsiga,,inec-cvr|inec-pu-directory-2015
20-01-06,NG021001,KT,Kabomo,kabomo,,inec-cvr|inec-pu-directory-2015
20-01-07,NG021001,KT,Barde/Kwantakwaran,barde-kwantakwaran,,inec-cvr|inec-pu-directory-2015
20-01-08,NG021001,KT,Jargaba,jargaba,,inec-cvr|inec-pu-directory-2015
20-01-09,NG021001,KT,Kakumi,kakumi,,inec-cvr|inec-pu-directory-2015
20-01-10,NG021001,KT,Guga,guga,,inec-cvr|inec-pu-directory-2015
20-01-11,NG021001,KT,Kandarawa,kandarawa,,inec-cvr|inec-pu-directory-2015
20-02-01,NG021002,KT,Batagarawa A,batagarawa-a,,inec-cvr|inec-pu-directory-2015
20-02-02,NG021002,KT,Batagarawa B,batagarawa-b,,inec-cvr|inec-pu-directory-2015
20-02-03,NG021002,KT,Dandagoro,dandagoro,,inec-cvr|inec-pu-directory-2015
20-02-04,NG021002,KT,Ajiwa,ajiwa,,inec-cvr|inec-pu-directory-2015
20-02-05,NG021002,KT,Tsanni,tsanni,,inec-cvr|inec-pu-directory-2015
20-02-06,NG021002,KT,Jino,jino,,inec-cvr|inec-pu-directory-2015
20-02-07,NG021002,KT,Barawa,barawa,,inec-cvr|inec-pu-directory-2015
20-02-08,NG021002,KT,Bakiyawa,bakiyawa,,inec-cvr|inec-pu-directory-2015
20-02-09,NG021002,KT,Kayauki,kayauki,,inec-cvr|inec-pu-directory-2015
20-02-10,NG021002,KT,Yargamji,yargamji,,inec-cvr|inec-pu-directory-2015
20-03-01,NG021003,KT,Batsari,batsari,,inec-cvr|inec-pu-directory-2015
20-03-02,NG021003,KT,Manawa,manawa,,inec-cvr|inec-pu-directory-2015
20-03-03,NG021003,KT,Wagini,wagini,,inec-cvr|inec-pu-directory-2015
20-03-04,NG021003,KT,Abadau/Kagara,abadau-kagara,,inec-cvr|inec-pu-directory-2015
20-03-05,NG021003,KT,Yauyau/Mallamawa,yauyau-mallamawa,,inec-cvr|inec-pu-directory-2015
20-03-06,NG021003,KT,Kandawa,kandawa,,inec-cvr|inec-pu-directory-2015
20-03-07,NG021003,KT,Dan. Alh/Yangaiya,dan-alh-yangaiya,,inec-cvr|inec-pu-directory-2015
20-03-08,NG021003,KT,Ruma,ruma,,inec-cvr|inec-pu-directory-2015
20-03-09,NG021003,KT,Darini/Magaji/Abu,darini-magaji-abu,,inec-cvr|inec-pu-directory-2015
20-03-10,NG021003,KT,Karare,karare,,inec-cvr|inec-pu-directory-2015
20-03-11,NG021003,KT,Madogara,madogara,,inec-cvr|inec-pu-directory-2015
20-04-01,NG021004,KT,Yanmaulu,yanmaulu,,inec-cvr|inec-pu-directory-2015
20-04-02,NG021004,KT,Babban Mutum,babban-mutum,,inec-cvr|inec-pu-directory-2015
20-04-03,NG021004,KT,Taramnawa/Bare,taramnawa-bare,,inec-cvr|inec-pu-directory-2015
20-04-04,NG021004,KT,Muduri,muduri,,inec-cvr|inec-pu-directory-2015
20-04-05,NG021004,KT,Baure,baure,,inec-cvr|inec-pu-directory-2015
20-04-06,NG021004,KT,Unguwar Rai,unguwar-rai,,inec-cvr|inec-pu-directory-2015
20-04-07,NG021004,KT,Kagara/Faski,kagara-faski,,inec-cvr|inec-pu-directory-2015
20-04-08,NG021004,KT,Garki,garki,,inec-cvr|inec-pu-directory-2015
20-04-09,NG021004,KT,Yanduna,yanduna,,inec-cvr|inec-pu-directory-2015
20-04-10,NG021004,KT,Mai Bara,mai-bara,,inec-cvr|inec-pu-directory-2015
20-04-11,NG021004,KT,Hui,hui,,inec-cvr|inec-pu-directory-2015
20-04-12,NG021004,KT,Agala,agala,,inec-cvr|inec-pu-directory-2015
20-05-01,NG021005,KT,Kamri,kamri,,inec-cvr|inec-pu-directory-2015
20-05-02,NG021005,KT,Bindawa,bindawa,,inec-cvr|inec-pu-directory-2015
20-05-03,NG021005,KT,Tama/Daye,tama-daye,,inec-cvr|inec-pu-directory-2015
20-05-04,NG021005,KT,Faru/Dallaji,faru-dallaji,,inec-cvr|inec-pu-directory-2015
20-05-05,NG021005,KT,Shibdawa,shibdawa,,inec-cvr|inec-pu-directory-2015
20-05-06,NG021005,KT,"Jibawa/R,bade",jibawa-r-bade,,inec-cvr|inec-pu-directory-2015
20-05-07,NG021005,KT,Doro,doro,,inec-cvr|inec-pu-directory-2015
20-05-08,NG021005,KT,Baure,baure,,inec-cvr|inec-pu-directory-2015
20-05-09,NG021005,KT,Yangora,yangora,,inec-cvr|inec-pu-directory-2015
20-05-10,NG021005,KT,Giremawa,giremawa,,inec-cvr|inec-pu-directory-2015
20-05-11,NG021005,KT,Gaiwa,gaiwa,,inec-cvr|inec-pu-directory-2015
20-06-01,NG021006,KT,Charanchi,charanchi,,inec-cvr|inec-pu-directory-2015
20-06-02,NG021006,KT,Safana,safana,,inec-cvr|inec-pu-directory-2015
20-06-03,NG021006,KT,Radda,radda,,inec-cvr|inec-pu-directory-2015
20-06-04,NG021006,KT,Majen Wayya,majen-wayya,,inec-cvr|inec-pu-directory-2015
20-06-05,NG021006,KT,Ganuwa,ganuwa,,inec-cvr|inec-pu-directory-2015
20-06-06,NG021006,KT,Tsakatsa,tsakatsa,,inec-cvr|inec-pu-directory-2015
20-06-07,NG021006,KT,Koda,koda,,inec-cvr|inec-pu-directory-2015
20-06-08,NG021006,KT,Kuraye,kuraye,,inec-cvr|inec-pu-directory-2015
20-06-09,NG021006,KT,Banye,banye,,inec-cvr|inec-pu-directory-2015
20-06-10,NG021006,KT,Doka,doka,,inec-cvr|inec-pu-directory-2015
20-07-01,NG021008,KT,Mahuta A,mahuta-a,,inec-cvr|inec-pu-directory-2015
20-07-02,NG021008,KT,Mahuta B,mahuta-b,,inec-cvr|inec-pu-directory-2015
20-07-03,NG021008,KT,Mahuta C,mahuta-c,,inec-cvr|inec-pu-directory-2015
20-07-04,NG021008,KT,Dandume A,dandume-a,,inec-cvr|inec-pu-directory-2015
20-07-05,NG021008,KT,Dandume B,dandume-b,,inec-cvr|inec-pu-directory-2015
20-07-06,NG021008,KT,Tumburkai A,tumburkai-a,,inec-cvr|inec-pu-directory-2015
20-07-07,NG021008,KT,Tumburkai B,tumburkai-b,,inec-cvr|inec-pu-directory-2015
20-07-08,NG021008,KT,Dantankari,dantankari,,inec-cvr|inec-pu-directory-2015
20-07-09,NG021008,KT,Nasarawa,nasarawa,,inec-cvr|inec-pu-directory-2015
20-07-10,NG021008,KT,Magaji Wando A,magaji-wando-a,,inec-cvr|inec-pu-directory-2015
20-07-11,NG021008,KT,Magaji Wando B,magaji-wando-b,,inec-cvr|inec-pu-directory-2015
20-08-01,NG021009,KT,Jiba,jiba,,inec-cvr|inec-pu-directory-2015
20-08-02,NG021009,KT,Tandama,tandama,,inec-cvr|inec-pu-directory-2015
20-08-03,NG021009,KT,Danja A,danja-a,,inec-cvr|inec-pu-directory-2015
20-08-04,NG021009,KT,Danja B,danja-b,,inec-cvr|inec-pu-directory-2015
20-08-05,NG021009,KT,Tsangamawa,tsangamawa,,inec-cvr|inec-pu-directory-2015
20-08-06,NG021009,KT,Dabai,dabai,,inec-cvr|inec-pu-directory-2015
20-08-07,NG021009,KT,Yakaji A,yakaji-a,,inec-cvr|inec-pu-directory-2015
20-08-08,NG021009,KT,Yakaji B,yakaji-b,,inec-cvr|inec-pu-directory-2015
20-08-09,NG021009,KT,Kahutu A,kahutu-a,,inec-cvr|inec-pu-directory-2015
20-08-10,NG021009,KT,Kahutu B,kahutu-b,,inec-cvr|inec-pu-directory-2015
20-09-01,NG021007,KT,Mara,mara,,inec-cvr|inec-pu-directory-2015
20-09-02,NG021007,KT,Dan Alkima,dan-alkima,,inec-cvr|inec-pu-directory-2015
20-09-03,NG021007,KT,Dan Musa A,dan-musa-a,,inec-cvr|inec-pu-directory-2015
20-09-04,NG021007,KT,Dan Musa B,dan-musa-b,,inec-cvr|inec-pu-directory-2015
20-09-05,NG021007,KT,Dan Ali,dan-ali,,inec-cvr|inec-pu-directory-2015
20-09-06,NG021007,KT,Mai Dabino A,mai-dabino-a,,inec-cvr|inec-pu-directory-2015
20-09-07,NG021007,KT,Mai Dabino B,mai-dabino-b,,inec-cvr|inec-pu-directory-2015
20-09-08,NG021007,KT,Dandire A,dandire-a,,inec-cvr|inec-pu-directory-2015
20-09-09,NG021007,KT,Dandire 'B',dandire-b,,inec-cvr|inec-pu-directory-2015
20-09-10,NG021007,KT,Yan-Tumaki A,yan-tumaki-a,,inec-cvr|inec-pu-directory-2015
20-09-11,NG021007,KT,Yan-Tumaki B,yan-tumaki-b,,inec-cvr|inec-pu-directory-2015
20-10-01,NG021010,KT,Sarkin Yara A,sarkin-yara-a,,inec-cvr|inec-pu-directory-2015
20-10-02,NG021010,KT,Sarkin Yara B,sarkin-yara-b,,inec-cvr|inec-pu-directory-2015
20-10-03,NG021010,KT,Ubandawaki A,ubandawaki-a,,inec-cvr|inec-pu-directory-2015
20-10-04,NG021010,KT,Unbadawaki B,unbadawaki-b,,inec-cvr|inec-pu-directory-2015
20-10-05,NG021010,KT,Kusugu,kusugu,,inec-cvr|inec-pu-directory-2015
20-10-06,NG021010,KT,Mazoji A,mazoji-a,,inec-cvr|inec-pu-directory-2015
20-10-07,NG021010,KT,Mazoji B,mazoji-b,,inec-cvr|inec-pu-directory-2015
20-10-08,NG021010,KT,Tudun Wada,tudun-wada,,inec-cvr|inec-pu-directory-2015
20-10-09,NG021010,KT,Sabon Gari,sabon-gari,,inec-cvr|inec-pu-directory-2015
20-10-10,NG021010,KT,Madobi A,madobi-a,,inec-cvr|inec-pu-directory-2015
20-10-11,NG021010,KT,Madobi B,madobi-b,,inec-cvr|inec-pu-directory-2015
20-11-01,NG021011,KT,Dan Aunai,dan-aunai,,inec-cvr|inec-pu-directory-2015
20-11-02,NG021011,KT,Ruwankaya A,ruwankaya-a,,inec-cvr|inec-pu-directory-2015
20-11-03,NG021011,KT,Ruwankaya B,ruwankaya-b,,inec-cvr|inec-pu-directory-2015
20-11-04,NG021011,KT,Dutsi A,dutsi-a,,inec-cvr|inec-pu-directory-2015
20-11-05,NG021011,KT,Dutsi B,dutsi-b,,inec-cvr|inec-pu-directory-2015
20-11-06,NG021011,KT,Yamel A,yamel-a,,inec-cvr|inec-pu-directory-2015
20-11-07,NG021011,KT,Yamel B,yamel-b,,inec-cvr|inec-pu-directory-2015
20-11-08,NG021011,KT,Sirika A,sirika-a,,inec-cvr|inec-pu-directory-2015
20-11-09,NG021011,KT,Sirika B,sirika-b,,inec-cvr|inec-pu-directory-2015
20-11-10,NG021011,KT,Kayawa,kayawa,,inec-cvr|inec-pu-directory-2015
20-12-01,NG021012,KT,Dutsin-Ma A,dutsin-ma-a,,inec-cvr|inec-pu-directory-2015
20-12-02,NG021012,KT,Dutsin-Ma B,dutsin-ma-b,,inec-cvr|inec-pu-directory-2015
20-12-03,NG021012,KT,Shema,shema,,inec-cvr|inec-pu-directory-2015
20-12-04,NG021012,KT,Karofi A,karofi-a,,inec-cvr|inec-pu-directory-2015
20-12-05,NG021012,KT,Karofi B,karofi-b,,inec-cvr|inec-pu-directory-2015
20-12-06,NG021012,KT,Kuki A,kuki-a,,inec-cvr|inec-pu-directory-2015
20-12-07,NG021012,KT,Kuki B,kuki-b,,inec-cvr|inec-pu-directory-2015
20-12-08,NG021012,KT,Kutawa,kutawa,,inec-cvr|inec-pu-directory-2015
20-12-09,NG021012,KT,Bagagadi,bagagadi,,inec-cvr|inec-pu-directory-2015
20-12-10,NG021012,KT,Makera,makera,,inec-cvr|inec-pu-directory-2015
20-12-11,NG021012,KT,Dabawa,dabawa,,inec-cvr|inec-pu-directory-2015
20-13-01,NG021013,KT,Yankara,yankara,,inec-cvr|inec-pu-directory-2015
20-13-02,NG021013,KT,Sheme,sheme,,inec-cvr|inec-pu-directory-2015
20-13-03,NG021013,KT,Mairuwa,mairuwa,,inec-cvr|inec-pu-directory-2015
20-13-04,NG021013,KT,Daudawa,daudawa,,inec-cvr|inec-pu-directory-2015
20-13-05,NG021013,KT,Tafoki,tafoki,,inec-cvr|inec-pu-directory-2015
20-13-06,NG021013,KT,Ruwan Godiya,ruwan-godiya,,inec-cvr|inec-pu-directory-2015
20-13-07,NG021013,KT,Yarmalamai,yarmalamai,,inec-cvr|inec-pu-directory-2015
20-13-08,NG021013,KT,Faskari,faskari,,inec-cvr|inec-pu-directory-2015
20-13-09,NG021013,KT,Sabonlayi/Galadima,sabonlayi-galadima,,inec-cvr|inec-pu-directory-2015
20-13-10,NG021013,KT,Maigora,maigora,,inec-cvr|inec-pu-directory-2015
20-14-01,NG021014,KT,Dandutse,dandutse,,inec-cvr|inec-pu-directory-2015
20-14-02,NG021014,KT,Sabon Gari,sabon-gari,,inec-cvr|inec-pu-directory-2015
20-14-03,NG021014,KT,Unguwar Rabiu,unguwar-rabiu,,inec-cvr|inec-pu-directory-2015
20-14-04,NG021014,KT,Ung Ibrahim,ung-ibrahim,,inec-cvr|inec-pu-directory-2015
20-14-05,NG021014,KT,Unguwar Musa,unguwar-musa,,inec-cvr|inec-pu-directory-2015
20-14-06,NG021014,KT,Dukke,dukke,,inec-cvr|inec-pu-directory-2015
20-14-07,NG021014,KT,Makera,makera,,inec-cvr|inec-pu-directory-2015
20-14-08,NG021014,KT,Goya,goya,,inec-cvr|inec-pu-directory-2015
20-14-09,NG021014,KT,Mai Gamji,mai-gamji,,inec-cvr|inec-pu-directory-2015
20-14-10,NG021014,KT,Maska,maska,,inec-cvr|inec-pu-directory-2015
20-14-11,NG021014,KT,Tudun Iya,tudun-iya,,inec-cvr|inec-pu-directory-2015
20-15-01,NG021015,KT,Dugul,dugul,,inec-cvr|inec-pu-directory-2015
20-15-02,NG021015,KT,Yandoma,yandoma,,inec-cvr|inec-pu-directory-2015
20-15-03,NG021015,KT,Ingawa,ingawa,,inec-cvr|inec-pu-directory-2015
20-15-04,NG021015,KT,Agayawa,agayawa,,inec-cvr|inec-pu-directory-2015
20-15-05,NG021015,KT,Jobe/Kandawa,jobe-kandawa,,inec-cvr|inec-pu-directory-2015
20-15-06,NG021015,KT,Kurfeji/Yankaura,kurfeji-yankaura,,inec-cvr|inec-pu-directory-2015
20-15-07,NG021015,KT,Manomawa/Kafi,manomawa-kafi,,inec-cvr|inec-pu-directory-2015
20-15-08,NG021015,KT,Bidore/Yaya,bidore-yaya,,inec-cvr|inec-pu-directory-2015
20-15-09,NG021015,KT,Bareruwa/Ruruma,bareruwa-ruruma,,inec-cvr|inec-pu-directory-2015
20-15-10,NG021015,KT,Daunaka/B.kwari,daunaka-b-kwari,,inec-cvr|inec-pu-directory-2015
20-15-11,NG021015,KT,Dara,dara,,inec-cvr|inec-pu-directory-2015
20-16-01,NG021016,KT,Farfaru,farfaru,,inec-cvr|inec-pu-directory-2015
20-16-02,NG021016,KT,Yangaiya,yangaiya,,inec-cvr|inec-pu-directory-2015
20-16-03,NG021016,KT,Jibia A,jibia-a,,inec-cvr|inec-pu-directory-2015
20-16-04,NG021016,KT,Jibia B,jibia-b,,inec-cvr|inec-pu-directory-2015
20-16-05,NG021016,KT,Mazanya/Magama,mazanya-magama,,inec-cvr|inec-pu-directory-2015
20-16-06,NG021016,KT,G/Baure/Mallamawa,g-baure-mallamawa,,inec-cvr|inec-pu-directory-2015
20-16-07,NG021016,KT,Faru,faru,,inec-cvr|inec-pu-directory-2015
20-16-08,NG021016,KT,Bugaje,bugaje,,inec-cvr|inec-pu-directory-2015
20-16-09,NG021016,KT,Gangara,gangara,,inec-cvr|inec-pu-directory-2015
20-16-10,NG021016,KT,Riko,riko,,inec-cvr|inec-pu-directory-2015
20-16-11,NG021016,KT,Kusa,kusa,,inec-cvr|inec-pu-directory-2015
20-17-01,NG021017,KT,Yartalata/Rigoji,yartalata-rigoji,,inec-cvr|inec-pu-directory-2015
20-17-02,NG021017,KT,Dutsin Kura/Kanya,dutsin-kura-kanya,,inec-cvr|inec-pu-directory-2015
20-17-03,NG021017,KT,Kafur,kafur,,inec-cvr|inec-pu-directory-2015
20-17-04,NG021017,KT,Masari,masari,,inec-cvr|inec-pu-directory-2015
20-17-05,NG021017,KT,Yari Bori,yari-bori,,inec-cvr|inec-pu-directory-2015
20-17-06,NG021017,KT,Sabuwar Kasa,sabuwar-kasa,,inec-cvr|inec-pu-directory-2015
20-17-07,NG021017,KT,Gozaki,gozaki,,inec-cvr|inec-pu-directory-2015
20-17-08,NG021017,KT,Dantutture,dantutture,,inec-cvr|inec-pu-directory-2015
20-17-09,NG021017,KT,Mahuta,mahuta,,inec-cvr|inec-pu-directory-2015
20-17-10,NG021017,KT,Gamzago,gamzago,,inec-cvr|inec-pu-directory-2015
20-18-01,NG021018,KT,Yandaki,yandaki,,inec-cvr|inec-pu-directory-2015
20-18-02,NG021018,KT,Dankaba,dankaba,,inec-cvr|inec-pu-directory-2015
20-18-03,NG021018,KT,Abdallawa,abdallawa,,inec-cvr|inec-pu-directory-2015
20-18-04,NG021018,KT,Baawa,baawa,,inec-cvr|inec-pu-directory-2015
20-18-05,NG021018,KT,Gafiya,gafiya,,inec-cvr|inec-pu-directory-2015
20-18-06,NG021018,KT,Girka,girka,,inec-cvr|inec-pu-directory-2015
20-18-07,NG021018,KT,Kaita,kaita,,inec-cvr|inec-pu-directory-2015
20-18-08,NG021018,KT,Yanhoho,yanhoho,,inec-cvr|inec-pu-directory-2015
20-18-09,NG021018,KT,Dankama,dankama,,inec-cvr|inec-pu-directory-2015
20-18-10,NG021018,KT,Matsai,matsai,,inec-cvr|inec-pu-directory-2015
20-19-01,NG021019,KT,Gatakawa S/Gari/Mabai,gatakawa-s-gari-mabai,,inec-cvr|inec-pu-directory-2015
20-19-02,NG021019,KT,Zango/Zabaro,zango-zabaro,,inec-cvr|inec-pu-directory-2015
20-19-03,NG021019,KT,Pauwa A&b,pauwa-a-b,,inec-cvr|inec-pu-directory-2015
20-19-04,NG021019,KT,Kukasheka,kukasheka,,inec-cvr|inec-pu-directory-2015
20-19-05,NG021019,KT,Hurya,hurya,,inec-cvr|inec-pu-directory-2015
20-19-06,NG021019,KT,Kankara A&b,kankara-a-b,,inec-cvr|inec-pu-directory-2015
20-19-07,NG021019,KT,Garagi,garagi,,inec-cvr|inec-pu-directory-2015
20-19-08,NG021019,KT,Burdugau,burdugau,,inec-cvr|inec-pu-directory-2015
20-19-09,NG021019,KT,Wawar Kaza,wawar-kaza,,inec-cvr|inec-pu-directory-2015
20-19-10,NG021019,KT,Dan Murabu,dan-murabu,,inec-cvr|inec-pu-directory-2015
20-19-11,NG021019,KT,Dan'maidaki,danmaidaki,,inec-cvr|inec-pu-directory-2015
20-20-01,NG021020,KT,Galadima 'A',galadima-a,,inec-cvr|inec-pu-directory-2015
20-20-02,NG021020,KT,Galadima 'B',galadima-b,,inec-cvr|inec-pu-directory-2015
20-20-03,NG021020,KT,Kafinsoli,kafinsoli,,inec-cvr|inec-pu-directory-2015
20-20-04,NG021020,KT,Tafashiya/Nasarawa,tafashiya-nasarawa,,inec-cvr|inec-pu-directory-2015
20-20-05,NG021020,KT,Kunduru/Gyaza,kunduru-gyaza,,inec-cvr|inec-pu-directory-2015
20-20-06,NG021020,KT,Kafin Dangi/Fakuwa,kafin-dangi-fakuwa,,inec-cvr|inec-pu-directory-2015
20-20-07,NG021020,KT,Sukuntuni,sukuntuni,,inec-cvr|inec-pu-directory-2015
20-20-08,NG021020,KT,Rimaye,rimaye,,inec-cvr|inec-pu-directory-2015
20-20-09,NG021020,KT,Gachi,gachi,,inec-cvr|inec-pu-directory-2015
20-20-10,NG021020,KT,Magam/Tsa,magam-tsa,,inec-cvr|inec-pu-directory-2015
20-21-01,NG021021,KT,Wakilin Gabas I,wakilin-gabas-i,,inec-cvr|inec-pu-directory-2015
20-21-02,NG021021,KT,Wakilin Gabas II,wakilin-gabas-ii,,inec-cvr|inec-pu-directory-2015
20-21-03,NG021021,KT,Kangiwa,kangiwa,,inec-cvr|inec-pu-directory-2015
20-21-04,NG021021,KT,Wakilin Yamma I,wakilin-yamma-i,,inec-cvr|inec-pu-directory-2015
20-21-05,NG021021,KT,Wakilin Yamma II,wakilin-yamma-ii,,inec-cvr|inec-pu-directory-2015
20-21-06,NG021021,KT,Wakilin Kudu I,wakilin-kudu-i,,inec-cvr|inec-pu-directory-2015
20-21-07,NG021021,KT,Wakilin Kudu II,wakilin-kudu-ii,,inec-cvr|inec-pu-directory-2015
20-21-08,NG021021,KT,Wakilin Arewa (A),wakilin-arewa-a,,inec-cvr|inec-pu-directory-2015
20-21-09,NG021021,KT,Wakilin Arewa (B),wakilin-arewa-b,,inec-cvr|inec-pu-directory-2015
20-21-10,NG021021,KT,Shinkafi 'A,shinkafi-a,,inec-cvr|inec-pu-directory-2015
20-21-11,NG021021,KT,Shinkafi 'B',shinkafi-b,,inec-cvr|inec-pu-directory-2015
20-21-12,NG021021,KT,Wakili Kudu III,wakili-kudu-iii,,inec-cvr|inec-pu-directory-2015
20-22-01,NG021022,KT,Tsauri 'A',tsauri-a,,inec-cvr|inec-pu-directory-2015
20-22-02,NG021022,KT,Tsauri 'B',tsauri-b,,inec-cvr|inec-pu-directory-2015
20-22-03,NG021022,KT,Kurfi 'A',kurfi-a,,inec-cvr|inec-pu-directory-2015
20-22-04,NG021022,KT,Kurfi 'B',kurfi-b,,inec-cvr|inec-pu-directory-2015
20-22-05,NG021022,KT,Rawayau 'A',rawayau-a,,inec-cvr|inec-pu-directory-2015
20-22-06,NG021022,KT,Rawayau 'B',rawayau-b,,inec-cvr|inec-pu-directory-2015
20-22-07,NG021022,KT,Birchi,birchi,,inec-cvr|inec-pu-directory-2015
20-22-08,NG021022,KT,Barkiyya,barkiyya,,inec-cvr|inec-pu-directory-2015
20-22-09,NG021022,KT,Wurma 'A',wurma-a,,inec-cvr|inec-pu-directory-2015
20-22-10,NG021022,KT,Wurma 'B',wurma-b,,inec-cvr|inec-pu-directory-2015
20-23-01,NG021023,KT,Kusada,kusada,,inec-cvr|inec-pu-directory-2015
20-23-02,NG021023,KT,Dudunni,dudunni,,inec-cvr|inec-pu-directory-2015
20-23-03,NG021023,KT,Kaikai,kaikai,,inec-cvr|inec-pu-directory-2015
20-23-04,NG021023,KT,Mawashi,mawashi,,inec-cvr|inec-pu-directory-2015
20-23-05,NG021023,KT,Boko,boko,,inec-cvr|inec-pu-directory-2015
20-23-06,NG021023,KT,Kofa,kofa,,inec-cvr|inec-pu-directory-2015
20-23-07,NG021023,KT,Bauranya 'A',bauranya-a,,inec-cvr|inec-pu-directory-2015
20-23-08,NG021023,KT,Bauranya 'B',bauranya-b,,inec-cvr|inec-pu-directory-2015
20-23-09,NG021023,KT,Yashe 'A,yashe-a,,inec-cvr|inec-pu-directory-2015
20-23-10,NG021023,KT,Yashe 'B',yashe-b,,inec-cvr|inec-pu-directory-2015
20-24-01,NG021024,KT,Bumbum 'A',bumbum-a,,inec-cvr|inec-pu-directory-2015
20-24-02,NG021024,KT,Bumbum 'B',bumbum-b,,inec-cvr|inec-pu-directory-2015
20-24-03,NG021024,KT,Danyashe,danyashe,,inec-cvr|inec-pu-directory-2015
20-24-04,NG021024,KT,Mai'adua 'A',maiadua-a,,inec-cvr|inec-pu-directory-2015
20-24-05,NG021024,KT,Mai'adua 'B',maiadua-b,,inec-cvr|inec-pu-directory-2015
20-24-06,NG021024,KT,Mai'adua 'C',maiadua-c,,inec-cvr|inec-pu-directory-2015
20-24-07,NG021024,KT,Mai Koni 'A',mai-koni-a,,inec-cvr|inec-pu-directory-2015
20-24-08,NG021024,KT,Mai Koni 'B',mai-koni-b,,inec-cvr|inec-pu-directory-2015
20-24-09,NG021024,KT,Natsalle,natsalle,,inec-cvr|inec-pu-directory-2015
20-24-10,NG021024,KT,Koza,koza,,inec-cvr|inec-pu-directory-2015
20-25-01,NG021025,KT,Malum Fashi 'A',malum-fashi-a,,inec-cvr|inec-pu-directory-2015
20-25-02,NG021025,KT,Malum Fashi 'B',malum-fashi-b,,inec-cvr|inec-pu-directory-2015
20-25-03,NG021025,KT,Yaba,yaba,,inec-cvr|inec-pu-directory-2015
20-25-04,NG021025,KT,Rawan Sanyi,rawan-sanyi,,inec-cvr|inec-pu-directory-2015
20-25-05,NG021025,KT,Karfi,karfi,,inec-cvr|inec-pu-directory-2015
20-25-06,NG021025,KT,Borin Dawa,borin-dawa,,inec-cvr|inec-pu-directory-2015
20-25-07,NG021025,KT,Yarmama,yarmama,,inec-cvr|inec-pu-directory-2015
20-25-08,NG021025,KT,Gorar Dansaka,gorar-dansaka,,inec-cvr|inec-pu-directory-2015
20-25-09,NG021025,KT,Dansarai,dansarai,,inec-cvr|inec-pu-directory-2015
20-25-10,NG021025,KT,Makaurachi,makaurachi,,inec-cvr|inec-pu-directory-2015
20-25-11,NG021025,KT,Dayi,dayi,,inec-cvr|inec-pu-directory-2015
20-25-12,NG021025,KT,Na-Alma,na-alma,,inec-cvr|inec-pu-directory-2015
20-26-01,NG021026,KT,Bujawa/Gewayau,bujawa-gewayau,,inec-cvr|inec-pu-directory-2015
20-26-02,NG021026,KT,Duwan/Makau,duwan-makau,,inec-cvr|inec-pu-directory-2015
20-26-03,NG021026,KT,Mani,mani,,inec-cvr|inec-pu-directory-2015
20-26-04,NG021026,KT,Bagiwa,bagiwa,,inec-cvr|inec-pu-directory-2015
20-26-05,NG021026,KT,Tsagem/Takusheyi,tsagem-takusheyi,,inec-cvr|inec-pu-directory-2015
20-26-06,NG021026,KT,Hamcheta,hamcheta,,inec-cvr|inec-pu-directory-2015
20-26-07,NG021026,KT,Kwatta,kwatta,,inec-cvr|inec-pu-directory-2015
20-26-08,NG021026,KT,Machika,machika,,inec-cvr|inec-pu-directory-2015
20-26-09,NG021026,KT,Muduru,muduru,,inec-cvr|inec-pu-directory-2015
20-26-10,NG021026,KT,Magami,magami,,inec-cvr|inec-pu-directory-2015
20-26-11,NG021026,KT,Jani,jani,,inec-cvr|inec-pu-directory-2015
20-27-01,NG021027,KT,Mashi,mashi,,inec-cvr|inec-pu-directory-2015
20-27-02,NG021027,KT,Jigawa,jigawa,,inec-cvr|inec-pu-directory-2015
20-27-03,NG021027,KT,S/Rijiya,s-rijiya,,inec-cvr|inec-pu-directory-2015
20-27-04,NG021027,KT,Bamble,bamble,,inec-cvr|inec-pu-directory-2015
20-27-05,NG021027,KT,Gallu,gallu,,inec-cvr|inec-pu-directory-2015
20-27-06,NG021027,KT,Sonkaya,sonkaya,,inec-cvr|inec-pu-directory-2015
20-27-07,NG021027,KT,Doguru 'A',doguru-a,,inec-cvr|inec-pu-directory-2015
20-27-08,NG021027,KT,Doguru 'B',doguru-b,,inec-cvr|inec-pu-directory-2015
20-27-09,NG021027,KT,Karau,karau,,inec-cvr|inec-pu-directory-2015
20-27-10,NG021027,KT,Tamilo 'A',tamilo-a,,inec-cvr|inec-pu-directory-2015
20-27-11,NG021027,KT,Tamilo 'B',tamilo-b,,inec-cvr|inec-pu-directory-2015
20-28-01,NG021028,KT,Matazu 'A,matazu-a,,inec-cvr|inec-pu-directory-2015
20-28-02,NG021028,KT,Matazu 'B',matazu-b,,inec-cvr|inec-pu-directory-2015
20-28-03,NG021028,KT,Mazoji 'A',mazoji-a,,inec-cvr|inec-pu-directory-2015
20-28-04,NG021028,KT,Mazoji 'B',mazoji-b,,inec-cvr|inec-pu-directory-2015
20-28-05,NG021028,KT,Sayaya,sayaya,,inec-cvr|inec-pu-directory-2015
20-28-06,NG021028,KT,Kogari,kogari,,inec-cvr|inec-pu-directory-2015
20-28-07,NG021028,KT,Gwarjo,gwarjo,,inec-cvr|inec-pu-directory-2015
20-28-08,NG021028,KT,Karaduwa,karaduwa,,inec-cvr|inec-pu-directory-2015
20-28-09,NG021028,KT,Dissi,dissi,,inec-cvr|inec-pu-directory-2015
20-28-10,NG021028,KT,Rinjin Idi,rinjin-idi,,inec-cvr|inec-pu-directory-2015
20-29-01,NG021029,KT,Musawa,musawa,,inec-cvr|inec-pu-directory-2015
20-29-02,NG021029,KT,Jikamshi,jikamshi,,inec-cvr|inec-pu-directory-2015
20-29-03,NG021029,KT,Danjanku/Karachi,danjanku-karachi,,inec-cvr|inec-pu-directory-2015
20-29-04,NG021029,KT,Kira,kira,,inec-cvr|inec-pu-directory-2015
20-29-05,NG021029,KT,Yaradau/Tabanni,yaradau-tabanni,,inec-cvr|inec-pu-directory-2015
20-29-06,NG021029,KT,Tuge,tuge,,inec-cvr|inec-pu-directory-2015
20-29-07,NG021029,KT,Gingin,gingin,,inec-cvr|inec-pu-directory-2015
20-29-08,NG021029,KT,Kurkujan 'A',kurkujan-a,,inec-cvr|inec-pu-directory-2015
20-29-09,NG021029,KT,Dangani,dangani,,inec-cvr|inec-pu-directory-2015
20-29-10,NG021029,KT,Garu,garu,,inec-cvr|inec-pu-directory-2015
20-29-11,NG021029,KT,Kurkujan 'B',kurkujan-b,,inec-cvr|inec-pu-directory-2015
20-30-01,NG021030,KT,Rimi,rimi,,inec-cvr|inec-pu-directory-2015
20-30-02,NG021030,KT,Abukur,abukur,,inec-cvr|inec-pu-directory-2015
20-30-03,NG021030,KT,Majengobir,majengobir,,inec-cvr|inec-pu-directory-2015
20-30-04,NG021030,KT,Remawa/Iyatawa,remawa-iyatawa,,inec-cvr|inec-pu-directory-2015
20-30-05,NG021030,KT,Kadandani,kadandani,,inec-cvr|inec-pu-directory-2015
20-30-06,NG021030,KT,Sabon Garin/Alarain,sabon-garin-alarain,,inec-cvr|inec-pu-directory-2015
20-30-07,NG021030,KT,Tsagero,tsagero,,inec-cvr|inec-pu-directory-2015
20-30-08,NG021030,KT,Fardami,fardami,,inec-cvr|inec-pu-directory-2015
20-30-09,NG021030,KT,Makurda,makurda,,inec-cvr|inec-pu-directory-2015
20-30-10,NG021030,KT,Masabo/Kurabau,masabo-kurabau,,inec-cvr|inec-pu-directory-2015
20-31-01,NG021031,KT,Sabuwa 'A',sabuwa-a,,inec-cvr|inec-pu-directory-2015
20-31-02,NG021031,KT,Sabuwa 'B',sabuwa-b,,inec-cvr|inec-pu-directory-2015
20-31-03,NG021031,KT,Gazari,gazari,,inec-cvr|inec-pu-directory-2015
20-31-04,NG021031,KT,Maibakko,maibakko,,inec-cvr|inec-pu-directory-2015
20-31-05,NG021031,KT,Damari,damari,,inec-cvr|inec-pu-directory-2015
20-31-06,NG021031,KT,Machika,machika,,inec-cvr|inec-pu-directory-2015
20-31-07,NG021031,KT,Dugun Mu'azu,dugun-muazu,,inec-cvr|inec-pu-directory-2015
20-31-08,NG021031,KT,Gamji,gamji,,inec-cvr|inec-pu-directory-2015
20-31-09,NG021031,KT,Rafin Iwa,rafin-iwa,,inec-cvr|inec-pu-directory-2015
20-31-10,NG021031,KT,Sayau,sayau,,inec-cvr|inec-pu-directory-2015
20-32-01,NG021032,KT,Safana,safana,,inec-cvr|inec-pu-directory-2015
20-32-02,NG021032,KT,Tsaskiya,tsaskiya,,inec-cvr|inec-pu-directory-2015
20-32-03,NG021032,KT,Runka 'A',runka-a,,inec-cvr|inec-pu-directory-2015
20-32-04,NG021032,KT,Babban Duhu 'A',babban-duhu-a,,inec-cvr|inec-pu-directory-2015
20-32-05,NG021032,KT,Babban Duhu 'B',babban-duhu-b,,inec-cvr|inec-pu-directory-2015
20-32-06,NG021032,KT,Runka 'B',runka-b,,inec-cvr|inec-pu-directory-2015
20-32-07,NG021032,KT,Zakka 'A',zakka-a,,inec-cvr|inec-pu-directory-2015
20-32-08,NG021032,KT,Zakka 'B',zakka-b,,inec-cvr|inec-pu-directory-2015
20-32-09,NG021032,KT,Baure 'A',baure-a,,inec-cvr|inec-pu-directory-2015
20-32-10,NG021032,KT,Baure 'B',baure-b,,inec-cvr|inec-pu-directory-2015
20-33-01,NG021033,KT,Sandamu,sandamu,,inec-cvr|inec-pu-directory-2015
20-33-02,NG021033,KT,Karkarku,karkarku,,inec-cvr|inec-pu-directory-2015
20-33-03,NG021033,KT,Kwasarawa,kwasarawa,,inec-cvr|inec-pu-directory-2015
20-33-04,NG021033,KT,Daneji 'A',daneji-a,,inec-cvr|inec-pu-directory-2015
20-33-05,NG021033,KT,Daneji 'B',daneji-b,,inec-cvr|inec-pu-directory-2015
20-33-06,NG021033,KT,Fago 'A',fago-a,,inec-cvr|inec-pu-directory-2015
20-33-07,NG021033,KT,Fago 'B',fago-b,,inec-cvr|inec-pu-directory-2015
20-33-08,NG021033,KT,Rade 'A',rade-a,,inec-cvr|inec-pu-directory-2015
20-33-09,NG021033,KT,Rade 'B',rade-b,,inec-cvr|inec-pu-directory-2015
20-33-10,NG021033,KT,Katsayal,katsayal,,inec-cvr|inec-pu-directory-2015
20-33-11,NG021033,KT,Kagare,kagare,,inec-cvr|inec-pu-directory-2015
20-34-01,NG021034,KT,Yardaje,yardaje,,inec-cvr|inec-pu-directory-2015
20-34-02,NG021034,KT,Kanda,kanda,,inec-cvr|inec-pu-directory-2015
20-34-03,NG021034,KT,Zango,zango,,inec-cvr|inec-pu-directory-2015
20-34-04,NG021034,KT,Sara,sara,,inec-cvr|inec-pu-directory-2015
20-34-05,NG021034,KT,Dargage,dargage,,inec-cvr|inec-pu-directory-2015
20-34-06,NG021034,KT,Rogogo/Cidari,rogogo-cidari,,inec-cvr|inec-pu-directory-2015
20-34-07,NG021034,KT,Garni,garni,,inec-cvr|inec-pu-directory-2015
20-34-08,NG021034,KT,Gwamba,gwamba,,inec-cvr|inec-pu-directory-2015
20-34-09,NG021034,KT,Kawarin Kudi,kawarin-kudi,,inec-cvr|inec-pu-directory-2015
20-34-10,NG021034,KT,Kawarin Malawamai,kawarin-malawamai,,inec-cvr|inec-pu-directory-2015
21-01-01,NG022001,KE,Aliero Dangaladima I,aliero-dangaladima-i,,inec-cvr|inec-pu-directory-2015
21-01-02,NG022001,KE,Aliero Dangaladima II,aliero-dangaladima-ii,,inec-cvr|inec-pu-directory-2015
21-01-03,NG022001,KE,Aliero S/Fada I,aliero-s-fada-i,,inec-cvr|inec-pu-directory-2015
21-01-04,NG022001,KE,Aliero S/Fada II,aliero-s-fada-ii,,inec-cvr|inec-pu-directory-2015
21-01-05,NG022001,KE,Danwarai,danwarai,,inec-cvr|inec-pu-directory-2015
21-01-06,NG022001,KE,Jiga Birni,jiga-birni,,inec-cvr|inec-pu-directory-2015
21-01-07,NG022001,KE,Jiga Makera,jiga-makera,,inec-cvr|inec-pu-directory-2015
21-01-08,NG022001,KE,Kashin Zama,kashin-zama,,inec-cvr|inec-pu-directory-2015
21-01-09,NG022001,KE,Rafin Bauna,rafin-bauna,,inec-cvr|inec-pu-directory-2015
21-01-10,NG022001,KE,Sabiyal,sabiyal,,inec-cvr|inec-pu-directory-2015
21-02-01,NG022002,KE,Bui,bui,Biu,inec-cvr|inec-pu-directory-2015
21-02-02,NG022002,KE,Chibike,chibike,,inec-cvr|inec-pu-directory-2015
21-02-03,NG022002,KE,Daura/Sakkwabe/Jarkuka,daura-sakkwabe-jarkuka,,inec-cvr|inec-pu-directory-2015
21-02-04,NG022002,KE,Gorun Dikko,gorun-dikko,,inec-cvr|inec-pu-directory-2015
21-02-05,NG022002,KE,Falde,falde,,inec-cvr|inec-pu-directory-2015
21-02-06,NG022002,KE,Feske/Jaffeji,feske-jaffeji,,inec-cvr|inec-pu-directory-2015
21-02-07,NG022002,KE,Gumumdai/Rafin Tsaka,gumumdai-rafin-tsaka,,inec-cvr|inec-pu-directory-2015
21-02-08,NG022002,KE,Kangiwa,kangiwa,,inec-cvr|inec-pu-directory-2015
21-02-09,NG022002,KE,Laima/Jantullu,laima-jantullu,,inec-cvr|inec-pu-directory-2015
21-02-10,NG022002,KE,Sarka/Dantsoho,sarka-dantsoho,,inec-cvr|inec-pu-directory-2015
21-02-11,NG022002,KE,Yeldu,yeldu,,inec-cvr|inec-pu-directory-2015
21-03-01,NG022003,KE,Alwasa/Gotomo,alwasa-gotomo,,inec-cvr|inec-pu-directory-2015
21-03-02,NG022003,KE,Dikko,dikko,,inec-cvr|inec-pu-directory-2015
21-03-03,NG022003,KE,Felande,felande,,inec-cvr|inec-pu-directory-2015
21-03-04,NG022003,KE,Galadima,galadima,,inec-cvr|inec-pu-directory-2015
21-03-05,NG022003,KE,Gulma,gulma,,inec-cvr|inec-pu-directory-2015
21-03-06,NG022003,KE,Gwazange/Kisawa/U Gyaga,gwazange-kisawa-u-gyaga,,inec-cvr|inec-pu-directory-2015
21-03-07,NG022003,KE,Kokani North,kokani-north,,inec-cvr|inec-pu-directory-2015
21-03-08,NG022003,KE,Kokani South,kokani-south,,inec-cvr|inec-pu-directory-2015
21-03-09,NG022003,KE,Lailaba,lailaba,,inec-cvr|inec-pu-directory-2015
21-03-10,NG022003,KE,Sauwa/Kaurar Sani,sauwa-kaurar-sani,,inec-cvr|inec-pu-directory-2015
21-03-11,NG022003,KE,Tungar Zazzagawa/Rumbuki/Sarkawa,tungar-zazzagawa-rumbuki-sarkawa,,inec-cvr|inec-pu-directory-2015
21-04-01,NG022004,KE,Augie North,augie-north,,inec-cvr|inec-pu-directory-2015
21-04-02,NG022004,KE,Augie South,augie-south,,inec-cvr|inec-pu-directory-2015
21-04-03,NG022004,KE,Bagaye/Mera,bagaye-mera,,inec-cvr|inec-pu-directory-2015
21-04-04,NG022004,KE,Bayawa North,bayawa-north,,inec-cvr|inec-pu-directory-2015
21-04-05,NG022004,KE,Bayawa South,bayawa-south,,inec-cvr|inec-pu-directory-2015
21-04-06,NG022004,KE,Birnin Tudu/Gudale,birnin-tudu-gudale,,inec-cvr|inec-pu-directory-2015
21-04-07,NG022004,KE,Bubuce,bubuce,,inec-cvr|inec-pu-directory-2015
21-04-08,NG022004,KE,Dundaye/Kwaido/Zagi/Illela,dundaye-kwaido-zagi-illela,,inec-cvr|inec-pu-directory-2015
21-04-09,NG022004,KE,Tiggi/Awade,tiggi-awade,,inec-cvr|inec-pu-directory-2015
21-04-10,NG022004,KE,Yola,yola,,inec-cvr|inec-pu-directory-2015
21-05-01,NG022005,KE,Bagudo/Tuga,bagudo-tuga,,inec-cvr|inec-pu-directory-2015
21-05-02,NG022005,KE,Bahindi/Boki-Doma,bahindi-boki-doma,,inec-cvr|inec-pu-directory-2015
21-05-03,NG022005,KE,Bani/Tsamiya/Kali,bani-tsamiya-kali,,inec-cvr|inec-pu-directory-2015
21-05-04,NG022005,KE,Illo/Sabon/Gari/Yantau,illo-sabon-gari-yantau,,inec-cvr|inec-pu-directory-2015
21-05-05,NG022005,KE,Kaoje/Gwamba,kaoje-gwamba,,inec-cvr|inec-pu-directory-2015
21-05-06,NG022005,KE,Kende/Kurgu,kende-kurgu,,inec-cvr|inec-pu-directory-2015
21-05-07,NG022005,KE,Lafagu/Gante,lafagu-gante,,inec-cvr|inec-pu-directory-2015
21-05-08,NG022005,KE,Lolo/Giris,lolo-giris,,inec-cvr|inec-pu-directory-2015
21-05-09,NG022005,KE,Matsinka/Geza,matsinka-geza,,inec-cvr|inec-pu-directory-2015
21-05-10,NG022005,KE,Sharabi/Kwanguwai,sharabi-kwanguwai,,inec-cvr|inec-pu-directory-2015
21-05-11,NG022005,KE,Zagga/Kwasara,zagga-kwasara,,inec-cvr|inec-pu-directory-2015
21-06-01,NG022006,KE,Nassarawa-I,nassarawa-i,,inec-cvr|inec-pu-directory-2015
21-06-02,NG022006,KE,Nassarawa II,nassarawa-ii,,inec-cvr|inec-pu-directory-2015
21-06-03,NG022006,KE,Birnin Kebbi Marafa,birnin-kebbi-marafa,Birnin Kebbi Mafara,inec-cvr|inec-pu-directory-2015
21-06-04,NG022006,KE,Birnin Kebbi Dangaladima,birnin-kebbi-dangaladima,,inec-cvr|inec-pu-directory-2015
21-06-05,NG022006,KE,Kola/Tarasa,kola-tarasa,,inec-cvr|inec-pu-directory-2015
21-06-06,NG022006,KE,Makera,makera,,inec-cvr|inec-pu-directory-2015
21-06-07,NG022006,KE,Maurida/Karyo/Ung. Mijin-Nana,maurida-karyo-ung-mijin-nana,,inec-cvr|inec-pu-directory-2015
21-06-08,NG022006,KE,Gwadangaji,gwadangaji,Godongaji,inec-cvr|inec-pu-directory-2015
21-06-09,NG022006,KE,Zauro,zauro,,inec-cvr|inec-pu-directory-2015
21-06-10,NG022006,KE,Gawasu,gawasu,,inec-cvr|inec-pu-directory-2015
21-06-11,NG022006,KE,Kardi/Yamama,kardi-yamama,,inec-cvr|inec-pu-directory-2015
21-06-12,NG022006,KE,Lagga,lagga,Laga,inec-cvr|inec-pu-directory-2015
21-06-13,NG022006,KE,Gulumbe,gulumbe,,inec-cvr|inec-pu-directory-2015
21-06-14,NG022006,KE,Ambursa,ambursa,,inec-cvr|inec-pu-directory-2015
21-06-15,NG022006,KE,Ujariyo,ujariyo,,inec-cvr|inec-pu-directory-2015
21-07-01,NG022007,KE,Bunza Marafa,bunza-marafa,,inec-cvr|inec-pu-directory-2015
21-07-02,NG022007,KE,Bunza Dangaladima,bunza-dangaladima,,inec-cvr|inec-pu-directory-2015
21-07-03,NG022007,KE,Gwade,gwade,,inec-cvr|inec-pu-directory-2015
21-07-04,NG022007,KE,Maidahini,maidahini,,inec-cvr|inec-pu-directory-2015
21-07-05,NG022007,KE,Raha,raha,,inec-cvr|inec-pu-directory-2015
21-07-06,NG022007,KE,Sabon Birni,sabon-birni,,inec-cvr|inec-pu-directory-2015
21-07-07,NG022007,KE,Salwai,salwai,,inec-cvr|inec-pu-directory-2015
21-07-08,NG022007,KE,Tilli/Hilema,tilli-hilema,,inec-cvr|inec-pu-directory-2015
21-07-09,NG022007,KE,Tunga,tunga,,inec-cvr|inec-pu-directory-2015
21-07-10,NG022007,KE,Zogrima,zogrima,,inec-cvr|inec-pu-directory-2015
21-08-01,NG022008,KE,Bani Zumbu,bani-zumbu,,inec-cvr|inec-pu-directory-2015
21-08-02,NG022008,KE,Buma,buma,,inec-cvr|inec-pu-directory-2015
21-08-03,NG022008,KE,Dolekaina,dolekaina,,inec-cvr|inec-pu-directory-2015
21-08-04,NG022008,KE,Fana,fana,,inec-cvr|inec-pu-directory-2015
21-08-05,NG022008,KE,Maihausawa,maihausawa,,inec-cvr|inec-pu-directory-2015
21-08-06,NG022008,KE,Kyangakwai,kyangakwai,,inec-cvr|inec-pu-directory-2015
21-08-07,NG022008,KE,Geza,geza,,inec-cvr|inec-pu-directory-2015
21-08-08,NG022008,KE,Kamba/Kamba,kamba-kamba,,inec-cvr|inec-pu-directory-2015
21-08-09,NG022008,KE,Kwakkwaba,kwakkwaba,,inec-cvr|inec-pu-directory-2015
21-08-10,NG022008,KE,Maigwaza,maigwaza,,inec-cvr|inec-pu-directory-2015
21-08-11,NG022008,KE,Shiko,shiko,,inec-cvr|inec-pu-directory-2015
21-09-01,NG022009,KE,Bajida,bajida,,inec-cvr|inec-pu-directory-2015
21-09-02,NG022009,KE,Bangu/Garinisa,bangu-garinisa,,inec-cvr|inec-pu-directory-2015
21-09-03,NG022009,KE,Birnin Tudu,birnin-tudu,,inec-cvr|inec-pu-directory-2015
21-09-04,NG022009,KE,Mahuta,mahuta,,inec-cvr|inec-pu-directory-2015
21-09-05,NG022009,KE,Gulbin Kuka/Maijarhula,gulbin-kuka-maijarhula,,inec-cvr|inec-pu-directory-2015
21-09-06,NG022009,KE,Inga(Bulu) Maikende,inga-bulu-maikende,,inec-cvr|inec-pu-directory-2015
21-09-07,NG022009,KE,Kangi,kangi,,inec-cvr|inec-pu-directory-2015
21-09-08,NG022009,KE,Fakai/Zussun,fakai-zussun,,inec-cvr|inec-pu-directory-2015
21-09-09,NG022009,KE,Marafa,marafa,,inec-cvr|inec-pu-directory-2015
21-09-10,NG022009,KE,Penin Amana/Penin Gaba,penin-amana-penin-gaba,,inec-cvr|inec-pu-directory-2015
21-10-01,NG022010,KE,Cheberu/Bada,cheberu-bada,,inec-cvr|inec-pu-directory-2015
21-10-02,NG022010,KE,Dalijan,dalijan,,inec-cvr|inec-pu-directory-2015
21-10-03,NG022010,KE,Dodoru,dodoru,,inec-cvr|inec-pu-directory-2015
21-10-04,NG022010,KE,Gulmare,gulmare,,inec-cvr|inec-pu-directory-2015
21-10-05,NG022010,KE,Gwandu Marafa,gwandu-marafa,,inec-cvr|inec-pu-directory-2015
21-10-06,NG022010,KE,Gwandu Sarkin Fawa,gwandu-sarkin-fawa,,inec-cvr|inec-pu-directory-2015
21-10-07,NG022010,KE,Kambaza,kambaza,,inec-cvr|inec-pu-directory-2015
21-10-08,NG022010,KE,Maruda,maruda,,inec-cvr|inec-pu-directory-2015
21-10-09,NG022010,KE,Malisa,malisa,,inec-cvr|inec-pu-directory-2015
21-10-10,NG022010,KE,Masama Kwasgara,masama-kwasgara,,inec-cvr|inec-pu-directory-2015
21-11-01,NG022011,KE,Alelu/Gehuru,alelu-gehuru,,inec-cvr|inec-pu-directory-2015
21-11-02,NG022011,KE,Dangamaji,dangamaji,,inec-cvr|inec-pu-directory-2015
21-11-03,NG022011,KE,Dunbegu/Bausara,dunbegu-bausara,,inec-cvr|inec-pu-directory-2015
21-11-04,NG022011,KE,Gindi/Nassarawa/Kyarmi/Galbi,gindi-nassarawa-kyarmi-galbi,,inec-cvr|inec-pu-directory-2015
21-11-05,NG022011,KE,Jandutsi/Birnin Malam,jandutsi-birnin-malam,,inec-cvr|inec-pu-directory-2015
21-11-06,NG022011,KE,Jega Firchin,jega-firchin,,inec-cvr|inec-pu-directory-2015
21-11-07,NG022011,KE,Jega Kokani,jega-kokani,,inec-cvr|inec-pu-directory-2015
21-11-08,NG022011,KE,Jega Magaji 'B',jega-magaji-b,,inec-cvr|inec-pu-directory-2015
21-11-09,NG022011,KE,Jega Magaji 'A',jega-magaji-a,,inec-cvr|inec-pu-directory-2015
21-11-10,NG022011,KE,Katanga/Fagada,katanga-fagada,,inec-cvr|inec-pu-directory-2015
21-11-11,NG022011,KE,Kimba,kimba,,inec-cvr|inec-pu-directory-2015
21-12-01,NG022012,KE,Badariya/Magarza,badariya-magarza,,inec-cvr|inec-pu-directory-2015
21-12-02,NG022012,KE,Dangoma/Gayi,dangoma-gayi,,inec-cvr|inec-pu-directory-2015
21-12-03,NG022012,KE,Diggi,diggi,,inec-cvr|inec-pu-directory-2015
21-12-04,NG022012,KE,Etene,etene,,inec-cvr|inec-pu-directory-2015
21-12-05,NG022012,KE,Kalgo,kalgo,,inec-cvr|inec-pu-directory-2015
21-12-06,NG022012,KE,Kuka,kuka,,inec-cvr|inec-pu-directory-2015
21-12-07,NG022012,KE,Mutubari,mutubari,,inec-cvr|inec-pu-directory-2015
21-12-08,NG022012,KE,Nayilwa,nayilwa,,inec-cvr|inec-pu-directory-2015
21-12-09,NG022012,KE,Wurogauri,wurogauri,,inec-cvr|inec-pu-directory-2015
21-12-10,NG022012,KE,Zuguru,zuguru,,inec-cvr|inec-pu-directory-2015
21-13-01,NG022013,KE,Koko Magaji,koko-magaji,,inec-cvr|inec-pu-directory-2015
21-13-02,NG022013,KE,Illela/S/Gari,illela-s-gari,,inec-cvr|inec-pu-directory-2015
21-13-03,NG022013,KE,Koko Fircin,koko-fircin,,inec-cvr|inec-pu-directory-2015
21-13-04,NG022013,KE,Dada/Alelu,dada-alelu,,inec-cvr|inec-pu-directory-2015
21-13-05,NG022013,KE,Jadadi,jadadi,,inec-cvr|inec-pu-directory-2015
21-13-06,NG022013,KE,Lani/Manyan/Tafukka/Shiba,lani-manyan-tafukka-shiba,,inec-cvr|inec-pu-directory-2015
21-13-07,NG022013,KE,Besse,besse,,inec-cvr|inec-pu-directory-2015
21-13-08,NG022013,KE,Takware,takware,,inec-cvr|inec-pu-directory-2015
21-13-09,NG022013,KE,Dutsin Mari/Dulmeru,dutsin-mari-dulmeru,,inec-cvr|inec-pu-directory-2015
21-13-10,NG022013,KE,Zariya Kalakala/Amiru,zariya-kalakala-amiru,,inec-cvr|inec-pu-directory-2015
21-13-11,NG022013,KE,Madacci/Firini,madacci-firini,,inec-cvr|inec-pu-directory-2015
21-13-12,NG022013,KE,Maikwari/Karamar/Damba/Bakoshi,maikwari-karamar-damba-bakoshi,,inec-cvr|inec-pu-directory-2015
21-14-01,NG022014,KE,Andarai/Kurunkudu/Zugun Liba,andarai-kurunkudu-zugun-liba,Andarai/Kurunkwu/Zongun Liba,inec-cvr|inec-pu-directory-2015
21-14-02,NG022014,KE,Giwa Tazo/Zara,giwa-tazo-zara,,inec-cvr|inec-pu-directory-2015
21-14-03,NG022014,KE,Gumbin Kure,gumbin-kure,,inec-cvr|inec-pu-directory-2015
21-14-04,NG022014,KE,Karaye/Dogondaji,karaye-dogondaji,,inec-cvr|inec-pu-directory-2015
21-14-05,NG022014,KE,Kawara/S/Sara/Yarkamba,kawara-s-sara-yarkamba,,inec-cvr|inec-pu-directory-2015
21-14-06,NG022014,KE,Kuberi/Gidiga,kuberi-gidiga,Kuben Rigidiga,inec-cvr|inec-pu-directory-2015
21-14-07,NG022014,KE,Liba/Danwa/Kuka Kogo,liba-danwa-kuka-kogo,,inec-cvr|inec-pu-directory-2015
21-14-08,NG022014,KE,Maiyama,maiyama,,inec-cvr|inec-pu-directory-2015
21-14-09,NG022014,KE,Mungadi/Botoro,mungadi-botoro,,inec-cvr|inec-pu-directory-2015
21-14-10,NG022014,KE,Sambawa/Mayalo,sambawa-mayalo,,inec-cvr|inec-pu-directory-2015
21-14-11,NG022014,KE,Sarandosa/Gubba,sarandosa-gubba,,inec-cvr|inec-pu-directory-2015
21-15-01,NG022015,KE,Birnin Yauri,birnin-yauri,,inec-cvr|inec-pu-directory-2015
21-15-02,NG022015,KE,Gafara Machupa,gafara-machupa,,inec-cvr|inec-pu-directory-2015
21-15-03,NG022015,KE,Garin Baka/Makarin,garin-baka-makarin,,inec-cvr|inec-pu-directory-2015
21-15-04,NG022015,KE,Kwakwaran,kwakwaran,,inec-cvr|inec-pu-directory-2015
21-15-05,NG022015,KE,Libata/Kwangia,libata-kwangia,,inec-cvr|inec-pu-directory-2015
21-15-06,NG022015,KE,Kambuwa/Danmaraya,kambuwa-danmaraya,,inec-cvr|inec-pu-directory-2015
21-15-07,NG022015,KE,Makawa Uleira,makawa-uleira,,inec-cvr|inec-pu-directory-2015
21-15-08,NG022015,KE,Ngaski,ngaski,,inec-cvr|inec-pu-directory-2015
21-15-09,NG022015,KE,Utono/Hoge,utono-hoge,,inec-cvr|inec-pu-directory-2015
21-15-10,NG022015,KE,Wara,wara,,inec-cvr|inec-pu-directory-2015
21-16-01,NG022016,KE,Adai,adai,,inec-cvr|inec-pu-directory-2015
21-16-02,NG022016,KE,Dankolo,dankolo,,inec-cvr|inec-pu-directory-2015
21-16-03,NG022016,KE,Doka/Bere,doka-bere,,inec-cvr|inec-pu-directory-2015
21-16-04,NG022016,KE,Gelwasa,gelwasa,,inec-cvr|inec-pu-directory-2015
21-16-05,NG022016,KE,Janbirni,janbirni,,inec-cvr|inec-pu-directory-2015
21-16-06,NG022016,KE,Maza/Maza,maza-maza,,inec-cvr|inec-pu-directory-2015
21-16-07,NG022016,KE,Makuku,makuku,,inec-cvr|inec-pu-directory-2015
21-16-08,NG022016,KE,Sakaba,sakaba,,inec-cvr|inec-pu-directory-2015
21-16-09,NG022016,KE,Tudun Kuka,tudun-kuka,,inec-cvr|inec-pu-directory-2015
21-16-10,NG022016,KE,Fada,fada,,inec-cvr|inec-pu-directory-2015
21-17-01,NG022017,KE,Atuwo,atuwo,,inec-cvr|inec-pu-directory-2015
21-17-02,NG022017,KE,Binuwa/Gebbe/Bukunji,binuwa-gebbe-bukunji,Binuwa/Gebe/Bunkuji,inec-cvr|inec-pu-directory-2015
21-17-03,NG022017,KE,Dugu Tsoho/Dugu Raha,dugu-tsoho-dugu-raha,,inec-cvr|inec-pu-directory-2015
21-17-04,NG022017,KE,Kawara/Ingu/Sargo,kawara-ingu-sargo,,inec-cvr|inec-pu-directory-2015
21-17-05,NG022017,KE,Rafin Kirya/Tafki Tara,rafin-kirya-tafki-tara,Rafin Kirya/Tefki Tara,inec-cvr|inec-pu-directory-2015
21-17-06,NG022017,KE,Sakace/Golongo/Hundeji,sakace-golongo-hundeji,Sokage/Golongo/Hundeji,inec-cvr|inec-pu-directory-2015
21-17-07,NG022017,KE,Sawashi,sawashi,,inec-cvr|inec-pu-directory-2015
21-17-08,NG022017,KE,Shanga,shanga,,inec-cvr|inec-pu-directory-2015
21-17-09,NG022017,KE,Takware,takware,,inec-cvr|inec-pu-directory-2015
21-17-10,NG022017,KE,Yarbesse,yarbesse,,inec-cvr|inec-pu-directory-2015
21-18-01,NG022018,KE,Aljannare,aljannare,,inec-cvr|inec-pu-directory-2015
21-18-02,NG022018,KE,Bandan,bandan,,inec-cvr|inec-pu-directory-2015
21-18-03,NG022018,KE,Barbarejo,barbarejo,,inec-cvr|inec-pu-directory-2015
21-18-04,NG022018,KE,Bakuwai,bakuwai,,inec-cvr|inec-pu-directory-2015
21-18-05,NG022018,KE,Dakingari,dakingari,,inec-cvr|inec-pu-directory-2015
21-18-06,NG022018,KE,Dandane,dandane,Dendane,inec-cvr|inec-pu-directory-2015
21-18-07,NG022018,KE,Daniya/Shema,daniya-shema,,inec-cvr|inec-pu-directory-2015
21-18-08,NG022018,KE,Ginga,ginga,,inec-cvr|inec-pu-directory-2015
21-18-09,NG022018,KE,Giro,giro,,inec-cvr|inec-pu-directory-2015
21-18-10,NG022018,KE,Kwaifa,kwaifa,,inec-cvr|inec-pu-directory-2015
21-18-11,NG022018,KE,Suru,suru,,inec-cvr|inec-pu-directory-2015
21-19-01,NG022019,KE,Ayu,ayu,,inec-cvr|inec-pu-directory-2015
21-19-02,NG022019,KE,Bena,bena,,inec-cvr|inec-pu-directory-2015
21-19-03,NG022019,KE,Dan Umaru/Mairairai,dan-umaru-mairairai,,inec-cvr|inec-pu-directory-2015
21-19-04,NG022019,KE,Danko/Maga,danko-maga,,inec-cvr|inec-pu-directory-2015
21-19-05,NG022019,KE,Kanya,kanya,,inec-cvr|inec-pu-directory-2015
21-19-06,NG022019,KE,Kyabu/Kandu,kyabu-kandu,,inec-cvr|inec-pu-directory-2015
21-19-07,NG022019,KE,Ribah/Machika,ribah-machika,,inec-cvr|inec-pu-directory-2015
21-19-08,NG022019,KE,Waje,waje,,inec-cvr|inec-pu-directory-2015
21-19-09,NG022019,KE,Wasagu,wasagu,,inec-cvr|inec-pu-directory-2015
21-19-10,NG022019,KE,Yalmo/Shindi,yalmo-shindi,,inec-cvr|inec-pu-directory-2015
21-19-11,NG022019,KE,Gwanfi/Kele,gwanfi-kele,,inec-cvr|inec-pu-directory-2015
21-20-01,NG022020,KE,Chulu/Koma,chulu-koma,,inec-cvr|inec-pu-directory-2015
21-20-02,NG022020,KE,Gungun Sarki,gungun-sarki,,inec-cvr|inec-pu-directory-2015
21-20-03,NG022020,KE,Jijima,jijima,,inec-cvr|inec-pu-directory-2015
21-20-04,NG022020,KE,Tondi,tondi,,inec-cvr|inec-pu-directory-2015
21-20-05,NG022020,KE,Yelwa Central,yelwa-central,,inec-cvr|inec-pu-directory-2015
21-20-06,NG022020,KE,Yelwa East,yelwa-east,,inec-cvr|inec-pu-directory-2015
21-20-07,NG022020,KE,Yelwa North,yelwa-north,,inec-cvr|inec-pu-directory-2015
21-20-08,NG022020,KE,Yelwa South,yelwa-south,,inec-cvr|inec-pu-directory-2015
21-20-09,NG022020,KE,Yelwa West,yelwa-west,,inec-cvr|inec-pu-directory-2015
21-20-10,NG022020,KE,Zamare,zamare,,inec-cvr|inec-pu-directory-2015
21-21-01,NG022021,KE,Bedi,bedi,,inec-cvr|inec-pu-directory-2015
21-21-02,NG022021,KE,Ciroman Dabai,ciroman-dabai,,inec-cvr|inec-pu-directory-2015
21-21-03,NG022021,KE,Isgogo/Dago,isgogo-dago,,inec-cvr|inec-pu-directory-2015
21-21-04,NG022021,KE,Manga/Ushe,manga-ushe,,inec-cvr|inec-pu-directory-2015
21-21-05,NG022021,KE,Rafin Zuru,rafin-zuru,,inec-cvr|inec-pu-directory-2015
21-21-06,NG022021,KE,Rikoto,rikoto,,inec-cvr|inec-pu-directory-2015
21-21-07,NG022021,KE,Rumu/Daben/Seme,rumu-daben-seme,,inec-cvr|inec-pu-directory-2015
21-21-08,NG022021,KE,Senchi,senchi,,inec-cvr|inec-pu-directory-2015
21-21-09,NG022021,KE,Tadurga,tadurga,,inec-cvr|inec-pu-directory-2015
21-21-10,NG022021,KE,Zodi,zodi,,inec-cvr|inec-pu-directory-2015
22-01-01,NG023001,KO,Okunchi/Ozuri/Onieka,okunchi-ozuri-onieka,,inec-cvr|inec-pu-directory-2015
22-01-02,NG023001,KO,Ogaminana,ogaminana,,inec-cvr|inec-pu-directory-2015
22-01-03,NG023001,KO,Iruvucheba,iruvucheba,,inec-cvr|inec-pu-directory-2015
22-01-04,NG023001,KO,Idanuhua,idanuhua,,inec-cvr|inec-pu-directory-2015
22-01-05,NG023001,KO,Adavi-Eba,adavi-eba,,inec-cvr|inec-pu-directory-2015
22-01-06,NG023001,KO,Kuroko I,kuroko-i,,inec-cvr|inec-pu-directory-2015
22-01-07,NG023001,KO,Kuroko II,kuroko-ii,,inec-cvr|inec-pu-directory-2015
22-01-08,NG023001,KO,Ino Ziomi/Ipaku/Osisi,ino-ziomi-ipaku-osisi,,inec-cvr|inec-pu-directory-2015
22-01-09,NG023001,KO,Ikaraworo/Idobanyere,ikaraworo-idobanyere,,inec-cvr|inec-pu-directory-2015
22-01-10,NG023001,KO,Nagazi Farm Centre,nagazi-farm-centre,,inec-cvr|inec-pu-directory-2015
22-01-11,NG023001,KO,Ege/Iruvochinomi,ege-iruvochinomi,,inec-cvr|inec-pu-directory-2015
22-02-01,NG023002,KO,Ebiya North,ebiya-north,,inec-cvr|inec-pu-directory-2015
22-02-02,NG023002,KO,Ebiya South,ebiya-south,,inec-cvr|inec-pu-directory-2015
22-02-03,NG023002,KO,Abodi/Patesi,abodi-patesi,,inec-cvr|inec-pu-directory-2015
22-02-04,NG023002,KO,Ichuwa/Upaja,ichuwa-upaja,,inec-cvr|inec-pu-directory-2015
22-02-05,NG023002,KO,Badoko,badoko,,inec-cvr|inec-pu-directory-2015
22-02-06,NG023002,KO,Ogigiri,ogigiri,,inec-cvr|inec-pu-directory-2015
22-02-07,NG023002,KO,Adogo,adogo,,inec-cvr|inec-pu-directory-2015
22-02-08,NG023002,KO,Achagana,achagana,,inec-cvr|inec-pu-directory-2015
22-02-09,NG023002,KO,Odonu/Unosi,odonu-unosi,,inec-cvr|inec-pu-directory-2015
22-02-10,NG023002,KO,Omgbo,omgbo,,inec-cvr|inec-pu-directory-2015
22-02-11,NG023002,KO,Adogu/Apamira/Ogodo Uhuovene,adogu-apamira-ogodo-uhuovene,,inec-cvr|inec-pu-directory-2015
22-02-12,NG023002,KO,Obangede/Ohunene/Ukoko Inye're,obangede-ohunene-ukoko-inyere,,inec-cvr|inec-pu-directory-2015
22-02-13,NG023002,KO,Old Ajaokuta,old-ajaokuta,,inec-cvr|inec-pu-directory-2015
22-02-14,NG023002,KO,Ganaga/Township,ganaga-township,,inec-cvr|inec-pu-directory-2015
22-03-01,NG023003,KO,Ankpa Township,ankpa-township,,inec-cvr|inec-pu-directory-2015
22-03-02,NG023003,KO,Ankpa Suburb I,ankpa-suburb-i,,inec-cvr|inec-pu-directory-2015
22-03-03,NG023003,KO,Ankpa Suburb II,ankpa-suburb-ii,,inec-cvr|inec-pu-directory-2015
22-03-04,NG023003,KO,Ankpa I,ankpa-i,,inec-cvr|inec-pu-directory-2015
22-03-05,NG023003,KO,Ankpa II,ankpa-ii,,inec-cvr|inec-pu-directory-2015
22-03-06,NG023003,KO,Enjema I,enjema-i,,inec-cvr|inec-pu-directory-2015
22-03-07,NG023003,KO,Enjema II,enjema-ii,,inec-cvr|inec-pu-directory-2015
22-03-08,NG023003,KO,Enjema III,enjema-iii,,inec-cvr|inec-pu-directory-2015
22-03-09,NG023003,KO,Enjema IV,enjema-iv,,inec-cvr|inec-pu-directory-2015
22-03-10,NG023003,KO,Ojoku I,ojoku-i,,inec-cvr|inec-pu-directory-2015
22-03-11,NG023003,KO,Ojoku II,ojoku-ii,,inec-cvr|inec-pu-directory-2015
22-03-12,NG023003,KO,Ojoku III,ojoku-iii,,inec-cvr|inec-pu-directory-2015
22-03-13,NG023003,KO,Ojoku IV,ojoku-iv,,inec-cvr|inec-pu-directory-2015
22-04-01,NG023004,KO,Akuba I,akuba-i,,inec-cvr|inec-pu-directory-2015
22-04-02,NG023004,KO,Akuba II,akuba-ii,,inec-cvr|inec-pu-directory-2015
22-04-03,NG023004,KO,Ayede/Akakana,ayede-akakana,,inec-cvr|inec-pu-directory-2015
22-04-04,NG023004,KO,Ozongulo/Kpanche,ozongulo-kpanche,,inec-cvr|inec-pu-directory-2015
22-04-05,NG023004,KO,Ikende,ikende,,inec-cvr|inec-pu-directory-2015
22-04-06,NG023004,KO,Gboloko,gboloko,,inec-cvr|inec-pu-directory-2015
22-04-07,NG023004,KO,Kpata,kpata,,inec-cvr|inec-pu-directory-2015
22-04-08,NG023004,KO,Eforo,eforo,,inec-cvr|inec-pu-directory-2015
22-04-09,NG023004,KO,Mozum,mozum,,inec-cvr|inec-pu-directory-2015
22-04-10,NG023004,KO,Ozugbe,ozugbe,,inec-cvr|inec-pu-directory-2015
22-05-01,NG023005,KO,Dekina Town,dekina-town,,inec-cvr|inec-pu-directory-2015
22-05-02,NG023005,KO,Iyale,iyale,,inec-cvr|inec-pu-directory-2015
22-05-03,NG023005,KO,Emewe,emewe,,inec-cvr|inec-pu-directory-2015
22-05-04,NG023005,KO,Odu I,odu-i,,inec-cvr|inec-pu-directory-2015
22-05-05,NG023005,KO,Odu II,odu-ii,,inec-cvr|inec-pu-directory-2015
22-05-06,NG023005,KO,Abocho,abocho,,inec-cvr|inec-pu-directory-2015
22-05-07,NG023005,KO,Ogbabede,ogbabede,,inec-cvr|inec-pu-directory-2015
22-05-08,NG023005,KO,Adumu Egume,adumu-egume,,inec-cvr|inec-pu-directory-2015
22-05-09,NG023005,KO,Ojikpadala,ojikpadala,,inec-cvr|inec-pu-directory-2015
22-05-10,NG023005,KO,Anyigba,anyigba,,inec-cvr|inec-pu-directory-2015
22-05-11,NG023005,KO,Okura Olafia,okura-olafia,,inec-cvr|inec-pu-directory-2015
22-05-12,NG023005,KO,Ogane Inigu,ogane-inigu,,inec-cvr|inec-pu-directory-2015
22-06-01,NG023006,KO,Odeke,odeke,,inec-cvr|inec-pu-directory-2015
22-06-02,NG023006,KO,Ujeh,ujeh,,inec-cvr|inec-pu-directory-2015
22-06-03,NG023006,KO,Iyano,iyano,,inec-cvr|inec-pu-directory-2015
22-06-04,NG023006,KO,Akpanyo,akpanyo,,inec-cvr|inec-pu-directory-2015
22-06-05,NG023006,KO,Unale,unale,,inec-cvr|inec-pu-directory-2015
22-06-06,NG023006,KO,Ojila,ojila,,inec-cvr|inec-pu-directory-2015
22-06-07,NG023006,KO,Ejule,ejule,,inec-cvr|inec-pu-directory-2015
22-06-08,NG023006,KO,Ayah,ayah,,inec-cvr|inec-pu-directory-2015
22-06-09,NG023006,KO,Analo,analo,,inec-cvr|inec-pu-directory-2015
22-06-10,NG023006,KO,Onyedega,onyedega,,inec-cvr|inec-pu-directory-2015
22-07-01,NG023007,KO,Igalaogba,igalaogba,,inec-cvr|inec-pu-directory-2015
22-07-02,NG023007,KO,Owoli Apa,owoli-apa,,inec-cvr|inec-pu-directory-2015
22-07-03,NG023007,KO,Igecheba,igecheba,,inec-cvr|inec-pu-directory-2015
22-07-04,NG023007,KO,Ukwaja,ukwaja,,inec-cvr|inec-pu-directory-2015
22-07-05,NG023007,KO,Ogegele,ogegele,,inec-cvr|inec-pu-directory-2015
22-07-06,NG023007,KO,Ede,ede,,inec-cvr|inec-pu-directory-2015
22-07-07,NG023007,KO,Sabon Gari,sabon-gari,,inec-cvr|inec-pu-directory-2015
22-07-08,NG023007,KO,Ega,ega,,inec-cvr|inec-pu-directory-2015
22-07-09,NG023007,KO,Ugwoda,ugwoda,,inec-cvr|inec-pu-directory-2015
22-07-10,NG023007,KO,Ichala,ichala,,inec-cvr|inec-pu-directory-2015
22-08-01,NG023008,KO,Avrugo,avrugo,,inec-cvr|inec-pu-directory-2015
22-08-02,NG023008,KO,Ekwuloko,ekwuloko,,inec-cvr|inec-pu-directory-2015
22-08-03,NG023008,KO,Odolu,odolu,,inec-cvr|inec-pu-directory-2015
22-08-04,NG023008,KO,Oji-Aji,oji-aji,,inec-cvr|inec-pu-directory-2015
22-08-05,NG023008,KO,Akpanya,akpanya,,inec-cvr|inec-pu-directory-2015
22-08-06,NG023008,KO,Ubele,ubele,,inec-cvr|inec-pu-directory-2015
22-08-07,NG023008,KO,Ajaka I,ajaka-i,,inec-cvr|inec-pu-directory-2015
22-08-08,NG023008,KO,Ajaka II,ajaka-ii,,inec-cvr|inec-pu-directory-2015
22-08-09,NG023008,KO,Oforachi I,oforachi-i,,inec-cvr|inec-pu-directory-2015
22-08-10,NG023008,KO,Oforachi II,oforachi-ii,,inec-cvr|inec-pu-directory-2015
22-09-01,NG023009,KO,Aiyegunle,aiyegunle,,inec-cvr|inec-pu-directory-2015
22-09-02,NG023009,KO,Aiyetoro I,aiyetoro-i,,inec-cvr|inec-pu-directory-2015
22-09-03,NG023009,KO,Aiyetoro II,aiyetoro-ii,,inec-cvr|inec-pu-directory-2015
22-09-04,NG023009,KO,Iyah/Ayeh,iyah-ayeh,,inec-cvr|inec-pu-directory-2015
22-09-05,NG023009,KO,Odokoro,odokoro,,inec-cvr|inec-pu-directory-2015
22-09-06,NG023009,KO,Aiyere/Arimah,aiyere-arimah,,inec-cvr|inec-pu-directory-2015
22-09-07,NG023009,KO,Ogidi,ogidi,,inec-cvr|inec-pu-directory-2015
22-09-08,NG023009,KO,Ileteju/Origa,ileteju-origa,,inec-cvr|inec-pu-directory-2015
22-09-09,NG023009,KO,Ogale/Aduge,ogale-aduge,,inec-cvr|inec-pu-directory-2015
22-09-10,NG023009,KO,Egbeda Egga/Okedayo,egbeda-egga-okedayo,,inec-cvr|inec-pu-directory-2015
22-09-11,NG023009,KO,Iyara,iyara,,inec-cvr|inec-pu-directory-2015
22-09-12,NG023009,KO,Iffe/Ikoyi/Okejumu,iffe-ikoyi-okejumu,,inec-cvr|inec-pu-directory-2015
22-09-13,NG023009,KO,Iyamoye,iyamoye,,inec-cvr|inec-pu-directory-2015
22-09-14,NG023009,KO,Ekinrin Ade,ekinrin-ade,,inec-cvr|inec-pu-directory-2015
22-09-15,NG023009,KO,Ibgolayere/Ilaere,ibgolayere-ilaere,,inec-cvr|inec-pu-directory-2015
22-10-01,NG023010,KO,Asuta,asuta,,inec-cvr|inec-pu-directory-2015
22-10-02,NG023010,KO,Odo-Akete,odo-akete,,inec-cvr|inec-pu-directory-2015
22-10-03,NG023010,KO,Okekoko,okekoko,,inec-cvr|inec-pu-directory-2015
22-10-04,NG023010,KO,Odolu,odolu,,inec-cvr|inec-pu-directory-2015
22-10-05,NG023010,KO,Aiyewa,aiyewa,,inec-cvr|inec-pu-directory-2015
22-10-06,NG023010,KO,Aiyeteju,aiyeteju,,inec-cvr|inec-pu-directory-2015
22-10-07,NG023010,KO,Otu,otu,,inec-cvr|inec-pu-directory-2015
22-10-08,NG023010,KO,Egbeda,egbeda,,inec-cvr|inec-pu-directory-2015
22-10-09,NG023010,KO,Okedayo,okedayo,,inec-cvr|inec-pu-directory-2015
22-10-10,NG023010,KO,Akutupa-Kiri,akutupa-kiri,,inec-cvr|inec-pu-directory-2015
22-10-11,NG023010,KO,Aiyetoro-Kiri,aiyetoro-kiri,,inec-cvr|inec-pu-directory-2015
22-10-12,NG023010,KO,Iluke,iluke,,inec-cvr|inec-pu-directory-2015
22-10-13,NG023010,KO,Olle/Oke-Ofin,olle-oke-ofin,,inec-cvr|inec-pu-directory-2015
22-10-14,NG023010,KO,Odo-Ape,odo-ape,,inec-cvr|inec-pu-directory-2015
22-10-15,NG023010,KO,Okebukun,okebukun,,inec-cvr|inec-pu-directory-2015
22-11-01,NG023011,KO,Ukwo-Koton Karfe,ukwo-koton-karfe,,inec-cvr|inec-pu-directory-2015
22-11-02,NG023011,KO,Odaki-Koton Karfe,odaki-koton-karfe,,inec-cvr|inec-pu-directory-2015
22-11-03,NG023011,KO,Kotonkarfe South East,kotonkarfe-south-east,,inec-cvr|inec-pu-directory-2015
22-11-04,NG023011,KO,Girinya,girinya,,inec-cvr|inec-pu-directory-2015
22-11-05,NG023011,KO,Irenodu,irenodu,,inec-cvr|inec-pu-directory-2015
22-11-06,NG023011,KO,Akpasu,akpasu,,inec-cvr|inec-pu-directory-2015
22-11-07,NG023011,KO,Tawari,tawari,,inec-cvr|inec-pu-directory-2015
22-11-08,NG023011,KO,Gegu-Beki North,gegu-beki-north,,inec-cvr|inec-pu-directory-2015
22-11-09,NG023011,KO,Gegu-Beki South,gegu-beki-south,,inec-cvr|inec-pu-directory-2015
22-11-10,NG023011,KO,Chikara North,chikara-north,,inec-cvr|inec-pu-directory-2015
22-11-11,NG023011,KO,Chikara South,chikara-south,,inec-cvr|inec-pu-directory-2015
22-12-01,NG023012,KO,Lokoja-A,lokoja-a,,inec-cvr|inec-pu-directory-2015
22-12-02,NG023012,KO,Lokoja-B,lokoja-b,,inec-cvr|inec-pu-directory-2015
22-12-03,NG023012,KO,Lokoja-C,lokoja-c,,inec-cvr|inec-pu-directory-2015
22-12-04,NG023012,KO,Lokoja-D,lokoja-d,,inec-cvr|inec-pu-directory-2015
22-12-05,NG023012,KO,Lokoja-E,lokoja-e,,inec-cvr|inec-pu-directory-2015
22-12-06,NG023012,KO,Kupa North East,kupa-north-east,,inec-cvr|inec-pu-directory-2015
22-12-07,NG023012,KO,Kupa South West,kupa-south-west,,inec-cvr|inec-pu-directory-2015
22-12-08,NG023012,KO,Oworo,oworo,,inec-cvr|inec-pu-directory-2015
22-12-09,NG023012,KO,Kakanda,kakanda,,inec-cvr|inec-pu-directory-2015
22-12-10,NG023012,KO,Eggan,eggan,,inec-cvr|inec-pu-directory-2015
22-13-01,NG023013,KO,Odole-1,odole-1,,inec-cvr|inec-pu-directory-2015
22-13-02,NG023013,KO,Odole-2,odole-2,,inec-cvr|inec-pu-directory-2015
22-13-03,NG023013,KO,Ileteju-1,ileteju-1,Illeteju-1,inec-cvr|inec-pu-directory-2015
22-13-04,NG023013,KO,Illeteju-2,illeteju-2,,inec-cvr|inec-pu-directory-2015
22-13-05,NG023013,KO,Okeagi/Ilai,okeagi-ilai,,inec-cvr|inec-pu-directory-2015
22-13-06,NG023013,KO,Orokere,orokere,,inec-cvr|inec-pu-directory-2015
22-13-07,NG023013,KO,Takete Idde/Otafun,takete-idde-otafun,,inec-cvr|inec-pu-directory-2015
22-13-08,NG023013,KO,Aiyedayo/Aiyedaro,aiyedayo-aiyedaro,,inec-cvr|inec-pu-directory-2015
22-13-09,NG023013,KO,Agbafogun,agbafogun,,inec-cvr|inec-pu-directory-2015
22-13-10,NG023013,KO,Aiyede/Okagi,aiyede-okagi,,inec-cvr|inec-pu-directory-2015
22-14-01,NG023014,KO,Igo,igo,,inec-cvr|inec-pu-directory-2015
22-14-02,NG023014,KO,Aloma,aloma,,inec-cvr|inec-pu-directory-2015
22-14-03,NG023014,KO,Ejule Allah,ejule-allah,,inec-cvr|inec-pu-directory-2015
22-14-04,NG023014,KO,Itobe/Okokenyi,itobe-okokenyi,,inec-cvr|inec-pu-directory-2015
22-14-05,NG023014,KO,Ugwolawo-I,ugwolawo-i,Ugwolawo-1,inec-cvr|inec-pu-directory-2015
22-14-06,NG023014,KO,Ugwolawo-2,ugwolawo-2,,inec-cvr|inec-pu-directory-2015
22-14-07,NG023014,KO,Aloji,aloji,,inec-cvr|inec-pu-directory-2015
22-14-08,NG023014,KO,Ofoke,ofoke,,inec-cvr|inec-pu-directory-2015
22-14-09,NG023014,KO,Ochadamu,ochadamu,,inec-cvr|inec-pu-directory-2015
22-14-10,NG023014,KO,Ogbonicha,ogbonicha,,inec-cvr|inec-pu-directory-2015
22-14-11,NG023014,KO,Iboko/Efakwu,iboko-efakwu,,inec-cvr|inec-pu-directory-2015
22-15-01,NG023015,KO,Eni,eni,,inec-cvr|inec-pu-directory-2015
22-15-02,NG023015,KO,Oshobane,oshobane,,inec-cvr|inec-pu-directory-2015
22-15-03,NG023015,KO,Okibo,okibo,,inec-cvr|inec-pu-directory-2015
22-15-04,NG023015,KO,Okesi,okesi,,inec-cvr|inec-pu-directory-2015
22-15-05,NG023015,KO,Ileteju,ileteju,,inec-cvr|inec-pu-directory-2015
22-15-06,NG023015,KO,Aiyeromi,aiyeromi,,inec-cvr|inec-pu-directory-2015
22-15-07,NG023015,KO,Ugugu,ugugu,,inec-cvr|inec-pu-directory-2015
22-15-08,NG023015,KO,Obinoyin,obinoyin,,inec-cvr|inec-pu-directory-2015
22-15-09,NG023015,KO,Obatgben,obatgben,,inec-cvr|inec-pu-directory-2015
22-15-10,NG023015,KO,Oturu Opowuroye,oturu-opowuroye,,inec-cvr|inec-pu-directory-2015
22-16-01,NG023016,KO,Obeiba I,obeiba-i,Obaiba I,inec-cvr|inec-pu-directory-2015
22-16-02,NG023016,KO,Obeiba II,obeiba-ii,Obaiba II,inec-cvr|inec-pu-directory-2015
22-16-03,NG023016,KO,Ikuehi,ikuehi,Okuehu,inec-cvr|inec-pu-directory-2015
22-16-04,NG023016,KO,Ohueta,ohueta,,inec-cvr|inec-pu-directory-2015
22-16-05,NG023016,KO,Oboroke Eba,oboroke-eba,,inec-cvr|inec-pu-directory-2015
22-16-06,NG023016,KO,Oboroke Uvete I,oboroke-uvete-i,Obaroke Uvete,inec-cvr|inec-pu-directory-2015
22-16-07,NG023016,KO,Eika/Ohizenyi,eika-ohizenyi,,inec-cvr|inec-pu-directory-2015
22-16-08,NG023016,KO,Okaito/Usungwen,okaito-usungwen,,inec-cvr|inec-pu-directory-2015
22-16-09,NG023016,KO,Ohuepe/Omavi Uboro,ohuepe-omavi-uboro,,inec-cvr|inec-pu-directory-2015
22-16-10,NG023016,KO,Obangede/Uhuodo,obangede-uhuodo,,inec-cvr|inec-pu-directory-2015
22-16-11,NG023016,KO,Oboroke Uvete-II,oboroke-uvete-ii,,inec-cvr|inec-pu-directory-2015
22-17-01,NG023017,KO,Bariki,bariki,,inec-cvr|inec-pu-directory-2015
22-17-02,NG023017,KO,Obessa,obessa,,inec-cvr|inec-pu-directory-2015
22-17-03,NG023017,KO,Onyukoko,onyukoko,,inec-cvr|inec-pu-directory-2015
22-17-04,NG023017,KO,Idoji,idoji,,inec-cvr|inec-pu-directory-2015
22-17-05,NG023017,KO,Orietesu,orietesu,,inec-cvr|inec-pu-directory-2015
22-17-06,NG023017,KO,Otutu,otutu,,inec-cvr|inec-pu-directory-2015
22-17-07,NG023017,KO,Okene-Eba/Agassa/Ahache,okene-eba-agassa-ahache,,inec-cvr|inec-pu-directory-2015
22-17-08,NG023017,KO,Obehira Uvete,obehira-uvete,Obehira Uvetta,inec-cvr|inec-pu-directory-2015
22-17-09,NG023017,KO,Obehira Eba,obehira-eba,,inec-cvr|inec-pu-directory-2015
22-17-10,NG023017,KO,Abuga/Ozuja,abuga-ozuja,,inec-cvr|inec-pu-directory-2015
22-17-11,NG023017,KO,Upogoro/Odenku,upogoro-odenku,,inec-cvr|inec-pu-directory-2015
22-18-01,NG023018,KO,Imane I,imane-i,,inec-cvr|inec-pu-directory-2015
22-18-02,NG023018,KO,Imane II,imane-ii,,inec-cvr|inec-pu-directory-2015
22-18-03,NG023018,KO,Ogugu I,ogugu-i,,inec-cvr|inec-pu-directory-2015
22-18-04,NG023018,KO,Ogugu II,ogugu-ii,,inec-cvr|inec-pu-directory-2015
22-18-05,NG023018,KO,Ogugu III,ogugu-iii,,inec-cvr|inec-pu-directory-2015
22-18-06,NG023018,KO,Olamaboro I,olamaboro-i,,inec-cvr|inec-pu-directory-2015
22-18-07,NG023018,KO,Olamaboro II,olamaboro-ii,,inec-cvr|inec-pu-directory-2015
22-18-08,NG023018,KO,Olamaboro III,olamaboro-iii,,inec-cvr|inec-pu-directory-2015
22-18-09,NG023018,KO,Olamaboro IV,olamaboro-iv,,inec-cvr|inec-pu-directory-2015
22-18-10,NG023018,KO,Olamaboro V,olamaboro-v,,inec-cvr|inec-pu-directory-2015
22-19-01,NG023019,KO,Abejukolo I,abejukolo-i,,inec-cvr|inec-pu-directory-2015
22-19-02,NG023019,KO,Abejukolo II,abejukolo-ii,,inec-cvr|inec-pu-directory-2015
22-19-03,NG023019,KO,Opoda/Ofejiji,opoda-ofejiji,,inec-cvr|inec-pu-directory-2015
22-19-04,NG023019,KO,Bagana,bagana,,inec-cvr|inec-pu-directory-2015
22-19-05,NG023019,KO,Okpatala,okpatala,,inec-cvr|inec-pu-directory-2015
22-19-06,NG023019,KO,Akpacha,akpacha,,inec-cvr|inec-pu-directory-2015
22-19-07,NG023019,KO,Bagaji,bagaji,,inec-cvr|inec-pu-directory-2015
22-19-08,NG023019,KO,Icheke Ajopachi,icheke-ajopachi,,inec-cvr|inec-pu-directory-2015
22-19-09,NG023019,KO,Ogodu,ogodu,,inec-cvr|inec-pu-directory-2015
22-19-10,NG023019,KO,Oji-Aji,oji-aji,,inec-cvr|inec-pu-directory-2015
22-19-11,NG023019,KO,Olla,olla,,inec-cvr|inec-pu-directory-2015
22-20-01,NG023020,KO,Ife Olukotun I,ife-olukotun-i,,inec-cvr|inec-pu-directory-2015
22-20-02,NG023020,KO,Ife Olukotun II,ife-olukotun-ii,,inec-cvr|inec-pu-directory-2015
22-20-03,NG023020,KO,Ponyan,ponyan,,inec-cvr|inec-pu-directory-2015
22-20-04,NG023020,KO,Alu/Igbagun/Oranre,alu-igbagun-oranre,,inec-cvr|inec-pu-directory-2015
22-20-05,NG023020,KO,Ejuku,ejuku,,inec-cvr|inec-pu-directory-2015
22-20-06,NG023020,KO,Jege/Oke/Agi Ogbom/Isao,jege-oke-agi-ogbom-isao,,inec-cvr|inec-pu-directory-2015
22-20-07,NG023020,KO,Makutu I,makutu-i,,inec-cvr|inec-pu-directory-2015
22-20-08,NG023020,KO,Makutu II,makutu-ii,,inec-cvr|inec-pu-directory-2015
22-20-09,NG023020,KO,Itedo,itedo,,inec-cvr|inec-pu-directory-2015
22-20-10,NG023020,KO,Ilafin/Idofin/Odo-Ogba,ilafin-idofin-odo-ogba,,inec-cvr|inec-pu-directory-2015
22-21-01,NG023021,KO,Ejiba,ejiba,,inec-cvr|inec-pu-directory-2015
22-21-02,NG023021,KO,Odo Eri Okoto,odo-eri-okoto,,inec-cvr|inec-pu-directory-2015
22-21-03,NG023021,KO,Odo Ere Oke Ere,odo-ere-oke-ere,,inec-cvr|inec-pu-directory-2015
22-21-04,NG023021,KO,Isaulu Esa/Okoloke/Okunran,isaulu-esa-okoloke-okunran,,inec-cvr|inec-pu-directory-2015
22-21-05,NG023021,KO,Iyamerin/Igbaruku,iyamerin-igbaruku,,inec-cvr|inec-pu-directory-2015
22-21-06,NG023021,KO,Odo Ara Omi Ogga,odo-ara-omi-ogga,,inec-cvr|inec-pu-directory-2015
22-21-07,NG023021,KO,Ogbe,ogbe,,inec-cvr|inec-pu-directory-2015
22-21-08,NG023021,KO,Oke Egbe I,oke-egbe-i,,inec-cvr|inec-pu-directory-2015
22-21-09,NG023021,KO,Oke Egbe II,oke-egbe-ii,,inec-cvr|inec-pu-directory-2015
22-21-10,NG023021,KO,Oke Egbe III,oke-egbe-iii,,inec-cvr|inec-pu-directory-2015
22-21-11,NG023021,KO,Oke Egbe IV,oke-egbe-iv,,inec-cvr|inec-pu-directory-2015
22-21-12,NG023021,KO,Odo Egbe I,odo-egbe-i,,inec-cvr|inec-pu-directory-2015
22-21-13,NG023021,KO,Odo Egbe II,odo-egbe-ii,,inec-cvr|inec-pu-directory-2015
22-21-14,NG023021,KO,Odo Egbe,odo-egbe,,inec-cvr|inec-pu-directory-2015
23-01-01,NG024001,KW,Yowere/Sosoki,yowere-sosoki,,inec-cvr|inec-pu-directory-2015
23-01-02,NG024001,KW,Adigbongbo/Awe/Orimaro,adigbongbo-awe-orimaro,,inec-cvr|inec-pu-directory-2015
23-01-03,NG024001,KW,Elebue/Agbona/Fata,elebue-agbona-fata,,inec-cvr|inec-pu-directory-2015
23-01-04,NG024001,KW,Onire/Odegiwa/Alapa,onire-odegiwa-alapa,,inec-cvr|inec-pu-directory-2015
23-01-05,NG024001,KW,Yowere II/Okeweru,yowere-ii-okeweru,,inec-cvr|inec-pu-directory-2015
23-01-06,NG024001,KW,Gambari/Aiyekale,gambari-aiyekale,,inec-cvr|inec-pu-directory-2015
23-01-07,NG024001,KW,Efue/Berikodo,efue-berikodo,,inec-cvr|inec-pu-directory-2015
23-01-08,NG024001,KW,Owode/Gbogun,owode-gbogun,,inec-cvr|inec-pu-directory-2015
23-01-09,NG024001,KW,Ballah/Otte,ballah-otte,,inec-cvr|inec-pu-directory-2015
23-01-10,NG024001,KW,Ogbondoroko/Reke,ogbondoroko-reke,,inec-cvr|inec-pu-directory-2015
23-01-11,NG024001,KW,Ago-Oja/Oshin/Sapati/Laduba,ago-oja-oshin-sapati-laduba,,inec-cvr|inec-pu-directory-2015
23-01-12,NG024001,KW,Afon,afon,,inec-cvr|inec-pu-directory-2015
23-01-13,NG024001,KW,Ila-Oja,ila-oja,,inec-cvr|inec-pu-directory-2015
23-01-14,NG024001,KW,Ogele,ogele,,inec-cvr|inec-pu-directory-2015
23-01-15,NG024001,KW,Budo-Egba,budo-egba,,inec-cvr|inec-pu-directory-2015
23-01-16,NG024001,KW,Okesho,okesho,,inec-cvr|inec-pu-directory-2015
23-01-17,NG024001,KW,Odo-Ode/Aboto,odo-ode-aboto,,inec-cvr|inec-pu-directory-2015
23-02-01,NG024002,KW,Boriya/Shiya,boriya-shiya,,inec-cvr|inec-pu-directory-2015
23-02-02,NG024002,KW,Gure/Gwasoro,gure-gwasoro,,inec-cvr|inec-pu-directory-2015
23-02-03,NG024002,KW,Gwedebereru/Babane,gwedebereru-babane,,inec-cvr|inec-pu-directory-2015
23-02-04,NG024002,KW,Gwanara,gwanara,,inec-cvr|inec-pu-directory-2015
23-02-05,NG024002,KW,Ilesha,ilesha,,inec-cvr|inec-pu-directory-2015
23-02-06,NG024002,KW,Kenu/Taberu,kenu-taberu,,inec-cvr|inec-pu-directory-2015
23-02-07,NG024002,KW,Kpaura/Yakiru,kpaura-yakiru,,inec-cvr|inec-pu-directory-2015
23-02-08,NG024002,KW,Kiyoru/Bwen,kiyoru-bwen,,inec-cvr|inec-pu-directory-2015
23-02-09,NG024002,KW,Okuta,okuta,,inec-cvr|inec-pu-directory-2015
23-02-10,NG024002,KW,Shinawu/Tunbuyan,shinawu-tunbuyan,,inec-cvr|inec-pu-directory-2015
23-02-11,NG024002,KW,Yashikira,yashikira,,inec-cvr|inec-pu-directory-2015
23-03-01,NG024003,KW,Lafiagi I,lafiagi-i,,inec-cvr|inec-pu-directory-2015
23-03-02,NG024003,KW,Lafiagi II,lafiagi-ii,,inec-cvr|inec-pu-directory-2015
23-03-03,NG024003,KW,Lafiagi III,lafiagi-iii,,inec-cvr|inec-pu-directory-2015
23-03-04,NG024003,KW,Lafiagi IV,lafiagi-iv,,inec-cvr|inec-pu-directory-2015
23-03-05,NG024003,KW,Tsaragi I,tsaragi-i,,inec-cvr|inec-pu-directory-2015
23-03-06,NG024003,KW,Tsaragi II,tsaragi-ii,,inec-cvr|inec-pu-directory-2015
23-03-07,NG024003,KW,Tsaragi III,tsaragi-iii,,inec-cvr|inec-pu-directory-2015
23-03-08,NG024003,KW,Tsonga I,tsonga-i,,inec-cvr|inec-pu-directory-2015
23-03-09,NG024003,KW,Tsonga II,tsonga-ii,,inec-cvr|inec-pu-directory-2015
23-03-10,NG024003,KW,Tsonga III,tsonga-iii,,inec-cvr|inec-pu-directory-2015
23-04-01,NG024004,KW,Eruku,eruku,,inec-cvr|inec-pu-directory-2015
23-04-02,NG024004,KW,Isapa,isapa,,inec-cvr|inec-pu-directory-2015
23-04-03,NG024004,KW,Koro,koro,,inec-cvr|inec-pu-directory-2015
23-04-04,NG024004,KW,Obbo-Aiyeggunle I,obbo-aiyeggunle-i,,inec-cvr|inec-pu-directory-2015
23-04-05,NG024004,KW,Obbo-Aiyeggunle II,obbo-aiyeggunle-ii,,inec-cvr|inec-pu-directory-2015
23-04-06,NG024004,KW,Obbo-Ile,obbo-ile,,inec-cvr|inec-pu-directory-2015
23-04-07,NG024004,KW,Osi I,osi-i,,inec-cvr|inec-pu-directory-2015
23-04-08,NG024004,KW,Osi II,osi-ii,,inec-cvr|inec-pu-directory-2015
23-04-09,NG024004,KW,Opin,opin,,inec-cvr|inec-pu-directory-2015
23-04-10,NG024004,KW,Oke-Opin/Etan,oke-opin-etan,,inec-cvr|inec-pu-directory-2015
23-05-01,NG024005,KW,Oke-Ode I,oke-ode-i,,inec-cvr|inec-pu-directory-2015
23-05-02,NG024005,KW,Oke-Ode II,oke-ode-ii,,inec-cvr|inec-pu-directory-2015
23-05-03,NG024005,KW,Oke-Ode III,oke-ode-iii,,inec-cvr|inec-pu-directory-2015
23-05-04,NG024005,KW,Ora,ora,,inec-cvr|inec-pu-directory-2015
23-05-05,NG024005,KW,Ile-Ire,ile-ire,,inec-cvr|inec-pu-directory-2015
23-05-06,NG024005,KW,Agunjin,agunjin,,inec-cvr|inec-pu-directory-2015
23-05-07,NG024005,KW,Oro-Ago,oro-ago,,inec-cvr|inec-pu-directory-2015
23-05-08,NG024005,KW,Omupo,omupo,,inec-cvr|inec-pu-directory-2015
23-05-09,NG024005,KW,Share I,share-i,,inec-cvr|inec-pu-directory-2015
23-05-10,NG024005,KW,Share II,share-ii,,inec-cvr|inec-pu-directory-2015
23-05-11,NG024005,KW,Share III,share-iii,,inec-cvr|inec-pu-directory-2015
23-05-12,NG024005,KW,Share IV,share-iv,,inec-cvr|inec-pu-directory-2015
23-05-13,NG024005,KW,Share V,share-v,,inec-cvr|inec-pu-directory-2015
23-05-14,NG024005,KW,Igbaja I,igbaja-i,,inec-cvr|inec-pu-directory-2015
23-05-15,NG024005,KW,Igbaja II,igbaja-ii,,inec-cvr|inec-pu-directory-2015
23-05-16,NG024005,KW,Igbaja III,igbaja-iii,,inec-cvr|inec-pu-directory-2015
23-05-17,NG024005,KW,Idofian I,idofian-i,,inec-cvr|inec-pu-directory-2015
23-05-18,NG024005,KW,Idofian II,idofian-ii,,inec-cvr|inec-pu-directory-2015
23-06-01,NG024006,KW,Agbeyangi/Gbadamu/Osin,agbeyangi-gbadamu-osin,,inec-cvr|inec-pu-directory-2015
23-06-02,NG024006,KW,Gambari I,gambari-i,,inec-cvr|inec-pu-directory-2015
23-06-03,NG024006,KW,Balogun Gambari II,balogun-gambari-ii,,inec-cvr|inec-pu-directory-2015
23-06-04,NG024006,KW,Ibagun,ibagun,,inec-cvr|inec-pu-directory-2015
23-06-05,NG024006,KW,Apado,apado,,inec-cvr|inec-pu-directory-2015
23-06-06,NG024006,KW,Iponrin,iponrin,,inec-cvr|inec-pu-directory-2015
23-06-07,NG024006,KW,Magaji Are I,magaji-are-i,,inec-cvr|inec-pu-directory-2015
23-06-08,NG024006,KW,Magaji Are II,magaji-are-ii,,inec-cvr|inec-pu-directory-2015
23-06-09,NG024006,KW,Marafa/Pepele,marafa-pepele,,inec-cvr|inec-pu-directory-2015
23-06-10,NG024006,KW,Maya/Ile-Apa,maya-ile-apa,,inec-cvr|inec-pu-directory-2015
23-06-11,NG024006,KW,Oke Oyi/Oke Ose/Alalubosa,oke-oyi-oke-ose-alalubosa,,inec-cvr|inec-pu-directory-2015
23-06-12,NG024006,KW,Zango,zango,,inec-cvr|inec-pu-directory-2015
23-07-01,NG024007,KW,Akanbi-I,akanbi-i,,inec-cvr|inec-pu-directory-2015
23-07-02,NG024007,KW,Akanbi-II,akanbi-ii,,inec-cvr|inec-pu-directory-2015
23-07-03,NG024007,KW,Akanbi-III,akanbi-iii,,inec-cvr|inec-pu-directory-2015
23-07-04,NG024007,KW,Akanbi-IV,akanbi-iv,,inec-cvr|inec-pu-directory-2015
23-07-05,NG024007,KW,Akanbi-V,akanbi-v,,inec-cvr|inec-pu-directory-2015
23-07-06,NG024007,KW,Balogun-Fulani I,balogun-fulani-i,,inec-cvr|inec-pu-directory-2015
23-07-07,NG024007,KW,Balogun-Fulani II,balogun-fulani-ii,,inec-cvr|inec-pu-directory-2015
23-07-08,NG024007,KW,Balogun-Fulani III,balogun-fulani-iii,,inec-cvr|inec-pu-directory-2015
23-07-09,NG024007,KW,Okaka I,okaka-i,,inec-cvr|inec-pu-directory-2015
23-07-10,NG024007,KW,Okaka II,okaka-ii,,inec-cvr|inec-pu-directory-2015
23-07-11,NG024007,KW,Oke-Ogun,oke-ogun,,inec-cvr|inec-pu-directory-2015
23-08-01,NG024008,KW,Adewole,adewole,,inec-cvr|inec-pu-directory-2015
23-08-02,NG024008,KW,Ajikobi,ajikobi,,inec-cvr|inec-pu-directory-2015
23-08-03,NG024008,KW,Baboko,baboko,,inec-cvr|inec-pu-directory-2015
23-08-04,NG024008,KW,Badari,badari,,inec-cvr|inec-pu-directory-2015
23-08-05,NG024008,KW,Balogun Alanamu Central,balogun-alanamu-central,,inec-cvr|inec-pu-directory-2015
23-08-06,NG024008,KW,Magaji Ngeri,magaji-ngeri,,inec-cvr|inec-pu-directory-2015
23-08-07,NG024008,KW,Oloje,oloje,,inec-cvr|inec-pu-directory-2015
23-08-08,NG024008,KW,Ogidi,ogidi,,inec-cvr|inec-pu-directory-2015
23-08-09,NG024008,KW,Ojuekun/Zarumi,ojuekun-zarumi,,inec-cvr|inec-pu-directory-2015
23-08-10,NG024008,KW,Oko-Erin,oko-erin,,inec-cvr|inec-pu-directory-2015
23-08-11,NG024008,KW,Ubandawaki,ubandawaki,,inec-cvr|inec-pu-directory-2015
23-08-12,NG024008,KW,Warrah/Egbe Jila/Oshin,warrah-egbe-jila-oshin,,inec-cvr|inec-pu-directory-2015
23-09-01,NG024009,KW,Ajase Ipo I,ajase-ipo-i,,inec-cvr|inec-pu-directory-2015
23-09-02,NG024009,KW,Ajase Ipo II,ajase-ipo-ii,,inec-cvr|inec-pu-directory-2015
23-09-03,NG024009,KW,Arandun,arandun,,inec-cvr|inec-pu-directory-2015
23-09-04,NG024009,KW,Esie/Ijan,esie-ijan,,inec-cvr|inec-pu-directory-2015
23-09-05,NG024009,KW,Ipetu/Rore/Aran-Orin,ipetu-rore-aran-orin,,inec-cvr|inec-pu-directory-2015
23-09-06,NG024009,KW,Omu-Aran I (Aran),omu-aran-i-aran,,inec-cvr|inec-pu-directory-2015
23-09-07,NG024009,KW,Omu-Aran II (Ihaye),omu-aran-ii-ihaye,,inec-cvr|inec-pu-directory-2015
23-09-08,NG024009,KW,Omu-Aran III (Ifaja),omu-aran-iii-ifaja,,inec-cvr|inec-pu-directory-2015
23-09-09,NG024009,KW,Oro I,oro-i,,inec-cvr|inec-pu-directory-2015
23-09-10,NG024009,KW,Oro II,oro-ii,,inec-cvr|inec-pu-directory-2015
23-09-11,NG024009,KW,Oko,oko,,inec-cvr|inec-pu-directory-2015
23-10-01,NG024010,KW,Alla,alla,,inec-cvr|inec-pu-directory-2015
23-10-02,NG024010,KW,Edidi,edidi,,inec-cvr|inec-pu-directory-2015
23-10-03,NG024010,KW,Isanlu I,isanlu-i,,inec-cvr|inec-pu-directory-2015
23-10-04,NG024010,KW,Isanlu II,isanlu-ii,,inec-cvr|inec-pu-directory-2015
23-10-05,NG024010,KW,Ijara,ijara,,inec-cvr|inec-pu-directory-2015
23-10-06,NG024010,KW,Iwo,iwo,,inec-cvr|inec-pu-directory-2015
23-10-07,NG024010,KW,Owu Isin,owu-isin,,inec-cvr|inec-pu-directory-2015
23-10-08,NG024010,KW,Oke Onigbin,oke-onigbin,,inec-cvr|inec-pu-directory-2015
23-10-09,NG024010,KW,Sabaja/Pamo,sabaja-pamo,,inec-cvr|inec-pu-directory-2015
23-10-10,NG024010,KW,Oke Aba,oke-aba,,inec-cvr|inec-pu-directory-2015
23-10-11,NG024010,KW,Olla,olla,,inec-cvr|inec-pu-directory-2015
23-11-01,NG024011,KW,Adena,adena,,inec-cvr|inec-pu-directory-2015
23-11-02,NG024011,KW,Bani,bani,,inec-cvr|inec-pu-directory-2015
23-11-03,NG024011,KW,Gwanabe I,gwanabe-i,,inec-cvr|inec-pu-directory-2015
23-11-04,NG024011,KW,Gwanabe II,gwanabe-ii,,inec-cvr|inec-pu-directory-2015
23-11-05,NG024011,KW,Gwari A (Gwaria),gwari-a-gwaria,,inec-cvr|inec-pu-directory-2015
23-11-06,NG024011,KW,Kaiama I,kaiama-i,,inec-cvr|inec-pu-directory-2015
23-11-07,NG024011,KW,Kaiama II,kaiama-ii,,inec-cvr|inec-pu-directory-2015
23-11-08,NG024011,KW,Kaiama III,kaiama-iii,,inec-cvr|inec-pu-directory-2015
23-11-09,NG024011,KW,Kemanji,kemanji,,inec-cvr|inec-pu-directory-2015
23-11-10,NG024011,KW,Wajibe,wajibe,,inec-cvr|inec-pu-directory-2015
23-12-01,NG024012,KW,Jebba,jebba,,inec-cvr|inec-pu-directory-2015
23-12-02,NG024012,KW,Bode-Saadu,bode-saadu,,inec-cvr|inec-pu-directory-2015
23-12-03,NG024012,KW,Okemi,okemi,,inec-cvr|inec-pu-directory-2015
23-12-04,NG024012,KW,Lanwa,lanwa,,inec-cvr|inec-pu-directory-2015
23-12-05,NG024012,KW,Ejidongari,ejidongari,,inec-cvr|inec-pu-directory-2015
23-12-06,NG024012,KW,Okutala,okutala,,inec-cvr|inec-pu-directory-2015
23-12-07,NG024012,KW,Babadudu,babadudu,,inec-cvr|inec-pu-directory-2015
23-12-08,NG024012,KW,Oloru,oloru,,inec-cvr|inec-pu-directory-2015
23-12-09,NG024012,KW,Pakunmo,pakunmo,,inec-cvr|inec-pu-directory-2015
23-12-10,NG024012,KW,Womi/Ayaki,womi-ayaki,,inec-cvr|inec-pu-directory-2015
23-12-11,NG024012,KW,Abati/Alara,abati-alara,,inec-cvr|inec-pu-directory-2015
23-12-12,NG024012,KW,Shao,shao,,inec-cvr|inec-pu-directory-2015
23-12-13,NG024012,KW,Logun/Jehunkunnu,logun-jehunkunnu,,inec-cvr|inec-pu-directory-2015
23-12-14,NG024012,KW,Malete/Gbugudu,malete-gbugudu,,inec-cvr|inec-pu-directory-2015
23-12-15,NG024012,KW,Ajanaku,ajanaku,,inec-cvr|inec-pu-directory-2015
23-12-16,NG024012,KW,Megida,megida,,inec-cvr|inec-pu-directory-2015
23-12-17,NG024012,KW,Arobadi,arobadi,,inec-cvr|inec-pu-directory-2015
23-13-01,NG024013,KW,Balogun,balogun,,inec-cvr|inec-pu-directory-2015
23-13-02,NG024013,KW,Shawo South West,shawo-south-west,,inec-cvr|inec-pu-directory-2015
23-13-03,NG024013,KW,Shawo Central,shawo-central,,inec-cvr|inec-pu-directory-2015
23-13-04,NG024013,KW,Shawo South East,shawo-south-east,,inec-cvr|inec-pu-directory-2015
23-13-05,NG024013,KW,Essa-A,essa-a,,inec-cvr|inec-pu-directory-2015
23-13-06,NG024013,KW,Essa-B,essa-b,,inec-cvr|inec-pu-directory-2015
23-13-07,NG024013,KW,Essa-C,essa-c,,inec-cvr|inec-pu-directory-2015
23-13-08,NG024013,KW,Ojomu North/North West,ojomu-north-north-west,,inec-cvr|inec-pu-directory-2015
23-13-09,NG024013,KW,Ojomu Central I,ojomu-central-i,,inec-cvr|inec-pu-directory-2015
23-13-10,NG024013,KW,Ojomu Central II,ojomu-central-ii,,inec-cvr|inec-pu-directory-2015
23-13-11,NG024013,KW,Ojomu South East,ojomu-south-east,,inec-cvr|inec-pu-directory-2015
23-13-12,NG024013,KW,Igboidun,igboidun,,inec-cvr|inec-pu-directory-2015
23-14-01,NG024014,KW,Aiyedun,aiyedun,,inec-cvr|inec-pu-directory-2015
23-14-02,NG024014,KW,Ekan,ekan,,inec-cvr|inec-pu-directory-2015
23-14-03,NG024014,KW,Imoji/Ilale/Erinmope,imoji-ilale-erinmope,,inec-cvr|inec-pu-directory-2015
23-14-04,NG024014,KW,Iloffa,iloffa,,inec-cvr|inec-pu-directory-2015
23-14-05,NG024014,KW,Imode/Egosi,imode-egosi,,inec-cvr|inec-pu-directory-2015
23-14-06,NG024014,KW,Idofin Igbana I,idofin-igbana-i,,inec-cvr|inec-pu-directory-2015
23-14-07,NG024014,KW,Idofin Igbana II,idofin-igbana-ii,,inec-cvr|inec-pu-directory-2015
23-14-08,NG024014,KW,Idofin/Odo-Ashe,idofin-odo-ashe,,inec-cvr|inec-pu-directory-2015
23-14-09,NG024014,KW,Odo-Owa I,odo-owa-i,,inec-cvr|inec-pu-directory-2015
23-14-10,NG024014,KW,Odo-Owa II,odo-owa-ii,,inec-cvr|inec-pu-directory-2015
23-15-01,NG024015,KW,Erin-Ile South,erin-ile-south,,inec-cvr|inec-pu-directory-2015
23-15-02,NG024015,KW,Ilemona,ilemona,,inec-cvr|inec-pu-directory-2015
23-15-03,NG024015,KW,Igbona,igbona,,inec-cvr|inec-pu-directory-2015
23-15-04,NG024015,KW,Irra,irra,,inec-cvr|inec-pu-directory-2015
23-15-05,NG024015,KW,Inaja/Ahogbada,inaja-ahogbada,,inec-cvr|inec-pu-directory-2015
23-15-06,NG024015,KW,Ikotun,ikotun,,inec-cvr|inec-pu-directory-2015
23-15-07,NG024015,KW,Ojoku,ojoku,,inec-cvr|inec-pu-directory-2015
23-15-08,NG024015,KW,Ijagbo,ijagbo,,inec-cvr|inec-pu-directory-2015
23-15-09,NG024015,KW,Igosun,igosun,,inec-cvr|inec-pu-directory-2015
23-15-10,NG024015,KW,Ipee,ipee,,inec-cvr|inec-pu-directory-2015
23-15-11,NG024015,KW,Erin-Ile North,erin-ile-north,,inec-cvr|inec-pu-directory-2015
23-16-01,NG024016,KW,Patigi I,patigi-i,,inec-cvr|inec-pu-directory-2015
23-16-02,NG024016,KW,Patigi II,patigi-ii,,inec-cvr|inec-pu-directory-2015
23-16-03,NG024016,KW,Patigi III,patigi-iii,,inec-cvr|inec-pu-directory-2015
23-16-04,NG024016,KW,Patigi IV,patigi-iv,,inec-cvr|inec-pu-directory-2015
23-16-05,NG024016,KW,Kpada I,kpada-i,,inec-cvr|inec-pu-directory-2015
23-16-06,NG024016,KW,Kpada II,kpada-ii,,inec-cvr|inec-pu-directory-2015
23-16-07,NG024016,KW,Kpada III,kpada-iii,,inec-cvr|inec-pu-directory-2015
23-16-08,NG024016,KW,Lade I,lade-i,,inec-cvr|inec-pu-directory-2015
23-16-09,NG024016,KW,Lade II,lade-ii,,inec-cvr|inec-pu-directory-2015
23-16-10,NG024016,KW,Lade III,lade-iii,,inec-cvr|inec-pu-directory-2015
24-01-01,NG025001,LA,Isale/Idimangoro,isale-idimangoro,,inec-cvr|inec-pu-directory-2015
24-01-02,NG025001,LA,Iloro/Onipetesi,iloro-onipetesi,,inec-cvr|inec-pu-directory-2015
24-01-03,NG025001,LA,Oniwaya/Papa-Uku,oniwaya-papa-uku,,inec-cvr|inec-pu-directory-2015
24-01-04,NG025001,LA,Agbotikuyo/Dopemu,agbotikuyo-dopemu,,inec-cvr|inec-pu-directory-2015
24-01-05,NG025001,LA,Oyewole/Papa Ashafa,oyewole-papa-ashafa,,inec-cvr|inec-pu-directory-2015
24-01-06,NG025001,LA,Okekoto,okekoto,,inec-cvr|inec-pu-directory-2015
24-01-07,NG025001,LA,Keke,keke,,inec-cvr|inec-pu-directory-2015
24-01-08,NG025001,LA,Darocha,darocha,,inec-cvr|inec-pu-directory-2015
24-01-09,NG025001,LA,Tabon Tabon/Oko Oba,tabon-tabon-oko-oba,,inec-cvr|inec-pu-directory-2015
24-01-10,NG025001,LA,Orile Agege/Oko Oba,orile-agege-oko-oba,,inec-cvr|inec-pu-directory-2015
24-01-11,NG025001,LA,Isale Odo,isale-odo,,inec-cvr|inec-pu-directory-2015
24-02-01,NG025002,LA,Ago Hausa,ago-hausa,,inec-cvr|inec-pu-directory-2015
24-02-02,NG025002,LA,Awodi-Ora,awodi-ora,,inec-cvr|inec-pu-directory-2015
24-02-03,NG025002,LA,Wilmer,wilmer,,inec-cvr|inec-pu-directory-2015
24-02-04,NG025002,LA,Olodi,olodi,,inec-cvr|inec-pu-directory-2015
24-02-05,NG025002,LA,Tolu,tolu,,inec-cvr|inec-pu-directory-2015
24-02-06,NG025002,LA,Temidire I,temidire-i,,inec-cvr|inec-pu-directory-2015
24-02-07,NG025002,LA,Ojo Road,ojo-road,,inec-cvr|inec-pu-directory-2015
24-02-08,NG025002,LA,Layeni,layeni,,inec-cvr|inec-pu-directory-2015
24-02-09,NG025002,LA,Alaba Oro,alaba-oro,,inec-cvr|inec-pu-directory-2015
24-02-10,NG025002,LA,Mosafejo,mosafejo,,inec-cvr|inec-pu-directory-2015
24-02-11,NG025002,LA,Temidire II,temidire-ii,,inec-cvr|inec-pu-directory-2015
24-03-01,NG025003,LA,Shasha/Akowonjo,shasha-akowonjo,,inec-cvr|inec-pu-directory-2015
24-03-02,NG025003,LA,Egbeda/Alimosho,egbeda-alimosho,,inec-cvr|inec-pu-directory-2015
24-03-03,NG025003,LA,Idimu/Isheri Olofin,idimu-isheri-olofin,,inec-cvr|inec-pu-directory-2015
24-03-04,NG025003,LA,Ikotun/Ijegun,ikotun-ijegun,,inec-cvr|inec-pu-directory-2015
24-03-05,NG025003,LA,Egbe/Agodo,egbe-agodo,,inec-cvr|inec-pu-directory-2015
24-03-06,NG025003,LA,Igando/Egan,igando-egan,,inec-cvr|inec-pu-directory-2015
24-03-07,NG025003,LA,Ipaja North,ipaja-north,,inec-cvr|inec-pu-directory-2015
24-03-08,NG025003,LA,Ipaja South,ipaja-south,,inec-cvr|inec-pu-directory-2015
24-03-09,NG025003,LA,Ayobo/Ijon Village (Camp David),ayobo-ijon-village-camp-david,,inec-cvr|inec-pu-directory-2015
24-03-10,NG025003,LA,Pleasure/Oke-Odo,pleasure-oke-odo,,inec-cvr|inec-pu-directory-2015
24-03-11,NG025003,LA,Abule-Egba/Aboru/Meiran/Alagbado,abule-egba-aboru-meiran-alagbado,,inec-cvr|inec-pu-directory-2015
24-04-01,NG025004,LA,"Amuwo-Odofin Housing Estate, Mile 2",amuwo-odofin-housing-estate-mile-2,,inec-cvr|inec-pu-directory-2015
24-04-02,NG025004,LA,Festac I,festac-i,,inec-cvr|inec-pu-directory-2015
24-04-03,NG025004,LA,Festac II,festac-ii,,inec-cvr|inec-pu-directory-2015
24-04-04,NG025004,LA,Kirikiri,kirikiri,,inec-cvr|inec-pu-directory-2015
24-04-05,NG025004,LA,Amuwo,amuwo,,inec-cvr|inec-pu-directory-2015
24-04-06,NG025004,LA,Ijegun,ijegun,,inec-cvr|inec-pu-directory-2015
24-04-07,NG025004,LA,Satellite,satellite,,inec-cvr|inec-pu-directory-2015
24-04-08,NG025004,LA,Irede,irede,,inec-cvr|inec-pu-directory-2015
24-04-09,NG025004,LA,Ibeshe,ibeshe,,inec-cvr|inec-pu-directory-2015
24-04-10,NG025004,LA,Igbologun,igbologun,,inec-cvr|inec-pu-directory-2015
24-04-11,NG025004,LA,Festac III,festac-iii,,inec-cvr|inec-pu-directory-2015
24-05-01,NG025005,LA,Apapa I (Marine Rd. & Environs),apapa-i-marine-rd-environs,,inec-cvr|inec-pu-directory-2015
24-05-02,NG025005,LA,Apapa II (Liverpool Rd. And Environs),apapa-ii-liverpool-rd-and-environs,,inec-cvr|inec-pu-directory-2015
24-05-03,NG025005,LA,Apapa III (Creek Rd. Tincan/Snake Island,apapa-iii-creek-rd-tincan-snake-island,,inec-cvr|inec-pu-directory-2015
24-05-04,NG025005,LA,Apapa IV (Pelewura Crescent And Environs),apapa-iv-pelewura-crescent-and-environs,,inec-cvr|inec-pu-directory-2015
24-05-05,NG025005,LA,Ijora-Oloye,ijora-oloye,,inec-cvr|inec-pu-directory-2015
24-05-06,NG025005,LA,Olodan St. Olojowou St/Alh.dogo Olatokunbo St. Iganmu,olodan-st-olojowou-st-alh-dogo-olatokunbo-st-iganmu,Olodan St. Olojowou St/Alh.dogo Olatokunbo St. Igan,inec-cvr|inec-pu-directory-2015
24-05-07,NG025005,LA,Gaskiya & Environs,gaskiya-environs,,inec-cvr|inec-pu-directory-2015
24-05-08,NG025005,LA,Afolabi Alasia Str. And Environs,afolabi-alasia-str-and-environs,,inec-cvr|inec-pu-directory-2015
24-05-09,NG025005,LA,Malu Road And Environs,malu-road-and-environs,,inec-cvr|inec-pu-directory-2015
24-05-10,NG025005,LA,Sari And Environs,sari-and-environs,,inec-cvr|inec-pu-directory-2015
24-06-01,NG025006,LA,Posukoh,posukoh,,inec-cvr|inec-pu-directory-2015
24-06-02,NG025006,LA,Awhanjigoh,awhanjigoh,,inec-cvr|inec-pu-directory-2015
24-06-03,NG025006,LA,Ibereko,ibereko,,inec-cvr|inec-pu-directory-2015
24-06-04,NG025006,LA,Apa,apa,,inec-cvr|inec-pu-directory-2015
24-06-05,NG025006,LA,Keta-East,keta-east,,inec-cvr|inec-pu-directory-2015
24-06-06,NG025006,LA,Iworo Gbanko,iworo-gbanko,,inec-cvr|inec-pu-directory-2015
24-06-07,NG025006,LA,Ajido,ajido,,inec-cvr|inec-pu-directory-2015
24-06-08,NG025006,LA,Ilogbo-Araromi,ilogbo-araromi,,inec-cvr|inec-pu-directory-2015
24-06-09,NG025006,LA,Ikoga,ikoga,,inec-cvr|inec-pu-directory-2015
24-06-10,NG025006,LA,Ajara,ajara,,inec-cvr|inec-pu-directory-2015
24-06-11,NG025006,LA,Iya-Afin,iya-afin,,inec-cvr|inec-pu-directory-2015
24-07-01,NG025007,LA,Etita/Ebode,etita-ebode,,inec-cvr|inec-pu-directory-2015
24-07-02,NG025007,LA,Lagbade,lagbade,,inec-cvr|inec-pu-directory-2015
24-07-03,NG025007,LA,Popo-Oba,popo-oba,,inec-cvr|inec-pu-directory-2015
24-07-04,NG025007,LA,Oke-Balogun,oke-balogun,,inec-cvr|inec-pu-directory-2015
24-07-05,NG025007,LA,Ajaganabe,ajaganabe,,inec-cvr|inec-pu-directory-2015
24-07-06,NG025007,LA,Ise/Igbogun,ise-igbogun,,inec-cvr|inec-pu-directory-2015
24-07-07,NG025007,LA,Oriba/Ladaba,oriba-ladaba,,inec-cvr|inec-pu-directory-2015
24-07-08,NG025007,LA,Abomiti,abomiti,,inec-cvr|inec-pu-directory-2015
24-07-09,NG025007,LA,Agbowa,agbowa,,inec-cvr|inec-pu-directory-2015
24-07-10,NG025007,LA,Agbowa Ikosi,agbowa-ikosi,,inec-cvr|inec-pu-directory-2015
24-07-11,NG025007,LA,Ago Owu,ago-owu,,inec-cvr|inec-pu-directory-2015
24-07-12,NG025007,LA,Orugbo,orugbo,,inec-cvr|inec-pu-directory-2015
24-07-13,NG025007,LA,Ilara,ilara,,inec-cvr|inec-pu-directory-2015
24-07-14,NG025007,LA,Ibonwon,ibonwon,,inec-cvr|inec-pu-directory-2015
24-07-15,NG025007,LA,Odoragunsin,odoragunsin,,inec-cvr|inec-pu-directory-2015
24-07-16,NG025007,LA,Poka,poka,,inec-cvr|inec-pu-directory-2015
24-07-17,NG025007,LA,Odomola,odomola,,inec-cvr|inec-pu-directory-2015
24-07-18,NG025007,LA,Ejirin,ejirin,,inec-cvr|inec-pu-directory-2015
24-07-19,NG025007,LA,Itoikin,itoikin,,inec-cvr|inec-pu-directory-2015
24-08-01,NG025008,LA,Victoria Island I,victoria-island-i,,inec-cvr|inec-pu-directory-2015
24-08-02,NG025008,LA,Victoria Island II,victoria-island-ii,,inec-cvr|inec-pu-directory-2015
24-08-03,NG025008,LA,Ilasan Housing Estate,ilasan-housing-estate,,inec-cvr|inec-pu-directory-2015
24-08-04,NG025008,LA,Lekki/Ikate And Environs,lekki-ikate-and-environs,,inec-cvr|inec-pu-directory-2015
24-08-05,NG025008,LA,Ilado/Eti-Osa And Environs,ilado-eti-osa-and-environs,,inec-cvr|inec-pu-directory-2015
24-08-06,NG025008,LA,Ajah/Sangotedo,ajah-sangotedo,,inec-cvr|inec-pu-directory-2015
24-08-07,NG025008,LA,Ado/Langbasa/Badore,ado-langbasa-badore,,inec-cvr|inec-pu-directory-2015
24-08-08,NG025008,LA,Ikoyi I,ikoyi-i,,inec-cvr|inec-pu-directory-2015
24-08-09,NG025008,LA,Ikoyi II,ikoyi-ii,,inec-cvr|inec-pu-directory-2015
24-08-10,NG025008,LA,Obalende,obalende,,inec-cvr|inec-pu-directory-2015
24-09-01,NG025009,LA,Ibeju I,ibeju-i,,inec-cvr|inec-pu-directory-2015
24-09-02,NG025009,LA,Ibeju II,ibeju-ii,"N2, (Ibeju II)",inec-cvr|inec-pu-directory-2015
24-09-03,NG025009,LA,Orimedu I,orimedu-i,,inec-cvr|inec-pu-directory-2015
24-09-04,NG025009,LA,Orimedu II,orimedu-ii,"02, (Orimedu II)",inec-cvr|inec-pu-directory-2015
24-09-05,NG025009,LA,Orimedu III,orimedu-iii,"03, (Orimedu III)",inec-cvr|inec-pu-directory-2015
24-09-06,NG025009,LA,Iwerekun I,iwerekun-i,"Pi, (Iwerekun I)",inec-cvr|inec-pu-directory-2015
24-09-07,NG025009,LA,Iwerekun II,iwerekun-ii,,inec-cvr|inec-pu-directory-2015
24-09-08,NG025009,LA,Lekki I,lekki-i,"Si, (Lekki I)",inec-cvr|inec-pu-directory-2015
24-09-09,NG025009,LA,Lekki II,lekki-ii,,inec-cvr|inec-pu-directory-2015
24-09-10,NG025009,LA,Siriwon/Igbekodo I,siriwon-igbekodo-i,"S2, (Siriwon/Igbekodo I)",inec-cvr|inec-pu-directory-2015
24-09-11,NG025009,LA,Siriwon/Igbekodo II,siriwon-igbekodo-ii,"S,2A (Siriwon/Igbekodo II)",inec-cvr|inec-pu-directory-2015
24-10-01,NG025010,LA,Ijaye,ijaye,Ogba Ijaiye,inec-cvr|inec-pu-directory-2015
24-10-02,NG025010,LA,Old Ifako/Karaole,old-ifako-karaole,,inec-cvr|inec-pu-directory-2015
24-10-03,NG025010,LA,New Ifako/Oyemekun,new-ifako-oyemekun,,inec-cvr|inec-pu-directory-2015
24-10-04,NG025010,LA,Fagba/Akute Road,fagba-akute-road,,inec-cvr|inec-pu-directory-2015
24-10-05,NG025010,LA,Iju Isaga,iju-isaga,,inec-cvr|inec-pu-directory-2015
24-10-06,NG025010,LA,Iju-Obawole,iju-obawole,,inec-cvr|inec-pu-directory-2015
24-10-07,NG025010,LA,Pamada/Abule-Egba,pamada-abule-egba,,inec-cvr|inec-pu-directory-2015
24-10-08,NG025010,LA,Ijaiye/Ojokoro,ijaiye-ojokoro,,inec-cvr|inec-pu-directory-2015
24-10-09,NG025010,LA,Ijaiye/Agbado/Kollington,ijaiye-agbado-kollington,,inec-cvr|inec-pu-directory-2015
24-10-10,NG025010,LA,Alakuko/Kollington,alakuko-kollington,,inec-cvr|inec-pu-directory-2015
24-10-11,NG025010,LA,Ajegunle/Akinde/Animashaun,ajegunle-akinde-animashaun,,inec-cvr|inec-pu-directory-2015
24-11-01,NG025011,LA,Anifowoshe/Ikeja,anifowoshe-ikeja,,inec-cvr|inec-pu-directory-2015
24-11-02,NG025011,LA,Ojodu/Agidingbi/Omole,ojodu-agidingbi-omole,,inec-cvr|inec-pu-directory-2015
24-11-03,NG025011,LA,Alausa/Oregun/Olusosun,alausa-oregun-olusosun,,inec-cvr|inec-pu-directory-2015
24-11-04,NG025011,LA,Airport/Onipetesi/Onilekere,airport-onipetesi-onilekere,Airport/Onipetesi/Inilekere,inec-cvr|inec-pu-directory-2015
24-11-05,NG025011,LA,Ipodo/Seriki Aro,ipodo-seriki-aro,,inec-cvr|inec-pu-directory-2015
24-11-06,NG025011,LA,Adekunle Vill./Adeniyi Jones/Ogba,adekunle-vill-adeniyi-jones-ogba,,inec-cvr|inec-pu-directory-2015
24-11-07,NG025011,LA,Oke-Ira/Aguda,oke-ira-aguda,,inec-cvr|inec-pu-directory-2015
24-11-08,NG025011,LA,Onigbongbo/Military Cantonment,onigbongbo-military-cantonment,Onigbongbon,inec-cvr|inec-pu-directory-2015
24-11-09,NG025011,LA,Gra/Police Barracks,gra-police-barracks,,inec-cvr|inec-pu-directory-2015
24-11-10,NG025011,LA,Wasimi/Opebi/Allen,wasimi-opebi-allen,,inec-cvr|inec-pu-directory-2015
24-12-01,NG025012,LA,Isele I,isele-i,,inec-cvr|inec-pu-directory-2015
24-12-02,NG025012,LA,Isele II,isele-ii,,inec-cvr|inec-pu-directory-2015
24-12-03,NG025012,LA,Isele III,isele-iii,,inec-cvr|inec-pu-directory-2015
24-12-04,NG025012,LA,Aga/Ijimu,aga-ijimu,,inec-cvr|inec-pu-directory-2015
24-12-05,NG025012,LA,Ipakodo,ipakodo,,inec-cvr|inec-pu-directory-2015
24-12-06,NG025012,LA,Imota I,imota-i,,inec-cvr|inec-pu-directory-2015
24-12-07,NG025012,LA,Imota II,imota-ii,,inec-cvr|inec-pu-directory-2015
24-12-08,NG025012,LA,Isiu,isiu,,inec-cvr|inec-pu-directory-2015
24-12-09,NG025012,LA,Igbogbo I,igbogbo-i,,inec-cvr|inec-pu-directory-2015
24-12-10,NG025012,LA,Igbogbo II,igbogbo-ii,,inec-cvr|inec-pu-directory-2015
24-12-11,NG025012,LA,Baiyeku/Oreta,baiyeku-oreta,,inec-cvr|inec-pu-directory-2015
24-12-12,NG025012,LA,Ibeshe,ibeshe,,inec-cvr|inec-pu-directory-2015
24-12-13,NG025012,LA,Ijede J,ijede-j,Ijede I,inec-cvr|inec-pu-directory-2015
24-12-14,NG025012,LA,Ijede II,ijede-ii,,inec-cvr|inec-pu-directory-2015
24-12-15,NG025012,LA,Agura/Iponmi,agura-iponmi,,inec-cvr|inec-pu-directory-2015
24-12-16,NG025012,LA,Odogunyan,odogunyan,,inec-cvr|inec-pu-directory-2015
24-12-17,NG025012,LA,Erikorodu,erikorodu,,inec-cvr|inec-pu-directory-2015
24-12-18,NG025012,LA,Agbala,agbala,,inec-cvr|inec-pu-directory-2015
24-12-19,NG025012,LA,Olorunda/Igbaga,olorunda-igbaga,,inec-cvr|inec-pu-directory-2015
24-13-01,NG025013,LA,Oworonshoki,oworonshoki,,inec-cvr|inec-pu-directory-2015
24-13-02,NG025013,LA,Ifako/Soluyi,ifako-soluyi,,inec-cvr|inec-pu-directory-2015
24-13-03,NG025013,LA,Anthony/Ajao Estate/Mende/Maryland,anthony-ajao-estate-mende-maryland,,inec-cvr|inec-pu-directory-2015
24-13-04,NG025013,LA,Ojota/Ogudu,ojota-ogudu,,inec-cvr|inec-pu-directory-2015
24-13-05,NG025013,LA,Ketu/Alapere/Agidi/Orisigun/Kosofe/Ajelogo/Akanimodo,ketu-alapere-agidi-orisigun-kosofe-ajelogo-akanimodo,Ketu/Alapere/Agidi/Orisigun/Kosofe/Ajelogo/Akanimod,inec-cvr|inec-pu-directory-2015
24-13-06,NG025013,LA,Ikosi Ketu/Mile 12/Agiliti/Maidan,ikosi-ketu-mile-12-agiliti-maidan,Ikosi Ketu/Mile I2/Agiliti/Maidan,inec-cvr|inec-pu-directory-2015
24-13-07,NG025013,LA,Isheri-Olowo-Ira/Shangisha/Magodo Phase I & II,isheri-olowo-ira-shangisha-magodo-phase-i-ii,,inec-cvr|inec-pu-directory-2015
24-13-08,NG025013,LA,Agboyi I,agboyi-i,,inec-cvr|inec-pu-directory-2015
24-13-09,NG025013,LA,Agboyi II,agboyi-ii,,inec-cvr|inec-pu-directory-2015
24-13-10,NG025013,LA,Owode Onirin/Ajegunle/Odo-Ogun,owode-onirin-ajegunle-odo-ogun,,inec-cvr|inec-pu-directory-2015
24-14-01,NG025014,LA,Olowogbowo/Elegbata,olowogbowo-elegbata,,inec-cvr|inec-pu-directory-2015
24-14-02,NG025014,LA,Oluwole,oluwole,,inec-cvr|inec-pu-directory-2015
24-14-03,NG025014,LA,Idumota/Oke,idumota-oke,,inec-cvr|inec-pu-directory-2015
24-14-04,NG025014,LA,Oju-Oto,oju-oto,,inec-cvr|inec-pu-directory-2015
24-14-05,NG025014,LA,Oko-Awo,oko-awo,,inec-cvr|inec-pu-directory-2015
24-14-06,NG025014,LA,Agarawu/Obadina,agarawu-obadina,,inec-cvr|inec-pu-directory-2015
24-14-07,NG025014,LA,Iduntafa,iduntafa,,inec-cvr|inec-pu-directory-2015
24-14-08,NG025014,LA,Ilupesi,ilupesi,,inec-cvr|inec-pu-directory-2015
24-14-09,NG025014,LA,Isale-Agbede,isale-agbede,,inec-cvr|inec-pu-directory-2015
24-14-10,NG025014,LA,Olosun,olosun,,inec-cvr|inec-pu-directory-2015
24-14-11,NG025014,LA,Olushi/Kakawa,olushi-kakawa,,inec-cvr|inec-pu-directory-2015
24-14-12,NG025014,LA,Popo-Aguda,popo-aguda,,inec-cvr|inec-pu-directory-2015
24-14-13,NG025014,LA,Anikantamo,anikantamo,,inec-cvr|inec-pu-directory-2015
24-14-14,NG025014,LA,Oko-Faji,oko-faji,,inec-cvr|inec-pu-directory-2015
24-14-15,NG025014,LA,Eiyekole,eiyekole,,inec-cvr|inec-pu-directory-2015
24-14-16,NG025014,LA,Onikan,onikan,,inec-cvr|inec-pu-directory-2015
24-14-17,NG025014,LA,Sandgrouse,sandgrouse,,inec-cvr|inec-pu-directory-2015
24-14-18,NG025014,LA,Epetedo,epetedo,,inec-cvr|inec-pu-directory-2015
24-14-19,NG025014,LA,Lafiaji/Ebute,lafiaji-ebute,,inec-cvr|inec-pu-directory-2015
24-15-01,NG025015,LA,Otto/Iddo,otto-iddo,,inec-cvr|inec-pu-directory-2015
24-15-02,NG025015,LA,Epetedo,epetedo,,inec-cvr|inec-pu-directory-2015
24-15-03,NG025015,LA,Olaleye Village,olaleye-village,,inec-cvr|inec-pu-directory-2015
24-15-04,NG025015,LA,Maroko/Ebute Metta,maroko-ebute-metta,,inec-cvr|inec-pu-directory-2015
24-15-05,NG025015,LA,Oyingbo Market/Ebute Metta,oyingbo-market-ebute-metta,,inec-cvr|inec-pu-directory-2015
24-15-06,NG025015,LA,Glover/Ebute Metta,glover-ebute-metta,,inec-cvr|inec-pu-directory-2015
24-15-07,NG025015,LA,Oko-Baba,oko-baba,,inec-cvr|inec-pu-directory-2015
24-15-08,NG025015,LA,Oyadiran Estate/Abule-Oja,oyadiran-estate-abule-oja,,inec-cvr|inec-pu-directory-2015
24-15-09,NG025015,LA,Alagomeji,alagomeji,,inec-cvr|inec-pu-directory-2015
24-15-10,NG025015,LA,Iwaya,iwaya,,inec-cvr|inec-pu-directory-2015
24-15-11,NG025015,LA,Yaba/Igbobi,yaba-igbobi,,inec-cvr|inec-pu-directory-2015
24-16-01,NG025016,LA,Alakara,alakara,,inec-cvr|inec-pu-directory-2015
24-16-02,NG025016,LA,Idi-Oro/Odi-Olowu,idi-oro-odi-olowu,,inec-cvr|inec-pu-directory-2015
24-16-03,NG025016,LA,Babalosa,babalosa,,inec-cvr|inec-pu-directory-2015
24-16-04,NG025016,LA,Ojuwoye,ojuwoye,,inec-cvr|inec-pu-directory-2015
24-16-05,NG025016,LA,Ilupeju,ilupeju,,inec-cvr|inec-pu-directory-2015
24-16-06,NG025016,LA,Olateju,olateju,,inec-cvr|inec-pu-directory-2015
24-16-07,NG025016,LA,Kayode/Fadeyi,kayode-fadeyi,,inec-cvr|inec-pu-directory-2015
24-16-08,NG025016,LA,Mushin/Atewolara,mushin-atewolara,,inec-cvr|inec-pu-directory-2015
24-16-09,NG025016,LA,Papa-Ajao,papa-ajao,,inec-cvr|inec-pu-directory-2015
24-16-10,NG025016,LA,Ilasamaja,ilasamaja,,inec-cvr|inec-pu-directory-2015
24-16-11,NG025016,LA,Babalosa/Idi-Araba,babalosa-idi-araba,,inec-cvr|inec-pu-directory-2015
24-16-12,NG025016,LA,Idi-Araba,idi-araba,,inec-cvr|inec-pu-directory-2015
24-16-13,NG025016,LA,Itire,itire,,inec-cvr|inec-pu-directory-2015
24-16-14,NG025016,LA,Ilupeju Industrial Estate,ilupeju-industrial-estate,,inec-cvr|inec-pu-directory-2015
24-17-01,NG025017,LA,Ojo Town,ojo-town,,inec-cvr|inec-pu-directory-2015
24-17-02,NG025017,LA,Okokomaiko,okokomaiko,,inec-cvr|inec-pu-directory-2015
24-17-03,NG025017,LA,Ajangbadi,ajangbadi,,inec-cvr|inec-pu-directory-2015
24-17-04,NG025017,LA,Ijanikin,ijanikin,,inec-cvr|inec-pu-directory-2015
24-17-05,NG025017,LA,Iba,iba,,inec-cvr|inec-pu-directory-2015
24-17-06,NG025017,LA,Ilogbo,ilogbo,,inec-cvr|inec-pu-directory-2015
24-17-07,NG025017,LA,Irewe,irewe,,inec-cvr|inec-pu-directory-2015
24-17-08,NG025017,LA,Tafi,tafi,,inec-cvr|inec-pu-directory-2015
24-17-09,NG025017,LA,Etegbin,etegbin,,inec-cvr|inec-pu-directory-2015
24-17-10,NG025017,LA,Idoluwo,idoluwo,,inec-cvr|inec-pu-directory-2015
24-17-11,NG025017,LA,Sabo,sabo,,inec-cvr|inec-pu-directory-2015
24-18-01,NG025018,LA,Oshodi/Bolade,oshodi-bolade,,inec-cvr|inec-pu-directory-2015
24-18-02,NG025018,LA,Orile-Oshodi,orile-oshodi,,inec-cvr|inec-pu-directory-2015
24-18-03,NG025018,LA,Isolo,isolo,,inec-cvr|inec-pu-directory-2015
24-18-04,NG025018,LA,Ajao Estate,ajao-estate,,inec-cvr|inec-pu-directory-2015
24-18-05,NG025018,LA,Ilasamaja,ilasamaja,,inec-cvr|inec-pu-directory-2015
24-18-06,NG025018,LA,Mafoluku,mafoluku,,inec-cvr|inec-pu-directory-2015
24-18-07,NG025018,LA,Sogunle,sogunle,,inec-cvr|inec-pu-directory-2015
24-18-08,NG025018,LA,Sogunle/Alasia,sogunle-alasia,,inec-cvr|inec-pu-directory-2015
24-18-09,NG025018,LA,Okota,okota,,inec-cvr|inec-pu-directory-2015
24-18-10,NG025018,LA,Ishagatedo,ishagatedo,,inec-cvr|inec-pu-directory-2015
24-18-11,NG025018,LA,Oke-Afa/Ejigbo,oke-afa-ejigbo,,inec-cvr|inec-pu-directory-2015
24-19-01,NG025019,LA,Onipanu,onipanu,,inec-cvr|inec-pu-directory-2015
24-19-02,NG025019,LA,Palmgrove/Ijebutedo,palmgrove-ijebutedo,,inec-cvr|inec-pu-directory-2015
24-19-03,NG025019,LA,Alade,alade,,inec-cvr|inec-pu-directory-2015
24-19-04,NG025019,LA,Bajulaiye,bajulaiye,,inec-cvr|inec-pu-directory-2015
24-19-05,NG025019,LA,Mafowoku/Pedro,mafowoku-pedro,,inec-cvr|inec-pu-directory-2015
24-19-06,NG025019,LA,Lad-Lak/Bariga,lad-lak-bariga,,inec-cvr|inec-pu-directory-2015
24-19-07,NG025019,LA,Ilaje/Akoka,ilaje-akoka,,inec-cvr|inec-pu-directory-2015
24-19-08,NG025019,LA,Igbobi/Fadeyi,igbobi-fadeyi,,inec-cvr|inec-pu-directory-2015
24-19-09,NG025019,LA,Fola Agoro/Bajulaiye/Igbari-Akoka,fola-agoro-bajulaiye-igbari-akoka,,inec-cvr|inec-pu-directory-2015
24-19-10,NG025019,LA,Gbagada Phase I Obanikoro/Pedro,gbagada-phase-i-obanikoro-pedro,,inec-cvr|inec-pu-directory-2015
24-19-11,NG025019,LA,Gbagada Phase II/Bariga/Apelehin,gbagada-phase-ii-bariga-apelehin,,inec-cvr|inec-pu-directory-2015
24-19-12,NG025019,LA,Abule-Okuta/Ilaje/Bariga,abule-okuta-ilaje-bariga,,inec-cvr|inec-pu-directory-2015
24-20-01,NG025020,LA,Orile,orile,,inec-cvr|inec-pu-directory-2015
24-20-02,NG025020,LA,Aguda,aguda,,inec-cvr|inec-pu-directory-2015
24-20-03,NG025020,LA,Ijeshatedo,ijeshatedo,,inec-cvr|inec-pu-directory-2015
24-20-04,NG025020,LA,Akinhanmi/Cole,akinhanmi-cole,,inec-cvr|inec-pu-directory-2015
24-20-05,NG025020,LA,Yaba/Ojuelegba,yaba-ojuelegba,,inec-cvr|inec-pu-directory-2015
24-20-06,NG025020,LA,Igbaja/Stadium,igbaja-stadium,,inec-cvr|inec-pu-directory-2015
24-20-07,NG025020,LA,Shitta/Ogunlana Drive,shitta-ogunlana-drive,,inec-cvr|inec-pu-directory-2015
24-20-08,NG025020,LA,Adeniran/Ogunsanya,adeniran-ogunsanya,,inec-cvr|inec-pu-directory-2015
24-20-09,NG025020,LA,Iponri Housing Estate/Eric Moore,iponri-housing-estate-eric-moore,,inec-cvr|inec-pu-directory-2015
24-20-10,NG025020,LA,Coker,coker,,inec-cvr|inec-pu-directory-2015
24-20-11,NG025020,LA,Itire,itire,,inec-cvr|inec-pu-directory-2015
24-20-12,NG025020,LA,Ikate,ikate,,inec-cvr|inec-pu-directory-2015
25-01-01,NG026001,NA,Agyaga,agyaga,Anchobaba,inec-cvr|inec-pu-directory-2015
25-01-02,NG026001,NA,Anchobaba,anchobaba,Agyaga,inec-cvr|inec-pu-directory-2015
25-01-03,NG026001,NA,Gwanje.gwanje,gwanje-gwanje,,inec-cvr|inec-pu-directory-2015
25-01-04,NG026001,NA,Ancho Nighaan,ancho-nighaan,,inec-cvr|inec-pu-directory-2015
25-01-05,NG026001,NA,Andaha,andaha,,inec-cvr|inec-pu-directory-2015
25-01-06,NG026001,NA,Nunku,nunku,,inec-cvr|inec-pu-directory-2015
25-01-07,NG026001,NA,Gudi,gudi,,inec-cvr|inec-pu-directory-2015
25-01-08,NG026001,NA,Moroa,moroa,,inec-cvr|inec-pu-directory-2015
25-01-09,NG026001,NA,Akwanga West,akwanga-west,,inec-cvr|inec-pu-directory-2015
25-01-10,NG026001,NA,Akwanga East,akwanga-east,,inec-cvr|inec-pu-directory-2015
25-01-11,NG026001,NA,Ningo/Bohar,ningo-bohar,,inec-cvr|inec-pu-directory-2015
25-02-01,NG026002,NA,Tunga,tunga,,inec-cvr|inec-pu-directory-2015
25-02-02,NG026002,NA,Makwangiji,makwangiji,,inec-cvr|inec-pu-directory-2015
25-02-03,NG026002,NA,Madaki,madaki,,inec-cvr|inec-pu-directory-2015
25-02-04,NG026002,NA,Galadima,galadima,,inec-cvr|inec-pu-directory-2015
25-02-05,NG026002,NA,Jangaru,jangaru,,inec-cvr|inec-pu-directory-2015
25-02-06,NG026002,NA,Kanje/Abuni,kanje-abuni,,inec-cvr|inec-pu-directory-2015
25-02-07,NG026002,NA,Ribi,ribi,,inec-cvr|inec-pu-directory-2015
25-02-08,NG026002,NA,Azara,azara,,inec-cvr|inec-pu-directory-2015
25-02-09,NG026002,NA,Wuse,wuse,,inec-cvr|inec-pu-directory-2015
25-02-10,NG026002,NA,Akiri,akiri,,inec-cvr|inec-pu-directory-2015
25-03-01,NG026003,NA,Alagye,alagye,,inec-cvr|inec-pu-directory-2015
25-03-02,NG026003,NA,Rukubi,rukubi,,inec-cvr|inec-pu-directory-2015
25-03-03,NG026003,NA,Agbashi,agbashi,,inec-cvr|inec-pu-directory-2015
25-03-04,NG026003,NA,Doka,doka,,inec-cvr|inec-pu-directory-2015
25-03-05,NG026003,NA,Akpanaja,akpanaja,,inec-cvr|inec-pu-directory-2015
25-03-06,NG026003,NA,Madaki,madaki,,inec-cvr|inec-pu-directory-2015
25-03-07,NG026003,NA,Ungwan Sarki Dawaki,ungwan-sarki-dawaki,,inec-cvr|inec-pu-directory-2015
25-03-08,NG026003,NA,Madauchi,madauchi,,inec-cvr|inec-pu-directory-2015
25-03-09,NG026003,NA,Ungwan Dan Galadima,ungwan-dan-galadima,,inec-cvr|inec-pu-directory-2015
25-03-10,NG026003,NA,Sabon Gari,sabon-gari,,inec-cvr|inec-pu-directory-2015
25-04-01,NG026004,NA,Aso/Kodape,aso-kodape,,inec-cvr|inec-pu-directory-2015
25-04-02,NG026004,NA,Agada/Bagaji,agada-bagaji,,inec-cvr|inec-pu-directory-2015
25-04-03,NG026004,NA,Karshi I,karshi-i,,inec-cvr|inec-pu-directory-2015
25-04-04,NG026004,NA,Karshi II,karshi-ii,,inec-cvr|inec-pu-directory-2015
25-04-05,NG026004,NA,Kafin Shanu/Betti,kafin-shanu-betti,,inec-cvr|inec-pu-directory-2015
25-04-06,NG026004,NA,Tattara/Kondoro,tattara-kondoro,,inec-cvr|inec-pu-directory-2015
25-04-07,NG026004,NA,Gitata,gitata,,inec-cvr|inec-pu-directory-2015
25-04-08,NG026004,NA,Gurku/Kabusu,gurku-kabusu,,inec-cvr|inec-pu-directory-2015
25-04-09,NG026004,NA,Uke,uke,,inec-cvr|inec-pu-directory-2015
25-04-10,NG026004,NA,Panda/Kare,panda-kare,,inec-cvr|inec-pu-directory-2015
25-04-11,NG026004,NA,Karu,karu,,inec-cvr|inec-pu-directory-2015
25-05-01,NG026005,NA,Iwagu,iwagu,,inec-cvr|inec-pu-directory-2015
25-05-02,NG026005,NA,Amiri,amiri,,inec-cvr|inec-pu-directory-2015
25-05-03,NG026005,NA,Obene,obene,,inec-cvr|inec-pu-directory-2015
25-05-04,NG026005,NA,Oki,oki,,inec-cvr|inec-pu-directory-2015
25-05-05,NG026005,NA,Kadarko,kadarko,,inec-cvr|inec-pu-directory-2015
25-05-06,NG026005,NA,Kwara,kwara,,inec-cvr|inec-pu-directory-2015
25-05-07,NG026005,NA,Aloshi,aloshi,,inec-cvr|inec-pu-directory-2015
25-05-08,NG026005,NA,Agaza,agaza,,inec-cvr|inec-pu-directory-2015
25-05-09,NG026005,NA,Madaki,madaki,,inec-cvr|inec-pu-directory-2015
25-05-10,NG026005,NA,Giza Galadima,giza-galadima,,inec-cvr|inec-pu-directory-2015
25-06-01,NG026006,NA,Angwan Iya I,angwan-iya-i,,inec-cvr|inec-pu-directory-2015
25-06-02,NG026006,NA,Angwan Iya II,angwan-iya-ii,,inec-cvr|inec-pu-directory-2015
25-06-03,NG026006,NA,Tudun Kofa T.V,tudun-kofa-t-v,,inec-cvr|inec-pu-directory-2015
25-06-04,NG026006,NA,Gangare Tudu,gangare-tudu,,inec-cvr|inec-pu-directory-2015
25-06-05,NG026006,NA,Keffi Town East/Kofar Goriya,keffi-town-east-kofar-goriya,,inec-cvr|inec-pu-directory-2015
25-06-06,NG026006,NA,Yara,yara,,inec-cvr|inec-pu-directory-2015
25-06-07,NG026006,NA,Ang.rimi,ang-rimi,,inec-cvr|inec-pu-directory-2015
25-06-08,NG026006,NA,Sabon Gari,sabon-gari,,inec-cvr|inec-pu-directory-2015
25-06-09,NG026006,NA,Jigwada,jigwada,,inec-cvr|inec-pu-directory-2015
25-06-10,NG026006,NA,Liman Abaji,liman-abaji,,inec-cvr|inec-pu-directory-2015
25-07-01,NG026007,NA,Agwada,agwada,,inec-cvr|inec-pu-directory-2015
25-07-02,NG026007,NA,Koya/Kana,koya-kana,,inec-cvr|inec-pu-directory-2015
25-07-03,NG026007,NA,Bassa,bassa,,inec-cvr|inec-pu-directory-2015
25-07-04,NG026007,NA,Kokona,kokona,,inec-cvr|inec-pu-directory-2015
25-07-05,NG026007,NA,Kofar Gwari,kofar-gwari,,inec-cvr|inec-pu-directory-2015
25-07-06,NG026007,NA,Ninkoro,ninkoro,,inec-cvr|inec-pu-directory-2015
25-07-07,NG026007,NA,Hadari,hadari,,inec-cvr|inec-pu-directory-2015
25-07-08,NG026007,NA,Dari,dari,,inec-cvr|inec-pu-directory-2015
25-07-09,NG026007,NA,Amba,amba,,inec-cvr|inec-pu-directory-2015
25-07-10,NG026007,NA,Garaku,garaku,,inec-cvr|inec-pu-directory-2015
25-07-11,NG026007,NA,Yelwa,yelwa,,inec-cvr|inec-pu-directory-2015
25-08-01,NG026008,NA,Adogi,adogi,,inec-cvr|inec-pu-directory-2015
25-08-02,NG026008,NA,Agyaragun Tofa,agyaragun-tofa,,inec-cvr|inec-pu-directory-2015
25-08-03,NG026008,NA,Bakin Rijiya/Akurba/Sarkin Pada,bakin-rijiya-akurba-sarkin-pada,,inec-cvr|inec-pu-directory-2015
25-08-04,NG026008,NA,Arikya,arikya,,inec-cvr|inec-pu-directory-2015
25-08-05,NG026008,NA,Assakio,assakio,,inec-cvr|inec-pu-directory-2015
25-08-06,NG026008,NA,Ashigie,ashigie,,inec-cvr|inec-pu-directory-2015
25-08-07,NG026008,NA,Chiroma,chiroma,,inec-cvr|inec-pu-directory-2015
25-08-08,NG026008,NA,Gayam,gayam,,inec-cvr|inec-pu-directory-2015
25-08-09,NG026008,NA,Keffin/Wambai,keffin-wambai,,inec-cvr|inec-pu-directory-2015
25-08-10,NG026008,NA,Makama,makama,,inec-cvr|inec-pu-directory-2015
25-08-11,NG026008,NA,Shabu/Kwandere,shabu-kwandere,,inec-cvr|inec-pu-directory-2015
25-08-12,NG026008,NA,Wakwa,wakwa,,inec-cvr|inec-pu-directory-2015
25-08-13,NG026008,NA,Zanwa,zanwa,,inec-cvr|inec-pu-directory-2015
25-09-01,NG026009,NA,Udenin Gida,udenin-gida,,inec-cvr|inec-pu-directory-2015
25-09-02,NG026009,NA,Akum,akum,,inec-cvr|inec-pu-directory-2015
25-09-03,NG026009,NA,Udenin,udenin,,inec-cvr|inec-pu-directory-2015
25-09-04,NG026009,NA,Loko,loko,,inec-cvr|inec-pu-directory-2015
25-09-05,NG026009,NA,Tunga/Bakono,tunga-bakono,,inec-cvr|inec-pu-directory-2015
25-09-06,NG026009,NA,Guto/Aisa,guto-aisa,,inec-cvr|inec-pu-directory-2015
25-09-07,NG026009,NA,Nasarawa North,nasarawa-north,,inec-cvr|inec-pu-directory-2015
25-09-08,NG026009,NA,Nasarawa East,nasarawa-east,,inec-cvr|inec-pu-directory-2015
25-09-09,NG026009,NA,Nasarawa Central,nasarawa-central,,inec-cvr|inec-pu-directory-2015
25-09-10,NG026009,NA,Nasarawa Main Town,nasarawa-main-town,,inec-cvr|inec-pu-directory-2015
25-09-11,NG026009,NA,Ara I,ara-i,,inec-cvr|inec-pu-directory-2015
25-09-12,NG026009,NA,Ara II,ara-ii,,inec-cvr|inec-pu-directory-2015
25-09-13,NG026009,NA,Laminga,laminga,,inec-cvr|inec-pu-directory-2015
25-09-14,NG026009,NA,Kanah/Ondo/Apawu,kanah-ondo-apawu,,inec-cvr|inec-pu-directory-2015
25-09-15,NG026009,NA,Odu,odu,,inec-cvr|inec-pu-directory-2015
25-10-01,NG026010,NA,Nasarawa Eggon,nasarawa-eggon,,inec-cvr|inec-pu-directory-2015
25-10-02,NG026010,NA,Ubbe,ubbe,,inec-cvr|inec-pu-directory-2015
25-10-03,NG026010,NA,Igga/Burumburum,igga-burumburum,,inec-cvr|inec-pu-directory-2015
25-10-04,NG026010,NA,Umme,umme,,inec-cvr|inec-pu-directory-2015
25-10-05,NG026010,NA,Mada Station,mada-station,,inec-cvr|inec-pu-directory-2015
25-10-06,NG026010,NA,Lizzin Keffi/Ezzen,lizzin-keffi-ezzen,,inec-cvr|inec-pu-directory-2015
25-10-07,NG026010,NA,Lambaga/Arikpa,lambaga-arikpa,,inec-cvr|inec-pu-directory-2015
25-10-08,NG026010,NA,Kagbu Wana,kagbu-wana,,inec-cvr|inec-pu-directory-2015
25-10-09,NG026010,NA,Ikka Wangibi,ikka-wangibi,,inec-cvr|inec-pu-directory-2015
25-10-10,NG026010,NA,Ende,ende,,inec-cvr|inec-pu-directory-2015
25-10-11,NG026010,NA,Wakama,wakama,,inec-cvr|inec-pu-directory-2015
25-10-12,NG026010,NA,Aloce/Ginda,aloce-ginda,,inec-cvr|inec-pu-directory-2015
25-10-13,NG026010,NA,Alogani,alogani,,inec-cvr|inec-pu-directory-2015
25-10-14,NG026010,NA,Agunji,agunji,,inec-cvr|inec-pu-directory-2015
25-11-01,NG026011,NA,Agwatashi,agwatashi,,inec-cvr|inec-pu-directory-2015
25-11-02,NG026011,NA,Deddere/Riri,deddere-riri,,inec-cvr|inec-pu-directory-2015
25-11-03,NG026011,NA,Obi,obi,,inec-cvr|inec-pu-directory-2015
25-11-04,NG026011,NA,Tudun Adabu,tudun-adabu,,inec-cvr|inec-pu-directory-2015
25-11-05,NG026011,NA,Duduguru,duduguru,,inec-cvr|inec-pu-directory-2015
25-11-06,NG026011,NA,Gwadenye,gwadenye,,inec-cvr|inec-pu-directory-2015
25-11-07,NG026011,NA,Kyakale,kyakale,,inec-cvr|inec-pu-directory-2015
25-11-08,NG026011,NA,Gidan Ausa I,gidan-ausa-i,,inec-cvr|inec-pu-directory-2015
25-11-09,NG026011,NA,Gidan Ausa II,gidan-ausa-ii,,inec-cvr|inec-pu-directory-2015
25-11-10,NG026011,NA,Adudu,adudu,,inec-cvr|inec-pu-directory-2015
25-12-01,NG026012,NA,Gwargwada,gwargwada,,inec-cvr|inec-pu-directory-2015
25-12-02,NG026012,NA,Gadagwa,gadagwa,,inec-cvr|inec-pu-directory-2015
25-12-03,NG026012,NA,Bugakarmo,bugakarmo,,inec-cvr|inec-pu-directory-2015
25-12-04,NG026012,NA,Umaisha,umaisha,,inec-cvr|inec-pu-directory-2015
25-12-05,NG026012,NA,Dausu,dausu,,inec-cvr|inec-pu-directory-2015
25-12-06,NG026012,NA,Kanyehu,kanyehu,,inec-cvr|inec-pu-directory-2015
25-12-07,NG026012,NA,Ugya,ugya,,inec-cvr|inec-pu-directory-2015
25-12-08,NG026012,NA,Toto,toto,,inec-cvr|inec-pu-directory-2015
25-12-09,NG026012,NA,Shafan Abakpa I,shafan-abakpa-i,Shafan Abakpa,inec-cvr|inec-pu-directory-2015
25-12-10,NG026012,NA,Shafan Kwatto I,shafan-kwatto-i,Shafan Kwato,inec-cvr|inec-pu-directory-2015
25-12-11,NG026012,NA,Shege I,shege-i,Shege,inec-cvr|inec-pu-directory-2015
25-12-12,NG026012,NA,Katakpa I,katakpa-i,Katakpa,inec-cvr|inec-pu-directory-2015
25-13-01,NG026013,NA,Arum,arum,,inec-cvr|inec-pu-directory-2015
25-13-02,NG026013,NA,Mangar,mangar,,inec-cvr|inec-pu-directory-2015
25-13-03,NG026013,NA,Gitta,gitta,,inec-cvr|inec-pu-directory-2015
25-13-04,NG026013,NA,Nakere,nakere,,inec-cvr|inec-pu-directory-2015
25-13-05,NG026013,NA,Konvah,konvah,,inec-cvr|inec-pu-directory-2015
25-13-06,NG026013,NA,Wayo,wayo,,inec-cvr|inec-pu-directory-2015
25-13-07,NG026013,NA,Wamba West,wamba-west,,inec-cvr|inec-pu-directory-2015
25-13-08,NG026013,NA,Wamba East,wamba-east,,inec-cvr|inec-pu-directory-2015
25-13-09,NG026013,NA,Kwara,kwara,,inec-cvr|inec-pu-directory-2015
25-13-10,NG026013,NA,Jimiya,jimiya,,inec-cvr|inec-pu-directory-2015
26-01-01,NG027001,NI,Baro,baro,,inec-cvr|inec-pu-directory-2015
26-01-02,NG027001,NI,Boku,boku,,inec-cvr|inec-pu-directory-2015
26-01-03,NG027001,NI,Ekobadeggi,ekobadeggi,,inec-cvr|inec-pu-directory-2015
26-01-04,NG027001,NI,Ekossa,ekossa,,inec-cvr|inec-pu-directory-2015
26-01-05,NG027001,NI,Ekowugi,ekowugi,,inec-cvr|inec-pu-directory-2015
26-01-06,NG027001,NI,Ekowuna,ekowuna,,inec-cvr|inec-pu-directory-2015
26-01-07,NG027001,NI,Etsugaie,etsugaie,,inec-cvr|inec-pu-directory-2015
26-01-08,NG027001,NI,Dauaci,dauaci,,inec-cvr|inec-pu-directory-2015
26-01-09,NG027001,NI,Kutiriko,kutiriko,,inec-cvr|inec-pu-directory-2015
26-01-10,NG027001,NI,Magaji,magaji,,inec-cvr|inec-pu-directory-2015
26-01-11,NG027001,NI,Tagagi,tagagi,,inec-cvr|inec-pu-directory-2015
26-02-01,NG027002,NI,Adehe,adehe,,inec-cvr|inec-pu-directory-2015
26-02-02,NG027002,NI,Agwata,agwata,,inec-cvr|inec-pu-directory-2015
26-02-03,NG027002,NI,Busuru,busuru,,inec-cvr|inec-pu-directory-2015
26-02-04,NG027002,NI,Gallah,gallah,,inec-cvr|inec-pu-directory-2015
26-02-05,NG027002,NI,Kashini,kashini,,inec-cvr|inec-pu-directory-2015
26-02-06,NG027002,NI,Kokoli,kokoli,,inec-cvr|inec-pu-directory-2015
26-02-07,NG027002,NI,Mago,mago,,inec-cvr|inec-pu-directory-2015
26-02-08,NG027002,NI,Papiri,papiri,,inec-cvr|inec-pu-directory-2015
26-02-09,NG027002,NI,Rofia,rofia,,inec-cvr|inec-pu-directory-2015
26-02-10,NG027002,NI,Suteku,suteku,,inec-cvr|inec-pu-directory-2015
26-03-01,NG027003,NI,Bariki,bariki,,inec-cvr|inec-pu-directory-2015
26-03-02,NG027003,NI,Ceniyan,ceniyan,,inec-cvr|inec-pu-directory-2015
26-03-03,NG027003,NI,Dokodza,dokodza,,inec-cvr|inec-pu-directory-2015
26-03-04,NG027003,NI,Kyari,kyari,,inec-cvr|inec-pu-directory-2015
26-03-05,NG027003,NI,Landzun,landzun,,inec-cvr|inec-pu-directory-2015
26-03-06,NG027003,NI,Masaba I,masaba-i,,inec-cvr|inec-pu-directory-2015
26-03-07,NG027003,NI,Masaba II,masaba-ii,,inec-cvr|inec-pu-directory-2015
26-03-08,NG027003,NI,Masaga I,masaga-i,,inec-cvr|inec-pu-directory-2015
26-03-09,NG027003,NI,Masaga II,masaga-ii,,inec-cvr|inec-pu-directory-2015
26-03-10,NG027003,NI,Mayaki Ndajiya,mayaki-ndajiya,,inec-cvr|inec-pu-directory-2015
26-03-11,NG027003,NI,Nassarafu,nassarafu,,inec-cvr|inec-pu-directory-2015
26-03-12,NG027003,NI,Umaru/Majigi I,umaru-majigi-i,,inec-cvr|inec-pu-directory-2015
26-03-13,NG027003,NI,Umaru Majigi II,umaru-majigi-ii,,inec-cvr|inec-pu-directory-2015
26-03-14,NG027003,NI,Wadata,wadata,,inec-cvr|inec-pu-directory-2015
26-04-01,NG027004,NI,Babanna,babanna,,inec-cvr|inec-pu-directory-2015
26-04-02,NG027004,NI,Dugga,dugga,,inec-cvr|inec-pu-directory-2015
26-04-03,NG027004,NI,Karabonde,karabonde,,inec-cvr|inec-pu-directory-2015
26-04-04,NG027004,NI,Konkoso,konkoso,,inec-cvr|inec-pu-directory-2015
26-04-05,NG027004,NI,Malale,malale,,inec-cvr|inec-pu-directory-2015
26-04-06,NG027004,NI,New Bussa,new-bussa,,inec-cvr|inec-pu-directory-2015
26-04-07,NG027004,NI,Kabe/Pissa,kabe-pissa,,inec-cvr|inec-pu-directory-2015
26-04-08,NG027004,NI,Shagunu,shagunu,,inec-cvr|inec-pu-directory-2015
26-04-09,NG027004,NI,Wawa,wawa,,inec-cvr|inec-pu-directory-2015
26-04-10,NG027004,NI,Riverine,riverine,,inec-cvr|inec-pu-directory-2015
26-05-01,NG027005,NI,Beji,beji,,inec-cvr|inec-pu-directory-2015
26-05-02,NG027005,NI,Bosso Central I,bosso-central-i,,inec-cvr|inec-pu-directory-2015
26-05-03,NG027005,NI,Bosso Central II,bosso-central-ii,,inec-cvr|inec-pu-directory-2015
26-05-04,NG027005,NI,Chanchaga,chanchaga,,inec-cvr|inec-pu-directory-2015
26-05-05,NG027005,NI,Garatu,garatu,,inec-cvr|inec-pu-directory-2015
26-05-06,NG027005,NI,Kampala,kampala,,inec-cvr|inec-pu-directory-2015
26-05-07,NG027005,NI,Kodo,kodo,,inec-cvr|inec-pu-directory-2015
26-05-08,NG027005,NI,Maikunkele,maikunkele,,inec-cvr|inec-pu-directory-2015
26-05-09,NG027005,NI,Maitumbi,maitumbi,,inec-cvr|inec-pu-directory-2015
26-05-10,NG027005,NI,Shata,shata,,inec-cvr|inec-pu-directory-2015
26-06-01,NG027006,NI,Limawa 'A',limawa-a,,inec-cvr|inec-pu-directory-2015
26-06-02,NG027006,NI,Limawa 'B',limawa-b,,inec-cvr|inec-pu-directory-2015
26-06-03,NG027006,NI,Makera,makera,,inec-cvr|inec-pu-directory-2015
26-06-04,NG027006,NI,Minna Central,minna-central,,inec-cvr|inec-pu-directory-2015
26-06-05,NG027006,NI,Minna South,minna-south,,inec-cvr|inec-pu-directory-2015
26-06-06,NG027006,NI,Nassarawa 'A',nassarawa-a,,inec-cvr|inec-pu-directory-2015
26-06-07,NG027006,NI,Nassarawa 'B',nassarawa-b,,inec-cvr|inec-pu-directory-2015
26-06-08,NG027006,NI,Nassarawa 'C',nassarawa-c,,inec-cvr|inec-pu-directory-2015
26-06-09,NG027006,NI,Sabon Gari,sabon-gari,,inec-cvr|inec-pu-directory-2015
26-06-10,NG027006,NI,Tudun Wada North,tudun-wada-north,,inec-cvr|inec-pu-directory-2015
26-06-11,NG027006,NI,Tudun Wada South,tudun-wada-south,,inec-cvr|inec-pu-directory-2015
26-07-01,NG027007,NI,Enagi,enagi,,inec-cvr|inec-pu-directory-2015
26-07-02,NG027007,NI,Etsu Tasha,etsu-tasha,,inec-cvr|inec-pu-directory-2015
26-07-03,NG027007,NI,Fazhi,fazhi,,inec-cvr|inec-pu-directory-2015
26-07-04,NG027007,NI,Gazhe I,gazhe-i,,inec-cvr|inec-pu-directory-2015
26-07-05,NG027007,NI,Gazhe II,gazhe-ii,,inec-cvr|inec-pu-directory-2015
26-07-06,NG027007,NI,Gbangban,gbangban,,inec-cvr|inec-pu-directory-2015
26-07-07,NG027007,NI,Gonagi,gonagi,,inec-cvr|inec-pu-directory-2015
26-07-08,NG027007,NI,Guzan,guzan,,inec-cvr|inec-pu-directory-2015
26-07-09,NG027007,NI,Rokota,rokota,,inec-cvr|inec-pu-directory-2015
26-07-10,NG027007,NI,Sakpe,sakpe,,inec-cvr|inec-pu-directory-2015
26-08-01,NG027008,NI,Batagi,batagi,,inec-cvr|inec-pu-directory-2015
26-08-02,NG027008,NI,Batako,batako,,inec-cvr|inec-pu-directory-2015
26-08-03,NG027008,NI,Edokota,edokota,,inec-cvr|inec-pu-directory-2015
26-08-04,NG027008,NI,Edozhigi,edozhigi,,inec-cvr|inec-pu-directory-2015
26-08-05,NG027008,NI,Etsu Audu,etsu-audu,,inec-cvr|inec-pu-directory-2015
26-08-06,NG027008,NI,Gbadafu,gbadafu,,inec-cvr|inec-pu-directory-2015
26-08-07,NG027008,NI,Gogata,gogata,,inec-cvr|inec-pu-directory-2015
26-08-08,NG027008,NI,Lemu,lemu,,inec-cvr|inec-pu-directory-2015
26-08-09,NG027008,NI,Nuwankota,nuwankota,,inec-cvr|inec-pu-directory-2015
26-08-10,NG027008,NI,Sammajiko,sammajiko,,inec-cvr|inec-pu-directory-2015
26-09-01,NG027009,NI,Bonu,bonu,,inec-cvr|inec-pu-directory-2015
26-09-02,NG027009,NI,Diko,diko,,inec-cvr|inec-pu-directory-2015
26-09-03,NG027009,NI,Gawu,gawu,,inec-cvr|inec-pu-directory-2015
26-09-04,NG027009,NI,Izom,izom,,inec-cvr|inec-pu-directory-2015
26-09-05,NG027009,NI,Kabo,kabo,,inec-cvr|inec-pu-directory-2015
26-09-06,NG027009,NI,Kwaka,kwaka,,inec-cvr|inec-pu-directory-2015
26-09-07,NG027009,NI,Lambata,lambata,,inec-cvr|inec-pu-directory-2015
26-09-08,NG027009,NI,Lefu,lefu,,inec-cvr|inec-pu-directory-2015
26-09-09,NG027009,NI,Shako,shako,,inec-cvr|inec-pu-directory-2015
26-09-10,NG027009,NI,Tufa,tufa,,inec-cvr|inec-pu-directory-2015
26-10-01,NG027010,NI,Bakeko,bakeko,,inec-cvr|inec-pu-directory-2015
26-10-02,NG027010,NI,Badeggi,badeggi,,inec-cvr|inec-pu-directory-2015
26-10-03,NG027010,NI,Bisanti,bisanti,,inec-cvr|inec-pu-directory-2015
26-10-04,NG027010,NI,Dzwafu,dzwafu,,inec-cvr|inec-pu-directory-2015
26-10-05,NG027010,NI,Edotsu,edotsu,,inec-cvr|inec-pu-directory-2015
26-10-06,NG027010,NI,Essa,essa,,inec-cvr|inec-pu-directory-2015
26-10-07,NG027010,NI,Gbakogi,gbakogi,,inec-cvr|inec-pu-directory-2015
26-10-08,NG027010,NI,Katcha,katcha,,inec-cvr|inec-pu-directory-2015
26-10-09,NG027010,NI,Kataregi,kataregi,,inec-cvr|inec-pu-directory-2015
26-10-10,NG027010,NI,Sidi Saba,sidi-saba,,inec-cvr|inec-pu-directory-2015
26-11-01,NG027011,NI,Arewa,arewa,,inec-cvr|inec-pu-directory-2015
26-11-02,NG027011,NI,Central,central,,inec-cvr|inec-pu-directory-2015
26-11-03,NG027011,NI,Gabas,gabas,,inec-cvr|inec-pu-directory-2015
26-11-04,NG027011,NI,Kudu,kudu,,inec-cvr|inec-pu-directory-2015
26-11-05,NG027011,NI,Magajiya,magajiya,,inec-cvr|inec-pu-directory-2015
26-11-06,NG027011,NI,Masuga,masuga,,inec-cvr|inec-pu-directory-2015
26-11-07,NG027011,NI,Madara,madara,,inec-cvr|inec-pu-directory-2015
26-11-08,NG027011,NI,Nagwamatse,nagwamatse,,inec-cvr|inec-pu-directory-2015
26-11-09,NG027011,NI,Rafin Gora,rafin-gora,,inec-cvr|inec-pu-directory-2015
26-11-10,NG027011,NI,Tunganwawa,tunganwawa,,inec-cvr|inec-pu-directory-2015
26-11-11,NG027011,NI,Tungan Kawo,tungan-kawo,,inec-cvr|inec-pu-directory-2015
26-11-12,NG027011,NI,Usalle,usalle,,inec-cvr|inec-pu-directory-2015
26-11-13,NG027011,NI,Yamma,yamma,,inec-cvr|inec-pu-directory-2015
26-12-01,NG027012,NI,Arewa/Yamma,arewa-yamma,,inec-cvr|inec-pu-directory-2015
26-12-02,NG027012,NI,Birnin Maza/Tashibo,birnin-maza-tashibo,,inec-cvr|inec-pu-directory-2015
26-12-03,NG027012,NI,Ebbo/Gbacinku,ebbo-gbacinku,,inec-cvr|inec-pu-directory-2015
26-12-04,NG027012,NI,Evuti/Kpada,evuti-kpada,,inec-cvr|inec-pu-directory-2015
26-12-05,NG027012,NI,Gulu/Anguwa Vatsa,gulu-anguwa-vatsa,,inec-cvr|inec-pu-directory-2015
26-12-06,NG027012,NI,Gupa/Abugi,gupa-abugi,,inec-cvr|inec-pu-directory-2015
26-12-07,NG027012,NI,Gurdi/Zago,gurdi-zago,,inec-cvr|inec-pu-directory-2015
26-12-08,NG027012,NI,Kudu/Gabas,kudu-gabas,,inec-cvr|inec-pu-directory-2015
26-12-09,NG027012,NI,Muye/Egba,muye-egba,,inec-cvr|inec-pu-directory-2015
26-12-10,NG027012,NI,Takuti/Shaku,takuti-shaku,,inec-cvr|inec-pu-directory-2015
26-13-01,NG027013,NI,Busu/Kuchi,busu-kuchi,,inec-cvr|inec-pu-directory-2015
26-13-02,NG027013,NI,Batati,batati,,inec-cvr|inec-pu-directory-2015
26-13-03,NG027013,NI,Dassun,dassun,,inec-cvr|inec-pu-directory-2015
26-13-04,NG027013,NI,Doko,doko,,inec-cvr|inec-pu-directory-2015
26-13-05,NG027013,NI,Dabban,dabban,,inec-cvr|inec-pu-directory-2015
26-13-06,NG027013,NI,Egbako,egbako,,inec-cvr|inec-pu-directory-2015
26-13-07,NG027013,NI,Gaba,gaba,,inec-cvr|inec-pu-directory-2015
26-13-08,NG027013,NI,Jima,jima,,inec-cvr|inec-pu-directory-2015
26-13-09,NG027013,NI,Kutigi,kutigi,,inec-cvr|inec-pu-directory-2015
26-13-10,NG027013,NI,Kusotachi,kusotachi,,inec-cvr|inec-pu-directory-2015
26-13-11,NG027013,NI,Lagun,lagun,,inec-cvr|inec-pu-directory-2015
26-13-12,NG027013,NI,Mambe,mambe,,inec-cvr|inec-pu-directory-2015
26-14-01,NG027014,NI,Auna Central,auna-central,,inec-cvr|inec-pu-directory-2015
26-14-02,NG027014,NI,Auna East Central,auna-east-central,,inec-cvr|inec-pu-directory-2015
26-14-03,NG027014,NI,Auna East,auna-east,,inec-cvr|inec-pu-directory-2015
26-14-04,NG027014,NI,Auna South East,auna-south-east,,inec-cvr|inec-pu-directory-2015
26-14-05,NG027014,NI,Auna South,auna-south,,inec-cvr|inec-pu-directory-2015
26-14-06,NG027014,NI,Ibelu Central,ibelu-central,,inec-cvr|inec-pu-directory-2015
26-14-07,NG027014,NI,Ibelu East,ibelu-east,,inec-cvr|inec-pu-directory-2015
26-14-08,NG027014,NI,Ibelu North,ibelu-north,,inec-cvr|inec-pu-directory-2015
26-14-09,NG027014,NI,Ibelu West,ibelu-west,,inec-cvr|inec-pu-directory-2015
26-14-10,NG027014,NI,Nasko,nasko,,inec-cvr|inec-pu-directory-2015
26-14-11,NG027014,NI,Nassarawa,nassarawa,,inec-cvr|inec-pu-directory-2015
26-15-01,NG027015,NI,Bangi,bangi,,inec-cvr|inec-pu-directory-2015
26-15-02,NG027015,NI,Beri,beri,,inec-cvr|inec-pu-directory-2015
26-15-03,NG027015,NI,Bobi,bobi,,inec-cvr|inec-pu-directory-2015
26-15-04,NG027015,NI,Gulbin-Boka,gulbin-boka,,inec-cvr|inec-pu-directory-2015
26-15-05,NG027015,NI,Galma/Wamba,galma-wamba,,inec-cvr|inec-pu-directory-2015
26-15-06,NG027015,NI,Inkwai,inkwai,,inec-cvr|inec-pu-directory-2015
26-15-07,NG027015,NI,Igwama,igwama,,inec-cvr|inec-pu-directory-2015
26-15-08,NG027015,NI,Kakihum,kakihum,,inec-cvr|inec-pu-directory-2015
26-15-09,NG027015,NI,Kontokoro,kontokoro,,inec-cvr|inec-pu-directory-2015
26-15-10,NG027015,NI,Kumbashi,kumbashi,,inec-cvr|inec-pu-directory-2015
26-15-11,NG027015,NI,Maburya,maburya,,inec-cvr|inec-pu-directory-2015
26-16-01,NG027016,NI,Babban Rami,babban-rami,,inec-cvr|inec-pu-directory-2015
26-16-02,NG027016,NI,Dapangi/Makera,dapangi-makera,,inec-cvr|inec-pu-directory-2015
26-16-03,NG027016,NI,Ibbi,ibbi,,inec-cvr|inec-pu-directory-2015
26-16-04,NG027016,NI,Kaboji,kaboji,,inec-cvr|inec-pu-directory-2015
26-16-05,NG027016,NI,Kasanga,kasanga,,inec-cvr|inec-pu-directory-2015
26-16-06,NG027016,NI,Kwatachi,kwatachi,,inec-cvr|inec-pu-directory-2015
26-16-07,NG027016,NI,Kulho,kulho,,inec-cvr|inec-pu-directory-2015
26-16-08,NG027016,NI,Mashegu,mashegu,,inec-cvr|inec-pu-directory-2015
26-16-09,NG027016,NI,Mazakuka/Likoro,mazakuka-likoro,,inec-cvr|inec-pu-directory-2015
26-16-10,NG027016,NI,Saho-Rami,saho-rami,,inec-cvr|inec-pu-directory-2015
26-17-01,NG027017,NI,Bokani,bokani,,inec-cvr|inec-pu-directory-2015
26-17-02,NG027017,NI,Gbajibo/Muwo,gbajibo-muwo,,inec-cvr|inec-pu-directory-2015
26-17-03,NG027017,NI,Gbara,gbara,,inec-cvr|inec-pu-directory-2015
26-17-04,NG027017,NI,Ja'agi,jaagi,,inec-cvr|inec-pu-directory-2015
26-17-05,NG027017,NI,Jebba North,jebba-north,,inec-cvr|inec-pu-directory-2015
26-17-06,NG027017,NI,Kpaki/Takuma,kpaki-takuma,,inec-cvr|inec-pu-directory-2015
26-17-07,NG027017,NI,Kudu,kudu,,inec-cvr|inec-pu-directory-2015
26-17-08,NG027017,NI,Labozhi,labozhi,,inec-cvr|inec-pu-directory-2015
26-17-09,NG027017,NI,Mokwa,mokwa,,inec-cvr|inec-pu-directory-2015
26-17-10,NG027017,NI,Muregi,muregi,,inec-cvr|inec-pu-directory-2015
26-17-11,NG027017,NI,Rabba/Ndayako,rabba-ndayako,,inec-cvr|inec-pu-directory-2015
26-18-01,NG027018,NI,Beni,beni,,inec-cvr|inec-pu-directory-2015
26-18-02,NG027018,NI,Dandaudu,dandaudu,,inec-cvr|inec-pu-directory-2015
26-18-03,NG027018,NI,Dangunu,dangunu,,inec-cvr|inec-pu-directory-2015
26-18-04,NG027018,NI,Daza,daza,,inec-cvr|inec-pu-directory-2015
26-18-05,NG027018,NI,Fuka,fuka,,inec-cvr|inec-pu-directory-2015
26-18-06,NG027018,NI,Gini,gini,,inec-cvr|inec-pu-directory-2015
26-18-07,NG027018,NI,Guni,guni,,inec-cvr|inec-pu-directory-2015
26-18-08,NG027018,NI,Kabula,kabula,,inec-cvr|inec-pu-directory-2015
26-18-09,NG027018,NI,Kazai,kazai,,inec-cvr|inec-pu-directory-2015
26-18-10,NG027018,NI,Kuchi,kuchi,,inec-cvr|inec-pu-directory-2015
26-18-11,NG027018,NI,Sarkin Pawa,sarkin-pawa,,inec-cvr|inec-pu-directory-2015
26-19-01,NG027019,NI,Adunu,adunu,,inec-cvr|inec-pu-directory-2015
26-19-02,NG027019,NI,Chimbi,chimbi,,inec-cvr|inec-pu-directory-2015
26-19-03,NG027019,NI,Gwam,gwam,,inec-cvr|inec-pu-directory-2015
26-19-04,NG027019,NI,Ishau,ishau,,inec-cvr|inec-pu-directory-2015
26-19-05,NG027019,NI,Jere,jere,,inec-cvr|inec-pu-directory-2015
26-19-06,NG027019,NI,Kafin Koro,kafin-koro,,inec-cvr|inec-pu-directory-2015
26-19-07,NG027019,NI,Kwagana,kwagana,,inec-cvr|inec-pu-directory-2015
26-19-08,NG027019,NI,Kwakuti,kwakuti,,inec-cvr|inec-pu-directory-2015
26-19-09,NG027019,NI,Nikuchi T/Mallam,nikuchi-t-mallam,,inec-cvr|inec-pu-directory-2015
26-19-10,NG027019,NI,Paiko Central,paiko-central,,inec-cvr|inec-pu-directory-2015
26-19-11,NG027019,NI,Tutungo Jedna,tutungo-jedna,,inec-cvr|inec-pu-directory-2015
26-20-01,NG027020,NI,Kagara Gari,kagara-gari,,inec-cvr|inec-pu-directory-2015
26-20-02,NG027020,NI,Kakuri,kakuri,,inec-cvr|inec-pu-directory-2015
26-20-03,NG027020,NI,Kongoma Central,kongoma-central,,inec-cvr|inec-pu-directory-2015
26-20-04,NG027020,NI,Kongoma West,kongoma-west,,inec-cvr|inec-pu-directory-2015
26-20-05,NG027020,NI,Kusherki North,kusherki-north,,inec-cvr|inec-pu-directory-2015
26-20-06,NG027020,NI,Kushirki South,kushirki-south,Kusherki South,inec-cvr|inec-pu-directory-2015
26-20-07,NG027020,NI,Kundu,kundu,,inec-cvr|inec-pu-directory-2015
26-20-08,NG027020,NI,Sabon Gari,sabon-gari,,inec-cvr|inec-pu-directory-2015
26-20-09,NG027020,NI,Tegina Gari,tegina-gari,,inec-cvr|inec-pu-directory-2015
26-20-10,NG027020,NI,Tegina West,tegina-west,,inec-cvr|inec-pu-directory-2015
26-20-11,NG027020,NI,Yakila,yakila,,inec-cvr|inec-pu-directory-2015
26-21-01,NG027021,NI,Danrangi,danrangi,,inec-cvr|inec-pu-directory-2015
26-21-02,NG027021,NI,Dugge,dugge,,inec-cvr|inec-pu-directory-2015
26-21-03,NG027021,NI,Dukku,dukku,,inec-cvr|inec-pu-directory-2015
26-21-04,NG027021,NI,Genu,genu,,inec-cvr|inec-pu-directory-2015
26-21-05,NG027021,NI,Jama'are,jamaare,,inec-cvr|inec-pu-directory-2015
26-21-06,NG027021,NI,Rijau,rijau,,inec-cvr|inec-pu-directory-2015
26-21-07,NG027021,NI,Shambo,shambo,,inec-cvr|inec-pu-directory-2015
26-21-08,NG027021,NI,T/Bunu,t-bunu,,inec-cvr|inec-pu-directory-2015
26-21-09,NG027021,NI,T/Magajiya,t-magajiya,,inec-cvr|inec-pu-directory-2015
26-21-10,NG027021,NI,Ushe,ushe,,inec-cvr|inec-pu-directory-2015
26-21-11,NG027021,NI,Warari,warari,,inec-cvr|inec-pu-directory-2015
26-22-01,NG027022,NI,Allawa,allawa,,inec-cvr|inec-pu-directory-2015
26-22-02,NG027022,NI,Bangajiya,bangajiya,,inec-cvr|inec-pu-directory-2015
26-22-03,NG027022,NI,Bassa/Kukoki,bassa-kukoki,,inec-cvr|inec-pu-directory-2015
26-22-04,NG027022,NI,Egwa/Gwada,egwa-gwada,,inec-cvr|inec-pu-directory-2015
26-22-05,NG027022,NI,Erana,erana,,inec-cvr|inec-pu-directory-2015
26-22-06,NG027022,NI,Galkogo,galkogo,,inec-cvr|inec-pu-directory-2015
26-22-07,NG027022,NI,Gurmana,gurmana,,inec-cvr|inec-pu-directory-2015
26-22-08,NG027022,NI,Gussoro,gussoro,,inec-cvr|inec-pu-directory-2015
26-22-09,NG027022,NI,Kato,kato,,inec-cvr|inec-pu-directory-2015
26-22-10,NG027022,NI,Kushaka/Kurebe,kushaka-kurebe,,inec-cvr|inec-pu-directory-2015
26-22-11,NG027022,NI,Kwaki/Chukwuba,kwaki-chukwuba,,inec-cvr|inec-pu-directory-2015
26-22-12,NG027022,NI,Manta,manta,,inec-cvr|inec-pu-directory-2015
26-22-13,NG027022,NI,Pina,pina,,inec-cvr|inec-pu-directory-2015
26-22-14,NG027022,NI,She,she,,inec-cvr|inec-pu-directory-2015
26-22-15,NG027022,NI,Ubandoma,ubandoma,,inec-cvr|inec-pu-directory-2015
26-23-01,NG027023,NI,Bagama 'A',bagama-a,Bagmama 'A',inec-cvr|inec-pu-directory-2015
26-23-02,NG027023,NI,Bagama 'B',bagama-b,,inec-cvr|inec-pu-directory-2015
26-23-03,NG027023,NI,Hashimi 'A',hashimi-a,,inec-cvr|inec-pu-directory-2015
26-23-04,NG027023,NI,Hashimi 'B',hashimi-b,,inec-cvr|inec-pu-directory-2015
26-23-05,NG027023,NI,Iku South I,iku-south-i,,inec-cvr|inec-pu-directory-2015
26-23-06,NG027023,NI,Iku South II,iku-south-ii,,inec-cvr|inec-pu-directory-2015
26-23-07,NG027023,NI,Kurmin Sarki,kurmin-sarki,,inec-cvr|inec-pu-directory-2015
26-23-08,NG027023,NI,Magajiya,magajiya,,inec-cvr|inec-pu-directory-2015
26-23-09,NG027023,NI,Maje North,maje-north,,inec-cvr|inec-pu-directory-2015
26-23-10,NG027023,NI,Wambai,wambai,,inec-cvr|inec-pu-directory-2015
26-24-01,NG027024,NI,Dogon Kurmi,dogon-kurmi,,inec-cvr|inec-pu-directory-2015
26-24-02,NG027024,NI,Garam,garam,,inec-cvr|inec-pu-directory-2015
26-24-03,NG027024,NI,Ija Gwari,ija-gwari,,inec-cvr|inec-pu-directory-2015
26-24-04,NG027024,NI,Ija Koro,ija-koro,,inec-cvr|inec-pu-directory-2015
26-24-05,NG027024,NI,Iku,iku,,inec-cvr|inec-pu-directory-2015
26-24-06,NG027024,NI,New Bwari,new-bwari,,inec-cvr|inec-pu-directory-2015
26-24-07,NG027024,NI,Wuse West,wuse-west,,inec-cvr|inec-pu-directory-2015
26-24-08,NG027024,NI,Wuse East,wuse-east,,inec-cvr|inec-pu-directory-2015
26-24-09,NG027024,NI,Zuma East,zuma-east,,inec-cvr|inec-pu-directory-2015
26-24-10,NG027024,NI,Zuma West,zuma-west,,inec-cvr|inec-pu-directory-2015
26-25-01,NG027025,NI,Akare,akare,,inec-cvr|inec-pu-directory-2015
26-25-02,NG027025,NI,Barwa,barwa,,inec-cvr|inec-pu-directory-2015
26-25-03,NG027025,NI,Gwarjiko,gwarjiko,,inec-cvr|inec-pu-directory-2015
26-25-04,NG027025,NI,Kanwuri,kanwuri,,inec-cvr|inec-pu-directory-2015
26-25-05,NG027025,NI,Kodo,kodo,,inec-cvr|inec-pu-directory-2015
26-25-06,NG027025,NI,Kwata,kwata,,inec-cvr|inec-pu-directory-2015
26-25-07,NG027025,NI,Lokogoma,lokogoma,,inec-cvr|inec-pu-directory-2015
26-25-08,NG027025,NI,Maito,maito,,inec-cvr|inec-pu-directory-2015
26-25-09,NG027025,NI,Sabon Gari,sabon-gari,,inec-cvr|inec-pu-directory-2015
26-25-10,NG027025,NI,Tukunji/Yamigi,tukunji-yamigi,,inec-cvr|inec-pu-directory-2015
26-25-11,NG027025,NI,Zungeru,zungeru,,inec-cvr|inec-pu-directory-2015
27-01-01,NG028001,OG,Ikereku,ikereku,,inec-cvr|inec-pu-directory-2015
27-01-02,NG028001,OG,Ikija,ikija,,inec-cvr|inec-pu-directory-2015
27-01-03,NG028001,OG,Ago Oko,ago-oko,,inec-cvr|inec-pu-directory-2015
27-01-04,NG028001,OG,Elega,elega,,inec-cvr|inec-pu-directory-2015
27-01-05,NG028001,OG,Ilugun/Iberekodo,ilugun-iberekodo,,inec-cvr|inec-pu-directory-2015
27-01-06,NG028001,OG,Gbagura,gbagura,,inec-cvr|inec-pu-directory-2015
27-01-07,NG028001,OG,Ika,ika,,inec-cvr|inec-pu-directory-2015
27-01-08,NG028001,OG,Lafenwa,lafenwa,,inec-cvr|inec-pu-directory-2015
27-01-09,NG028001,OG,Sabo,sabo,,inec-cvr|inec-pu-directory-2015
27-01-10,NG028001,OG,Oke-Ago Owu,oke-ago-owu,,inec-cvr|inec-pu-directory-2015
27-01-11,NG028001,OG,Totoro/Sokori,totoro-sokori,,inec-cvr|inec-pu-directory-2015
27-01-12,NG028001,OG,Ita-Oshin/Olomore,ita-oshin-olomore,,inec-cvr|inec-pu-directory-2015
27-01-13,NG028001,OG,Olorunda Ijale,olorunda-ijale,,inec-cvr|inec-pu-directory-2015
27-01-14,NG028001,OG,Imala-Idiemi,imala-idiemi,,inec-cvr|inec-pu-directory-2015
27-01-15,NG028001,OG,Isaga Ilewo,isaga-ilewo,,inec-cvr|inec-pu-directory-2015
27-01-16,NG028001,OG,Ibara Orile/Onisasa,ibara-orile-onisasa,,inec-cvr|inec-pu-directory-2015
27-02-01,NG028002,OG,Ake I,ake-i,,inec-cvr|inec-pu-directory-2015
27-02-02,NG028002,OG,Ake II,ake-ii,,inec-cvr|inec-pu-directory-2015
27-02-03,NG028002,OG,Ake III,ake-iii,,inec-cvr|inec-pu-directory-2015
27-02-04,NG028002,OG,Keesi/Emere,keesi-emere,,inec-cvr|inec-pu-directory-2015
27-02-05,NG028002,OG,Ijemo,ijemo,,inec-cvr|inec-pu-directory-2015
27-02-06,NG028002,OG,Itoko,itoko,,inec-cvr|inec-pu-directory-2015
27-02-07,NG028002,OG,Ijaye/Idi-Aba,ijaye-idi-aba,,inec-cvr|inec-pu-directory-2015
27-02-08,NG028002,OG,Erunbe/Oke Ijeun,erunbe-oke-ijeun,,inec-cvr|inec-pu-directory-2015
27-02-09,NG028002,OG,Ago-Egun/Ijesa,ago-egun-ijesa,,inec-cvr|inec-pu-directory-2015
27-02-10,NG028002,OG,Sodeke/Sale-Ijeun I,sodeke-sale-ijeun-i,,inec-cvr|inec-pu-directory-2015
27-02-11,NG028002,OG,Sodeke/Sale-Ijeun II,sodeke-sale-ijeun-ii,,inec-cvr|inec-pu-directory-2015
27-02-12,NG028002,OG,Imo/Isabo,imo-isabo,,inec-cvr|inec-pu-directory-2015
27-02-13,NG028002,OG,Igbore/Ago Oba,igbore-ago-oba,,inec-cvr|inec-pu-directory-2015
27-02-14,NG028002,OG,Ibara I,ibara-i,,inec-cvr|inec-pu-directory-2015
27-02-15,NG028002,OG,Ibara II,ibara-ii,,inec-cvr|inec-pu-directory-2015
27-03-01,NG028003,OG,Ota I,ota-i,,inec-cvr|inec-pu-directory-2015
27-03-02,NG028003,OG,Ota II,ota-ii,,inec-cvr|inec-pu-directory-2015
27-03-03,NG028003,OG,Ota III,ota-iii,,inec-cvr|inec-pu-directory-2015
27-03-04,NG028003,OG,Sango,sango,,inec-cvr|inec-pu-directory-2015
27-03-05,NG028003,OG,Ijoko,ijoko,,inec-cvr|inec-pu-directory-2015
27-03-06,NG028003,OG,Atan,atan,,inec-cvr|inec-pu-directory-2015
27-03-07,NG028003,OG,Iju,iju,,inec-cvr|inec-pu-directory-2015
27-03-08,NG028003,OG,Ilogbo,ilogbo,,inec-cvr|inec-pu-directory-2015
27-03-09,NG028003,OG,Ado Odo I,ado-odo-i,,inec-cvr|inec-pu-directory-2015
27-03-10,NG028003,OG,Ado Odo II,ado-odo-ii,,inec-cvr|inec-pu-directory-2015
27-03-11,NG028003,OG,Ere,ere,,inec-cvr|inec-pu-directory-2015
27-03-12,NG028003,OG,Alapoti,alapoti,,inec-cvr|inec-pu-directory-2015
27-03-13,NG028003,OG,Ketu-Adie-Owe,ketu-adie-owe,,inec-cvr|inec-pu-directory-2015
27-03-14,NG028003,OG,Igbesa,igbesa,,inec-cvr|inec-pu-directory-2015
27-03-15,NG028003,OG,Agbara I,agbara-i,,inec-cvr|inec-pu-directory-2015
27-03-16,NG028003,OG,Agbara/Ejila Awori,agbara-ejila-awori,,inec-cvr|inec-pu-directory-2015
27-04-01,NG028004,OG,Ido Foi,ido-foi,,inec-cvr|inec-pu-directory-2015
27-04-02,NG028004,OG,Aye Toro I,aye-toro-i,,inec-cvr|inec-pu-directory-2015
27-04-03,NG028004,OG,Aye Toro II,aye-toro-ii,,inec-cvr|inec-pu-directory-2015
27-04-04,NG028004,OG,Sunwa,sunwa,,inec-cvr|inec-pu-directory-2015
27-04-05,NG028004,OG,Iboro/Joga,iboro-joga,,inec-cvr|inec-pu-directory-2015
27-04-06,NG028004,OG,Imasai,imasai,,inec-cvr|inec-pu-directory-2015
27-04-07,NG028004,OG,Ebute Igbooro,ebute-igbooro,,inec-cvr|inec-pu-directory-2015
27-04-08,NG028004,OG,Ohunbe,ohunbe,,inec-cvr|inec-pu-directory-2015
27-04-09,NG028004,OG,Igua,igua,,inec-cvr|inec-pu-directory-2015
27-04-10,NG028004,OG,Ijoun,ijoun,,inec-cvr|inec-pu-directory-2015
27-04-11,NG028004,OG,Ibese,ibese,,inec-cvr|inec-pu-directory-2015
27-05-01,NG028005,OG,Ilaro I,ilaro-i,,inec-cvr|inec-pu-directory-2015
27-05-02,NG028005,OG,Ilaro II,ilaro-ii,,inec-cvr|inec-pu-directory-2015
27-05-03,NG028005,OG,Ilaro III,ilaro-iii,,inec-cvr|inec-pu-directory-2015
27-05-04,NG028005,OG,Iwoye,iwoye,,inec-cvr|inec-pu-directory-2015
27-05-05,NG028005,OG,Idogo,idogo,,inec-cvr|inec-pu-directory-2015
27-05-06,NG028005,OG,Oke Odan,oke-odan,,inec-cvr|inec-pu-directory-2015
27-05-07,NG028005,OG,Owode I,owode-i,,inec-cvr|inec-pu-directory-2015
27-05-08,NG028005,OG,Owode II,owode-ii,,inec-cvr|inec-pu-directory-2015
27-05-09,NG028005,OG,Ilobi/Erinja,ilobi-erinja,,inec-cvr|inec-pu-directory-2015
27-05-10,NG028005,OG,Ajilete,ajilete,,inec-cvr|inec-pu-directory-2015
27-06-01,NG028006,OG,Abalabi,abalabi,,inec-cvr|inec-pu-directory-2015
27-06-02,NG028006,OG,Asa/Yobo,asa-yobo,,inec-cvr|inec-pu-directory-2015
27-06-03,NG028006,OG,Arigbajo,arigbajo,,inec-cvr|inec-pu-directory-2015
27-06-04,NG028006,OG,Itori,itori,,inec-cvr|inec-pu-directory-2015
27-06-05,NG028006,OG,Elere/Onigbedu,elere-onigbedu,,inec-cvr|inec-pu-directory-2015
27-06-06,NG028006,OG,Papalanto,papalanto,,inec-cvr|inec-pu-directory-2015
27-06-07,NG028006,OG,Wasimi,wasimi,,inec-cvr|inec-pu-directory-2015
27-06-08,NG028006,OG,Mosan,mosan,,inec-cvr|inec-pu-directory-2015
27-06-09,NG028006,OG,Owowo,owowo,,inec-cvr|inec-pu-directory-2015
27-06-10,NG028006,OG,Obada-Oko,obada-oko,,inec-cvr|inec-pu-directory-2015
27-07-01,NG028007,OG,Ifo I,ifo-i,,inec-cvr|inec-pu-directory-2015
27-07-02,NG028007,OG,Ifo II,ifo-ii,,inec-cvr|inec-pu-directory-2015
27-07-03,NG028007,OG,Ifo III,ifo-iii,,inec-cvr|inec-pu-directory-2015
27-07-04,NG028007,OG,Agbado,agbado,,inec-cvr|inec-pu-directory-2015
27-07-05,NG028007,OG,Iseri,iseri,,inec-cvr|inec-pu-directory-2015
27-07-06,NG028007,OG,Ajuwon/Akute,ajuwon-akute,,inec-cvr|inec-pu-directory-2015
27-07-07,NG028007,OG,Oke-Aro/Ibaragun/Robiyan,oke-aro-ibaragun-robiyan,,inec-cvr|inec-pu-directory-2015
27-07-08,NG028007,OG,Ososun,ososun,,inec-cvr|inec-pu-directory-2015
27-07-09,NG028007,OG,Sunren,sunren,,inec-cvr|inec-pu-directory-2015
27-07-10,NG028007,OG,Coker,coker,,inec-cvr|inec-pu-directory-2015
27-07-11,NG028007,OG,Ibogun,ibogun,,inec-cvr|inec-pu-directory-2015
27-08-01,NG028008,OG,Ijebu Mushin I,ijebu-mushin-i,,inec-cvr|inec-pu-directory-2015
27-08-02,NG028008,OG,Ijebu Mushin II,ijebu-mushin-ii,,inec-cvr|inec-pu-directory-2015
27-08-03,NG028008,OG,Ijebu Ife I,ijebu-ife-i,,inec-cvr|inec-pu-directory-2015
27-08-04,NG028008,OG,Ijebu Ife II,ijebu-ife-ii,,inec-cvr|inec-pu-directory-2015
27-08-05,NG028008,OG,Owu,owu,,inec-cvr|inec-pu-directory-2015
27-08-06,NG028008,OG,Ikija,ikija,,inec-cvr|inec-pu-directory-2015
27-08-07,NG028008,OG,Itele,itele,,inec-cvr|inec-pu-directory-2015
27-08-08,NG028008,OG,Ogbere,ogbere,,inec-cvr|inec-pu-directory-2015
27-08-09,NG028008,OG,Imobi I,imobi-i,,inec-cvr|inec-pu-directory-2015
27-08-10,NG028008,OG,Imobi II,imobi-ii,,inec-cvr|inec-pu-directory-2015
27-08-11,NG028008,OG,Ajebandele,ajebandele,,inec-cvr|inec-pu-directory-2015
27-09-01,NG028009,OG,Atikori,atikori,,inec-cvr|inec-pu-directory-2015
27-09-02,NG028009,OG,Japara/Ojowo,japara-ojowo,,inec-cvr|inec-pu-directory-2015
27-09-03,NG028009,OG,Omen,omen,,inec-cvr|inec-pu-directory-2015
27-09-04,NG028009,OG,Osun,osun,,inec-cvr|inec-pu-directory-2015
27-09-05,NG028009,OG,Oke Agbo,oke-agbo,,inec-cvr|inec-pu-directory-2015
27-09-06,NG028009,OG,Oke Sopin,oke-sopin,,inec-cvr|inec-pu-directory-2015
27-09-07,NG028009,OG,Oru/Awa/Ilaporu,oru-awa-ilaporu,,inec-cvr|inec-pu-directory-2015
27-09-08,NG028009,OG,Ago Iwoye I,ago-iwoye-i,,inec-cvr|inec-pu-directory-2015
27-09-09,NG028009,OG,Ago Iwoye II,ago-iwoye-ii,,inec-cvr|inec-pu-directory-2015
27-09-10,NG028009,OG,Ako-Onigbagbo/Gelete,ako-onigbagbo-gelete,,inec-cvr|inec-pu-directory-2015
27-09-11,NG028009,OG,Mamu/Etiri,mamu-etiri,,inec-cvr|inec-pu-directory-2015
27-10-01,NG028010,OG,Atan/Imuku,atan-imuku,,inec-cvr|inec-pu-directory-2015
27-10-02,NG028010,OG,Odosimadegun/Odosebora,odosimadegun-odosebora,,inec-cvr|inec-pu-directory-2015
27-10-03,NG028010,OG,Imewiro/Ododeyo/Imomo,imewiro-ododeyo-imomo,,inec-cvr|inec-pu-directory-2015
27-10-04,NG028010,OG,Odesenlu,odesenlu,,inec-cvr|inec-pu-directory-2015
27-10-05,NG028010,OG,Igede/Itamarun,igede-itamarun,,inec-cvr|inec-pu-directory-2015
27-10-06,NG028010,OG,Oju Ona,oju-ona,,inec-cvr|inec-pu-directory-2015
27-10-07,NG028010,OG,Isoyin,isoyin,,inec-cvr|inec-pu-directory-2015
27-10-08,NG028010,OG,Ilese,ilese,,inec-cvr|inec-pu-directory-2015
27-10-09,NG028010,OG,Oke-Eri/Ogbogbo,oke-eri-ogbogbo,,inec-cvr|inec-pu-directory-2015
27-10-10,NG028010,OG,Erunwon,erunwon,,inec-cvr|inec-pu-directory-2015
27-11-01,NG028011,OG,Isoku/Ososa,isoku-ososa,,inec-cvr|inec-pu-directory-2015
27-11-02,NG028011,OG,Odo-Esa,odo-esa,,inec-cvr|inec-pu-directory-2015
27-11-03,NG028011,OG,Itantebo,itantebo,,inec-cvr|inec-pu-directory-2015
27-11-04,NG028011,OG,Ijade/Imepe I,ijade-imepe-i,,inec-cvr|inec-pu-directory-2015
27-11-05,NG028011,OG,Ijade/Imepe II,ijade-imepe-ii,,inec-cvr|inec-pu-directory-2015
27-11-06,NG028011,OG,Porogun I,porogun-i,,inec-cvr|inec-pu-directory-2015
27-11-07,NG028011,OG,Porogun II,porogun-ii,,inec-cvr|inec-pu-directory-2015
27-11-08,NG028011,OG,Ijasi/Idepo,ijasi-idepo,,inec-cvr|inec-pu-directory-2015
27-11-09,NG028011,OG,Odo-Egbo/Oliworo,odo-egbo-oliworo,,inec-cvr|inec-pu-directory-2015
27-11-10,NG028011,OG,Isiwo,isiwo,,inec-cvr|inec-pu-directory-2015
27-11-11,NG028011,OG,Itamapako,itamapako,,inec-cvr|inec-pu-directory-2015
27-12-01,NG028012,OG,Ikenne I,ikenne-i,,inec-cvr|inec-pu-directory-2015
27-12-02,NG028012,OG,Ikenne II,ikenne-ii,,inec-cvr|inec-pu-directory-2015
27-12-03,NG028012,OG,Iperu I,iperu-i,,inec-cvr|inec-pu-directory-2015
27-12-04,NG028012,OG,Iperu II,iperu-ii,,inec-cvr|inec-pu-directory-2015
27-12-05,NG028012,OG,Iperu III,iperu-iii,,inec-cvr|inec-pu-directory-2015
27-12-06,NG028012,OG,Ogere I,ogere-i,,inec-cvr|inec-pu-directory-2015
27-12-07,NG028012,OG,Ogere II,ogere-ii,,inec-cvr|inec-pu-directory-2015
27-12-08,NG028012,OG,Ilisan I,ilisan-i,,inec-cvr|inec-pu-directory-2015
27-12-09,NG028012,OG,Ilisan II,ilisan-ii,,inec-cvr|inec-pu-directory-2015
27-12-10,NG028012,OG,Ilisan/Irolu,ilisan-irolu,,inec-cvr|inec-pu-directory-2015
27-13-01,NG028013,OG,Imeko,imeko,,inec-cvr|inec-pu-directory-2015
27-13-02,NG028013,OG,Oke Agbede/Moriwi/Matale,oke-agbede-moriwi-matale,,inec-cvr|inec-pu-directory-2015
27-13-03,NG028013,OG,Idofa,idofa,,inec-cvr|inec-pu-directory-2015
27-13-04,NG028013,OG,Iwoye/Jabata,iwoye-jabata,,inec-cvr|inec-pu-directory-2015
27-13-05,NG028013,OG,Ilara/Alagbe,ilara-alagbe,,inec-cvr|inec-pu-directory-2015
27-13-06,NG028013,OG,Afon,afon,,inec-cvr|inec-pu-directory-2015
27-13-07,NG028013,OG,Otapele,otapele,,inec-cvr|inec-pu-directory-2015
27-13-08,NG028013,OG,Kajola/Agberiodo,kajola-agberiodo,,inec-cvr|inec-pu-directory-2015
27-13-09,NG028013,OG,Olorunda/Gbomo,olorunda-gbomo,,inec-cvr|inec-pu-directory-2015
27-13-10,NG028013,OG,Idi Ayin,idi-ayin,,inec-cvr|inec-pu-directory-2015
27-14-01,NG028014,OG,Ipokia I,ipokia-i,,inec-cvr|inec-pu-directory-2015
27-14-02,NG028014,OG,Ipokia II,ipokia-ii,,inec-cvr|inec-pu-directory-2015
27-14-03,NG028014,OG,Agosasa,agosasa,,inec-cvr|inec-pu-directory-2015
27-14-04,NG028014,OG,Ijofin/Idosa,ijofin-idosa,,inec-cvr|inec-pu-directory-2015
27-14-05,NG028014,OG,Tube,tube,,inec-cvr|inec-pu-directory-2015
27-14-06,NG028014,OG,Agada,agada,,inec-cvr|inec-pu-directory-2015
27-14-07,NG028014,OG,Mauni I,mauni-i,,inec-cvr|inec-pu-directory-2015
27-14-08,NG028014,OG,Mauni II,mauni-ii,,inec-cvr|inec-pu-directory-2015
27-14-09,NG028014,OG,Ajegunle,ajegunle,,inec-cvr|inec-pu-directory-2015
27-14-10,NG028014,OG,Ifonyintedo,ifonyintedo,,inec-cvr|inec-pu-directory-2015
27-14-11,NG028014,OG,Idiroko,idiroko,,inec-cvr|inec-pu-directory-2015
27-14-12,NG028014,OG,Ihunbo/Ilase,ihunbo-ilase,,inec-cvr|inec-pu-directory-2015
27-15-01,NG028015,OG,Mokoloki,mokoloki,,inec-cvr|inec-pu-directory-2015
27-15-02,NG028015,OG,Ofada,ofada,,inec-cvr|inec-pu-directory-2015
27-15-03,NG028015,OG,Owode,owode,,inec-cvr|inec-pu-directory-2015
27-15-04,NG028015,OG,Ajura,ajura,,inec-cvr|inec-pu-directory-2015
27-15-05,NG028015,OG,Moloko-Asipa,moloko-asipa,,inec-cvr|inec-pu-directory-2015
27-15-06,NG028015,OG,Onidundu,onidundu,,inec-cvr|inec-pu-directory-2015
27-15-07,NG028015,OG,Oba,oba,,inec-cvr|inec-pu-directory-2015
27-15-08,NG028015,OG,Egbeda,egbeda,,inec-cvr|inec-pu-directory-2015
27-15-09,NG028015,OG,Kajola,kajola,,inec-cvr|inec-pu-directory-2015
27-15-10,NG028015,OG,Obafemi,obafemi,,inec-cvr|inec-pu-directory-2015
27-15-11,NG028015,OG,Ajebo,ajebo,,inec-cvr|inec-pu-directory-2015
27-15-12,NG028015,OG,Alapako-Oni,alapako-oni,,inec-cvr|inec-pu-directory-2015
27-16-01,NG028016,OG,Odeda,odeda,,inec-cvr|inec-pu-directory-2015
27-16-02,NG028016,OG,Balogun Itesi,balogun-itesi,,inec-cvr|inec-pu-directory-2015
27-16-03,NG028016,OG,Olodo,olodo,,inec-cvr|inec-pu-directory-2015
27-16-04,NG028016,OG,Alagbagba,alagbagba,,inec-cvr|inec-pu-directory-2015
27-16-05,NG028016,OG,Ilugun,ilugun,,inec-cvr|inec-pu-directory-2015
27-16-06,NG028016,OG,Osiele,osiele,,inec-cvr|inec-pu-directory-2015
27-16-07,NG028016,OG,Obantoko,obantoko,,inec-cvr|inec-pu-directory-2015
27-16-08,NG028016,OG,Alabata,alabata,,inec-cvr|inec-pu-directory-2015
27-16-09,NG028016,OG,Obete,obete,,inec-cvr|inec-pu-directory-2015
27-16-10,NG028016,OG,Opeji,opeji,,inec-cvr|inec-pu-directory-2015
27-17-01,NG028017,OG,Imosan,imosan,,inec-cvr|inec-pu-directory-2015
27-17-02,NG028017,OG,Imodi,imodi,,inec-cvr|inec-pu-directory-2015
27-17-03,NG028017,OG,Okun-Owa,okun-owa,,inec-cvr|inec-pu-directory-2015
27-17-04,NG028017,OG,Odogbolu I,odogbolu-i,,inec-cvr|inec-pu-directory-2015
27-17-05,NG028017,OG,Odogbolu II,odogbolu-ii,,inec-cvr|inec-pu-directory-2015
27-17-06,NG028017,OG,Aiyepe,aiyepe,,inec-cvr|inec-pu-directory-2015
27-17-07,NG028017,OG,Ososa,ososa,,inec-cvr|inec-pu-directory-2015
27-17-08,NG028017,OG,Idowa,idowa,,inec-cvr|inec-pu-directory-2015
27-17-09,NG028017,OG,Ibefun,ibefun,,inec-cvr|inec-pu-directory-2015
27-17-10,NG028017,OG,Ilado,ilado,,inec-cvr|inec-pu-directory-2015
27-17-11,NG028017,OG,Ogbo/Moraika/Ita-Epo I,ogbo-moraika-ita-epo-i,,inec-cvr|inec-pu-directory-2015
27-17-12,NG028017,OG,Ala/Igbile,ala-igbile,,inec-cvr|inec-pu-directory-2015
27-17-13,NG028017,OG,Jobore/Ibido/Ikise,jobore-ibido-ikise,,inec-cvr|inec-pu-directory-2015
27-17-14,NG028017,OG,Omu,omu,,inec-cvr|inec-pu-directory-2015
27-17-15,NG028017,OG,Ogbo/Moraika/Ita Epo II,ogbo-moraika-ita-epo-ii,,inec-cvr|inec-pu-directory-2015
27-18-01,NG028018,OG,Iwopin,iwopin,,inec-cvr|inec-pu-directory-2015
27-18-02,NG028018,OG,Oni,oni,,inec-cvr|inec-pu-directory-2015
27-18-03,NG028018,OG,Ibiade,ibiade,,inec-cvr|inec-pu-directory-2015
27-18-04,NG028018,OG,Lukogbe/Ilusin,lukogbe-ilusin,,inec-cvr|inec-pu-directory-2015
27-18-05,NG028018,OG,Abigi,abigi,,inec-cvr|inec-pu-directory-2015
27-18-06,NG028018,OG,Efire,efire,,inec-cvr|inec-pu-directory-2015
27-18-07,NG028018,OG,Ayede/Lomiro,ayede-lomiro,,inec-cvr|inec-pu-directory-2015
27-18-08,NG028018,OG,Ayila/Itebu,ayila-itebu,,inec-cvr|inec-pu-directory-2015
27-18-09,NG028018,OG,Makun/Irokun,makun-irokun,,inec-cvr|inec-pu-directory-2015
27-18-10,NG028018,OG,Ode-Omi,ode-omi,,inec-cvr|inec-pu-directory-2015
27-19-01,NG028019,OG,Ayegbami,ayegbami,,inec-cvr|inec-pu-directory-2015
27-19-02,NG028019,OG,Igan/Ajina,igan-ajina,,inec-cvr|inec-pu-directory-2015
27-19-03,NG028019,OG,Moborode/Oke-Ola,moborode-oke-ola,,inec-cvr|inec-pu-directory-2015
27-19-04,NG028019,OG,Odofin/Imagbo/Petekun/Dawara,odofin-imagbo-petekun-dawara,,inec-cvr|inec-pu-directory-2015
27-19-05,NG028019,OG,Ilara,ilara,,inec-cvr|inec-pu-directory-2015
27-19-06,NG028019,OG,Akaka,akaka,,inec-cvr|inec-pu-directory-2015
27-19-07,NG028019,OG,Ipara,ipara,,inec-cvr|inec-pu-directory-2015
27-19-08,NG028019,OG,Orile-Oko,orile-oko,,inec-cvr|inec-pu-directory-2015
27-19-09,NG028019,OG,Ode I,ode-i,,inec-cvr|inec-pu-directory-2015
27-19-10,NG028019,OG,Ode II,ode-ii,,inec-cvr|inec-pu-directory-2015
27-20-01,NG028020,OG,Oko/Epe/Itula I,oko-epe-itula-i,,inec-cvr|inec-pu-directory-2015
27-20-02,NG028020,OG,Oko/Epe/Itula II,oko-epe-itula-ii,,inec-cvr|inec-pu-directory-2015
27-20-03,NG028020,OG,Ayegbami/Ijokun,ayegbami-ijokun,,inec-cvr|inec-pu-directory-2015
27-20-04,NG028020,OG,Sabo I,sabo-i,,inec-cvr|inec-pu-directory-2015
27-20-05,NG028020,OG,Sabo II,sabo-ii,,inec-cvr|inec-pu-directory-2015
27-20-06,NG028020,OG,Isokun/Oyebajo,isokun-oyebajo,,inec-cvr|inec-pu-directory-2015
27-20-07,NG028020,OG,Ijagba,ijagba,,inec-cvr|inec-pu-directory-2015
27-20-08,NG028020,OG,Latawa,latawa,,inec-cvr|inec-pu-directory-2015
27-20-09,NG028020,OG,Ode-Lemo,ode-lemo,,inec-cvr|inec-pu-directory-2015
27-20-10,NG028020,OG,Ogijo/Likosi,ogijo-likosi,,inec-cvr|inec-pu-directory-2015
27-20-11,NG028020,OG,Surulere,surulere,,inec-cvr|inec-pu-directory-2015
27-20-12,NG028020,OG,Isote,isote,,inec-cvr|inec-pu-directory-2015
27-20-13,NG028020,OG,Simawa/Iwelepe,simawa-iwelepe,,inec-cvr|inec-pu-directory-2015
27-20-14,NG028020,OG,Agbowa,agbowa,,inec-cvr|inec-pu-directory-2015
27-20-15,NG028020,OG,Ibido/Ituwa/Alara,ibido-ituwa-alara,,inec-cvr|inec-pu-directory-2015
28-01-01,NG029001,ON,Edo,edo,,inec-cvr|inec-pu-directory-2015
28-01-02,NG029001,ON,Ekan,ekan,,inec-cvr|inec-pu-directory-2015
28-01-03,NG029001,ON,Ikado I,ikado-i,,inec-cvr|inec-pu-directory-2015
28-01-04,NG029001,ON,Ikado II,ikado-ii,,inec-cvr|inec-pu-directory-2015
28-01-05,NG029001,ON,Ilepa I,ilepa-i,,inec-cvr|inec-pu-directory-2015
28-01-06,NG029001,ON,Ilepa II,ilepa-ii,,inec-cvr|inec-pu-directory-2015
28-01-07,NG029001,ON,Isowopo I,isowopo-i,,inec-cvr|inec-pu-directory-2015
28-01-08,NG029001,ON,Isowopo II,isowopo-ii,,inec-cvr|inec-pu-directory-2015
28-01-09,NG029001,ON,Iyometa I,iyometa-i,,inec-cvr|inec-pu-directory-2015
28-01-10,NG029001,ON,Iyometa II,iyometa-ii,,inec-cvr|inec-pu-directory-2015
28-01-11,NG029001,ON,Oorun I,oorun-i,,inec-cvr|inec-pu-directory-2015
28-01-12,NG029001,ON,Oorun II,oorun-ii,,inec-cvr|inec-pu-directory-2015
28-01-13,NG029001,ON,Oyinmo,oyinmo,,inec-cvr|inec-pu-directory-2015
28-02-01,NG029002,ON,Arigidi/Iye I,arigidi-iye-i,,inec-cvr|inec-pu-directory-2015
28-02-02,NG029002,ON,Arigidi II,arigidi-ii,,inec-cvr|inec-pu-directory-2015
28-02-03,NG029002,ON,Okeagbe,okeagbe,,inec-cvr|inec-pu-directory-2015
28-02-04,NG029002,ON,Oyin/Oge,oyin-oge,,inec-cvr|inec-pu-directory-2015
28-02-05,NG029002,ON,Ajowa/Igasi/Eriti/Gedegede,ajowa-igasi-eriti-gedegede,,inec-cvr|inec-pu-directory-2015
28-02-06,NG029002,ON,Ogbagi,ogbagi,,inec-cvr|inec-pu-directory-2015
28-02-07,NG029002,ON,Oke-Irun/Surulere,oke-irun-surulere,,inec-cvr|inec-pu-directory-2015
28-02-08,NG029002,ON,Odo-Irun/Oyinmo,odo-irun-oyinmo,,inec-cvr|inec-pu-directory-2015
28-02-09,NG029002,ON,Ese/Afin,ese-afin,,inec-cvr|inec-pu-directory-2015
28-02-10,NG029002,ON,Erusu/Karamu/Ibaramu,erusu-karamu-ibaramu,,inec-cvr|inec-pu-directory-2015
28-03-01,NG029003,ON,Epinmi I,epinmi-i,,inec-cvr|inec-pu-directory-2015
28-03-02,NG029003,ON,Epinmi II,epinmi-ii,,inec-cvr|inec-pu-directory-2015
28-03-03,NG029003,ON,Ifira,ifira,,inec-cvr|inec-pu-directory-2015
28-03-04,NG029003,ON,Ipe I,ipe-i,,inec-cvr|inec-pu-directory-2015
28-03-05,NG029003,ON,Ipe II,ipe-ii,,inec-cvr|inec-pu-directory-2015
28-03-06,NG029003,ON,Ipesi,ipesi,,inec-cvr|inec-pu-directory-2015
28-03-07,NG029003,ON,Isua I,isua-i,,inec-cvr|inec-pu-directory-2015
28-03-08,NG029003,ON,Isua II,isua-ii,,inec-cvr|inec-pu-directory-2015
28-03-09,NG029003,ON,Isua III,isua-iii,,inec-cvr|inec-pu-directory-2015
28-03-10,NG029003,ON,Isua IV,isua-iv,,inec-cvr|inec-pu-directory-2015
28-03-11,NG029003,ON,Sosan,sosan,,inec-cvr|inec-pu-directory-2015
28-04-01,NG029004,ON,Oka I Ibaka/Sabo,oka-i-ibaka-sabo,,inec-cvr|inec-pu-directory-2015
28-04-02,NG029004,ON,Oka II A Ikanmu,oka-ii-a-ikanmu,,inec-cvr|inec-pu-directory-2015
28-04-03,NG029004,ON,Oka II B Okia/Korowa/Simerin/Uba,oka-ii-b-okia-korowa-simerin-uba,,inec-cvr|inec-pu-directory-2015
28-04-04,NG029004,ON,Oka III A Agba,oka-iii-a-agba,,inec-cvr|inec-pu-directory-2015
28-04-05,NG029004,ON,Oka III B Owase/Ikese/Iwonrin/Ebinrin/Idorin,oka-iii-b-owase-ikese-iwonrin-ebinrin-idorin,,inec-cvr|inec-pu-directory-2015
28-04-06,NG029004,ON,Oka IV/Owake/Ebo/Ayegunle,oka-iv-owake-ebo-ayegunle,,inec-cvr|inec-pu-directory-2015
28-04-07,NG029004,ON,Oka V A Owalusin/Ayepe,oka-v-a-owalusin-ayepe,,inec-cvr|inec-pu-directory-2015
28-04-08,NG029004,ON,Oka V B Oka Odo/Okela/Bolorunduro,oka-v-b-oka-odo-okela-bolorunduro,,inec-cvr|inec-pu-directory-2015
28-04-09,NG029004,ON,Ikun,ikun,,inec-cvr|inec-pu-directory-2015
28-04-10,NG029004,ON,Supare I,supare-i,,inec-cvr|inec-pu-directory-2015
28-04-11,NG029004,ON,Supare II,supare-ii,,inec-cvr|inec-pu-directory-2015
28-04-12,NG029004,ON,Akungba I,akungba-i,,inec-cvr|inec-pu-directory-2015
28-04-13,NG029004,ON,Akungba II,akungba-ii,,inec-cvr|inec-pu-directory-2015
28-04-14,NG029004,ON,Oba I,oba-i,,inec-cvr|inec-pu-directory-2015
28-04-15,NG029004,ON,Oba II,oba-ii,,inec-cvr|inec-pu-directory-2015
28-05-01,NG029005,ON,Agamo/Oke-Oore/Akomowa,agamo-oke-oore-akomowa,,inec-cvr|inec-pu-directory-2015
28-05-02,NG029005,ON,Ayede/Ogbese,ayede-ogbese,,inec-cvr|inec-pu-directory-2015
28-05-03,NG029005,ON,Ayetoro,ayetoro,,inec-cvr|inec-pu-directory-2015
28-05-04,NG029005,ON,Igbatoro,igbatoro,,inec-cvr|inec-pu-directory-2015
28-05-05,NG029005,ON,Igoba/Isinigbo,igoba-isinigbo,,inec-cvr|inec-pu-directory-2015
28-05-06,NG029005,ON,Iluabo/Eleyewo/Bolorunduro,iluabo-eleyewo-bolorunduro,,inec-cvr|inec-pu-directory-2015
28-05-07,NG029005,ON,Isimija/Irado,isimija-irado,,inec-cvr|inec-pu-directory-2015
28-05-08,NG029005,ON,Moferere,moferere,,inec-cvr|inec-pu-directory-2015
28-05-09,NG029005,ON,Oba-Ile,oba-ile,,inec-cvr|inec-pu-directory-2015
28-05-10,NG029005,ON,Odo-Oja/Ijigbo,odo-oja-ijigbo,,inec-cvr|inec-pu-directory-2015
28-05-11,NG029005,ON,Oke-Afa/Owode,oke-afa-owode,,inec-cvr|inec-pu-directory-2015
28-05-12,NG029005,ON,Oke Iju,oke-iju,,inec-cvr|inec-pu-directory-2015
28-06-01,NG029006,ON,Aponmu,aponmu,,inec-cvr|inec-pu-directory-2015
28-06-02,NG029006,ON,Gbogi/Isikan I,gbogi-isikan-i,,inec-cvr|inec-pu-directory-2015
28-06-03,NG029006,ON,Gbogi/Isikan II,gbogi-isikan-ii,,inec-cvr|inec-pu-directory-2015
28-06-04,NG029006,ON,Ijomu/Obanla,ijomu-obanla,,inec-cvr|inec-pu-directory-2015
28-06-05,NG029006,ON,Lisa,lisa,,inec-cvr|inec-pu-directory-2015
28-06-06,NG029006,ON,Oda,oda,,inec-cvr|inec-pu-directory-2015
28-06-07,NG029006,ON,Odopetu,odopetu,,inec-cvr|inec-pu-directory-2015
28-06-08,NG029006,ON,Oke Aro/Uro I,oke-aro-uro-i,,inec-cvr|inec-pu-directory-2015
28-06-09,NG029006,ON,Oke Aro/Uro II,oke-aro-uro-ii,,inec-cvr|inec-pu-directory-2015
28-06-10,NG029006,ON,Oshodi/Isolo,oshodi-isolo,,inec-cvr|inec-pu-directory-2015
28-06-11,NG029006,ON,Owode/Imuagun,owode-imuagun,,inec-cvr|inec-pu-directory-2015
28-07-01,NG029007,ON,Apoi I,apoi-i,,inec-cvr|inec-pu-directory-2015
28-07-02,NG029007,ON,Apoi II,apoi-ii,,inec-cvr|inec-pu-directory-2015
28-07-03,NG029007,ON,Apoi III,apoi-iii,,inec-cvr|inec-pu-directory-2015
28-07-04,NG029007,ON,Apoi IV,apoi-iv,,inec-cvr|inec-pu-directory-2015
28-07-05,NG029007,ON,Apoi V,apoi-v,,inec-cvr|inec-pu-directory-2015
28-07-06,NG029007,ON,Arogbo I,arogbo-i,,inec-cvr|inec-pu-directory-2015
28-07-07,NG029007,ON,Arogbo II,arogbo-ii,,inec-cvr|inec-pu-directory-2015
28-07-08,NG029007,ON,Arogbo III,arogbo-iii,,inec-cvr|inec-pu-directory-2015
28-07-09,NG029007,ON,Ukparama I,ukparama-i,,inec-cvr|inec-pu-directory-2015
28-07-10,NG029007,ON,Ukparama II,ukparama-ii,,inec-cvr|inec-pu-directory-2015
28-08-01,NG029008,ON,Ala-Elefosan,ala-elefosan,,inec-cvr|inec-pu-directory-2015
28-08-02,NG029008,ON,Alade/Atosin,alade-atosin,,inec-cvr|inec-pu-directory-2015
28-08-03,NG029008,ON,Idale-Lemikan,idale-lemikan,,inec-cvr|inec-pu-directory-2015
28-08-04,NG029008,ON,Idale-Logbosere,idale-logbosere,,inec-cvr|inec-pu-directory-2015
28-08-05,NG029008,ON,Ijomu/Isurin,ijomu-isurin,,inec-cvr|inec-pu-directory-2015
28-08-06,NG029008,ON,Irowo,irowo,,inec-cvr|inec-pu-directory-2015
28-08-07,NG029008,ON,Isalu Ehinpeti,isalu-ehinpeti,,inec-cvr|inec-pu-directory-2015
28-08-08,NG029008,ON,Isalu Jigbokin,isalu-jigbokin,,inec-cvr|inec-pu-directory-2015
28-08-09,NG029008,ON,Ofosu/Onisere,ofosu-onisere,,inec-cvr|inec-pu-directory-2015
28-08-10,NG029008,ON,Owena/Aponmulona,owena-aponmulona,,inec-cvr|inec-pu-directory-2015
28-09-01,NG029009,ON,Ero/Ibuji/Mariwo,ero-ibuji-mariwo,,inec-cvr|inec-pu-directory-2015
28-09-02,NG029009,ON,Igbaka-Oke I,igbaka-oke-i,,inec-cvr|inec-pu-directory-2015
28-09-03,NG029009,ON,Igbaka-Oke II,igbaka-oke-ii,,inec-cvr|inec-pu-directory-2015
28-09-04,NG029009,ON,Ijare I,ijare-i,,inec-cvr|inec-pu-directory-2015
28-09-05,NG029009,ON,Ijare II,ijare-ii,,inec-cvr|inec-pu-directory-2015
28-09-06,NG029009,ON,Obo/Ikota/Olo-Gbo,obo-ikota-olo-gbo,,inec-cvr|inec-pu-directory-2015
28-09-07,NG029009,ON,Ilara I,ilara-i,,inec-cvr|inec-pu-directory-2015
28-09-08,NG029009,ON,Ilara II,ilara-ii,,inec-cvr|inec-pu-directory-2015
28-09-09,NG029009,ON,Ipogun/Ibule,ipogun-ibule,,inec-cvr|inec-pu-directory-2015
28-09-10,NG029009,ON,Isarun/Erigi,isarun-erigi,,inec-cvr|inec-pu-directory-2015
28-10-01,NG029010,ON,Aheri,aheri,,inec-cvr|inec-pu-directory-2015
28-10-02,NG029010,ON,Etikan,etikan,,inec-cvr|inec-pu-directory-2015
28-10-03,NG029010,ON,Mahin I,mahin-i,,inec-cvr|inec-pu-directory-2015
28-10-04,NG029010,ON,Mahin II,mahin-ii,,inec-cvr|inec-pu-directory-2015
28-10-05,NG029010,ON,Mahin III,mahin-iii,,inec-cvr|inec-pu-directory-2015
28-10-06,NG029010,ON,Mahin IV,mahin-iv,,inec-cvr|inec-pu-directory-2015
28-10-07,NG029010,ON,Ugbo I,ugbo-i,,inec-cvr|inec-pu-directory-2015
28-10-08,NG029010,ON,Ugbo II,ugbo-ii,,inec-cvr|inec-pu-directory-2015
28-10-09,NG029010,ON,Ugbo III,ugbo-iii,,inec-cvr|inec-pu-directory-2015
28-10-10,NG029010,ON,Ugbo IV,ugbo-iv,,inec-cvr|inec-pu-directory-2015
28-10-11,NG029010,ON,Ugbo V,ugbo-v,,inec-cvr|inec-pu-directory-2015
28-10-12,NG029010,ON,Ugbo VI,ugbo-vi,,inec-cvr|inec-pu-directory-2015
28-11-01,NG029011,ON,Ileoluji I,ileoluji-i,,inec-cvr|inec-pu-directory-2015
28-11-02,NG029011,ON,Ileoluji II,ileoluji-ii,,inec-cvr|inec-pu-directory-2015
28-11-03,NG029011,ON,Ileoluji III,ileoluji-iii,,inec-cvr|inec-pu-directory-2015
28-11-04,NG029011,ON,Ileoluji IV,ileoluji-iv,,inec-cvr|inec-pu-directory-2015
28-11-05,NG029011,ON,Ileoluji V,ileoluji-v,,inec-cvr|inec-pu-directory-2015
28-11-06,NG029011,ON,Ileoluji VI,ileoluji-vi,,inec-cvr|inec-pu-directory-2015
28-11-07,NG029011,ON,Oke-Igbo I,oke-igbo-i,,inec-cvr|inec-pu-directory-2015
28-11-08,NG029011,ON,Oke-Igbo II,oke-igbo-ii,,inec-cvr|inec-pu-directory-2015
28-11-09,NG029011,ON,Oke-Igbo III,oke-igbo-iii,,inec-cvr|inec-pu-directory-2015
28-11-10,NG029011,ON,Oke-Igbo IV,oke-igbo-iv,,inec-cvr|inec-pu-directory-2015
28-12-01,NG029012,ON,Ajagba I,ajagba-i,,inec-cvr|inec-pu-directory-2015
28-12-02,NG029012,ON,Ajagba II,ajagba-ii,,inec-cvr|inec-pu-directory-2015
28-12-03,NG029012,ON,Akotogbo I,akotogbo-i,,inec-cvr|inec-pu-directory-2015
28-12-04,NG029012,ON,Akotogbo II,akotogbo-ii,,inec-cvr|inec-pu-directory-2015
28-12-05,NG029012,ON,Iyansan/Omi,iyansan-omi,,inec-cvr|inec-pu-directory-2015
28-12-06,NG029012,ON,Irele I,irele-i,,inec-cvr|inec-pu-directory-2015
28-12-07,NG029012,ON,Irele II,irele-ii,,inec-cvr|inec-pu-directory-2015
28-12-08,NG029012,ON,Irele III,irele-iii,,inec-cvr|inec-pu-directory-2015
28-12-09,NG029012,ON,Irele IV,irele-iv,,inec-cvr|inec-pu-directory-2015
28-12-10,NG029012,ON,Irele V,irele-v,,inec-cvr|inec-pu-directory-2015
28-13-01,NG029013,ON,Agbabu,agbabu,,inec-cvr|inec-pu-directory-2015
28-13-02,NG029013,ON,Ago-Alaye,ago-alaye,,inec-cvr|inec-pu-directory-2015
28-13-03,NG029013,ON,Ajue,ajue,,inec-cvr|inec-pu-directory-2015
28-13-04,NG029013,ON,Araromi Obu,araromi-obu,,inec-cvr|inec-pu-directory-2015
28-13-05,NG029013,ON,Ayesan,ayesan,,inec-cvr|inec-pu-directory-2015
28-13-06,NG029013,ON,Ebijan,ebijan,,inec-cvr|inec-pu-directory-2015
28-13-07,NG029013,ON,Koseru,koseru,,inec-cvr|inec-pu-directory-2015
28-13-08,NG029013,ON,Odigbo,odigbo,,inec-cvr|inec-pu-directory-2015
28-13-09,NG029013,ON,Oniparaga,oniparaga,,inec-cvr|inec-pu-directory-2015
28-13-10,NG029013,ON,Ore I,ore-i,,inec-cvr|inec-pu-directory-2015
28-13-11,NG029013,ON,Ore II,ore-ii,,inec-cvr|inec-pu-directory-2015
28-14-01,NG029014,ON,Ayeka/Igbodigo,ayeka-igbodigo,,inec-cvr|inec-pu-directory-2015
28-14-02,NG029014,ON,Erinje,erinje,,inec-cvr|inec-pu-directory-2015
28-14-03,NG029014,ON,Igbotako I,igbotako-i,,inec-cvr|inec-pu-directory-2015
28-14-04,NG029014,ON,Igbotako II,igbotako-ii,,inec-cvr|inec-pu-directory-2015
28-14-05,NG029014,ON,Iju-Odo/Erekiti,iju-odo-erekiti,,inec-cvr|inec-pu-directory-2015
28-14-06,NG029014,ON,Ikoya/Oloto,ikoya-oloto,,inec-cvr|inec-pu-directory-2015
28-14-07,NG029014,ON,Ilutitun I,ilutitun-i,,inec-cvr|inec-pu-directory-2015
28-14-08,NG029014,ON,Ilutitun II,ilutitun-ii,,inec-cvr|inec-pu-directory-2015
28-14-09,NG029014,ON,Ilutitun III,ilutitun-iii,,inec-cvr|inec-pu-directory-2015
28-14-10,NG029014,ON,Ode Aye I,ode-aye-i,,inec-cvr|inec-pu-directory-2015
28-14-11,NG029014,ON,Aye II,aye-ii,,inec-cvr|inec-pu-directory-2015
28-14-12,NG029014,ON,Okitipupa I,okitipupa-i,,inec-cvr|inec-pu-directory-2015
28-14-13,NG029014,ON,Okitipupa II,okitipupa-ii,,inec-cvr|inec-pu-directory-2015
28-15-01,NG029015,ON,Ateru/Otasan/Igba,ateru-otasan-igba,,inec-cvr|inec-pu-directory-2015
28-15-02,NG029015,ON,Asantan Oja,asantan-oja,,inec-cvr|inec-pu-directory-2015
28-15-03,NG029015,ON,Bolorunduro I,bolorunduro-i,,inec-cvr|inec-pu-directory-2015
28-15-04,NG029015,ON,Epe,epe,,inec-cvr|inec-pu-directory-2015
28-15-05,NG029015,ON,Fagbo,fagbo,,inec-cvr|inec-pu-directory-2015
28-15-06,NG029015,ON,Obada,obada,,inec-cvr|inec-pu-directory-2015
28-15-07,NG029015,ON,Oboto,oboto,,inec-cvr|inec-pu-directory-2015
28-15-08,NG029015,ON,Orisunmibare,orisunmibare,,inec-cvr|inec-pu-directory-2015
28-15-09,NG029015,ON,Owena Bridge,owena-bridge,,inec-cvr|inec-pu-directory-2015
28-15-10,NG029015,ON,Tepo,tepo,,inec-cvr|inec-pu-directory-2015
28-16-01,NG029016,ON,Enuowa/Obalalu,enuowa-obalalu,,inec-cvr|inec-pu-directory-2015
28-16-02,NG029016,ON,Gbaghengha/Gbongbo/Ajagba Alafia,gbaghengha-gbongbo-ajagba-alafia,,inec-cvr|inec-pu-directory-2015
28-16-03,NG029016,ON,Ifore/Odosida/Loro,ifore-odosida-loro,,inec-cvr|inec-pu-directory-2015
28-16-04,NG029016,ON,Ilunla/Bagbe/Odowo I,ilunla-bagbe-odowo-i,,inec-cvr|inec-pu-directory-2015
28-16-05,NG029016,ON,Ilunla/Bagbe/Odowo II,ilunla-bagbe-odowo-ii,,inec-cvr|inec-pu-directory-2015
28-16-06,NG029016,ON,Litaye/Obunkekere/Igbindo,litaye-obunkekere-igbindo,,inec-cvr|inec-pu-directory-2015
28-16-07,NG029016,ON,Lodasa/Iparuku/Lijoka,lodasa-iparuku-lijoka,,inec-cvr|inec-pu-directory-2015
28-16-08,NG029016,ON,Odojomu/Erinketa/Legiri,odojomu-erinketa-legiri,,inec-cvr|inec-pu-directory-2015
28-16-09,NG029016,ON,Okeagunla Okerowo/Okekuta,okeagunla-okerowo-okekuta,,inec-cvr|inec-pu-directory-2015
28-16-10,NG029016,ON,Oke-Otunba/Oke-Diba/Sokoti,oke-otunba-oke-diba-sokoti,,inec-cvr|inec-pu-directory-2015
28-16-11,NG029016,ON,Okelisa Okedoko/Ogbodu,okelisa-okedoko-ogbodu,,inec-cvr|inec-pu-directory-2015
28-16-12,NG029016,ON,Orisunmibare/Araromi,orisunmibare-araromi,,inec-cvr|inec-pu-directory-2015
28-17-01,NG029017,ON,Afo,afo,,inec-cvr|inec-pu-directory-2015
28-17-02,NG029017,ON,Idoani I,idoani-i,,inec-cvr|inec-pu-directory-2015
28-17-03,NG029017,ON,Idoani II,idoani-ii,,inec-cvr|inec-pu-directory-2015
28-17-04,NG029017,ON,Idogun,idogun,,inec-cvr|inec-pu-directory-2015
28-17-05,NG029017,ON,Ifon I,ifon-i,,inec-cvr|inec-pu-directory-2015
28-17-06,NG029017,ON,Ifon II,ifon-ii,,inec-cvr|inec-pu-directory-2015
28-17-07,NG029017,ON,Ijagba,ijagba,,inec-cvr|inec-pu-directory-2015
28-17-08,NG029017,ON,Ikaro/Elegbeka,ikaro-elegbeka,,inec-cvr|inec-pu-directory-2015
28-17-09,NG029017,ON,Imeri,imeri,,inec-cvr|inec-pu-directory-2015
28-17-10,NG029017,ON,Imoru/Arimogija,imoru-arimogija,,inec-cvr|inec-pu-directory-2015
28-17-11,NG029017,ON,Okeluse,okeluse,,inec-cvr|inec-pu-directory-2015
28-17-12,NG029017,ON,Ute,ute,,inec-cvr|inec-pu-directory-2015
28-18-01,NG029018,ON,Ehinogbe,ehinogbe,,inec-cvr|inec-pu-directory-2015
28-18-02,NG029018,ON,Igboroko I,igboroko-i,,inec-cvr|inec-pu-directory-2015
28-18-03,NG029018,ON,Igboroko II,igboroko-ii,,inec-cvr|inec-pu-directory-2015
28-18-04,NG029018,ON,Ijebu I,ijebu-i,,inec-cvr|inec-pu-directory-2015
28-18-05,NG029018,ON,Ijebu II,ijebu-ii,,inec-cvr|inec-pu-directory-2015
28-18-06,NG029018,ON,Iloro,iloro,,inec-cvr|inec-pu-directory-2015
28-18-07,NG029018,ON,Ipele,ipele,,inec-cvr|inec-pu-directory-2015
28-18-08,NG029018,ON,Isaipen,isaipen,,inec-cvr|inec-pu-directory-2015
28-18-09,NG029018,ON,Isuada/Ipenmen/Idasan/Obasooto,isuada-ipenmen-idasan-obasooto,,inec-cvr|inec-pu-directory-2015
28-18-10,NG029018,ON,Iyare,iyare,Iyere,inec-cvr|inec-pu-directory-2015
28-18-11,NG029018,ON,Uso/Emure Ile,uso-emure-ile,,inec-cvr|inec-pu-directory-2015
29-01-01,NG030003,OS,Iwara,iwara,,inec-cvr|inec-pu-directory-2015
29-01-02,NG030003,OS,Igangan,igangan,,inec-cvr|inec-pu-directory-2015
29-01-03,NG030003,OS,Ipole,ipole,,inec-cvr|inec-pu-directory-2015
29-01-04,NG030003,OS,Iperindo,iperindo,,inec-cvr|inec-pu-directory-2015
29-01-05,NG030003,OS,Eti-Oni,eti-oni,,inec-cvr|inec-pu-directory-2015
29-01-06,NG030003,OS,Ayegunle,ayegunle,,inec-cvr|inec-pu-directory-2015
29-01-07,NG030003,OS,Forest Reserve I,forest-reserve-i,,inec-cvr|inec-pu-directory-2015
29-01-08,NG030003,OS,Forest Reserve II,forest-reserve-ii,,inec-cvr|inec-pu-directory-2015
29-01-09,NG030003,OS,Faforiji,faforiji,,inec-cvr|inec-pu-directory-2015
29-01-10,NG030003,OS,Ajebandele,ajebandele,,inec-cvr|inec-pu-directory-2015
29-02-01,NG030004,OS,Osu I,osu-i,,inec-cvr|inec-pu-directory-2015
29-02-02,NG030004,OS,Osu II,osu-ii,,inec-cvr|inec-pu-directory-2015
29-02-03,NG030004,OS,Osu III,osu-iii,,inec-cvr|inec-pu-directory-2015
29-02-04,NG030004,OS,Ibodi,ibodi,,inec-cvr|inec-pu-directory-2015
29-02-05,NG030004,OS,Ifelodun,ifelodun,,inec-cvr|inec-pu-directory-2015
29-02-06,NG030004,OS,Itagunmodi,itagunmodi,,inec-cvr|inec-pu-directory-2015
29-02-07,NG030004,OS,Oke Bode,oke-bode,,inec-cvr|inec-pu-directory-2015
29-02-08,NG030004,OS,Isa Obi,isa-obi,,inec-cvr|inec-pu-directory-2015
29-02-09,NG030004,OS,Muroko,muroko,,inec-cvr|inec-pu-directory-2015
29-02-10,NG030004,OS,Ifewara I,ifewara-i,,inec-cvr|inec-pu-directory-2015
29-02-11,NG030004,OS,Ifewara II,ifewara-ii,,inec-cvr|inec-pu-directory-2015
29-03-01,NG030001,OS,Balogun,balogun,,inec-cvr|inec-pu-directory-2015
29-03-02,NG030001,OS,Otun Balogun,otun-balogun,,inec-cvr|inec-pu-directory-2015
29-03-03,NG030001,OS,Olufi,olufi,,inec-cvr|inec-pu-directory-2015
29-03-04,NG030001,OS,Otun-Olufi,otun-olufi,,inec-cvr|inec-pu-directory-2015
29-03-05,NG030001,OS,Ijegbe/Oke-Eso/Oke-Owu Ijugbe,ijegbe-oke-eso-oke-owu-ijugbe,,inec-cvr|inec-pu-directory-2015
29-03-06,NG030001,OS,Lagere/Amola,lagere-amola,,inec-cvr|inec-pu-directory-2015
29-03-07,NG030001,OS,Gbongan Rural,gbongan-rural,,inec-cvr|inec-pu-directory-2015
29-03-08,NG030001,OS,Ode-Omu Rural,ode-omu-rural,,inec-cvr|inec-pu-directory-2015
29-03-09,NG030001,OS,Obalufon,obalufon,,inec-cvr|inec-pu-directory-2015
29-03-10,NG030001,OS,Anlugbua,anlugbua,,inec-cvr|inec-pu-directory-2015
29-03-11,NG030001,OS,Araromi-Owu,araromi-owu,,inec-cvr|inec-pu-directory-2015
29-04-01,NG030002,OS,Oluponna I,oluponna-i,,inec-cvr|inec-pu-directory-2015
29-04-02,NG030002,OS,Oluponna II,oluponna-ii,,inec-cvr|inec-pu-directory-2015
29-04-03,NG030002,OS,Oluponna III,oluponna-iii,,inec-cvr|inec-pu-directory-2015
29-04-04,NG030002,OS,Oke-Osun,oke-osun,,inec-cvr|inec-pu-directory-2015
29-04-05,NG030002,OS,Ileogbo I,ileogbo-i,,inec-cvr|inec-pu-directory-2015
29-04-06,NG030002,OS,Ileogbo II,ileogbo-ii,,inec-cvr|inec-pu-directory-2015
29-04-07,NG030002,OS,Ileogbo III,ileogbo-iii,,inec-cvr|inec-pu-directory-2015
29-04-08,NG030002,OS,Ileogbo IV,ileogbo-iv,,inec-cvr|inec-pu-directory-2015
29-04-09,NG030002,OS,Kuta I,kuta-i,,inec-cvr|inec-pu-directory-2015
29-04-10,NG030002,OS,Kuta II,kuta-ii,,inec-cvr|inec-pu-directory-2015
29-05-01,NG030005,OS,Oke-Omi Otan,oke-omi-otan,,inec-cvr|inec-pu-directory-2015
29-05-02,NG030005,OS,Oke Ode Otan,oke-ode-otan,,inec-cvr|inec-pu-directory-2015
29-05-03,NG030005,OS,Oke-Otan,oke-otan,,inec-cvr|inec-pu-directory-2015
29-05-04,NG030005,OS,Gbeleru Obaala I,gbeleru-obaala-i,,inec-cvr|inec-pu-directory-2015
29-05-05,NG030005,OS,Gbeleru Obaala II,gbeleru-obaala-ii,,inec-cvr|inec-pu-directory-2015
29-05-06,NG030005,OS,Obala Iloro,obala-iloro,,inec-cvr|inec-pu-directory-2015
29-05-07,NG030005,OS,Eripa,eripa,,inec-cvr|inec-pu-directory-2015
29-05-08,NG030005,OS,Oke-Irun,oke-irun,,inec-cvr|inec-pu-directory-2015
29-05-09,NG030005,OS,Iresi I,iresi-i,,inec-cvr|inec-pu-directory-2015
29-05-10,NG030005,OS,Iresi II,iresi-ii,,inec-cvr|inec-pu-directory-2015
29-06-01,NG030006,OS,Oloti Iragbiji,oloti-iragbiji,,inec-cvr|inec-pu-directory-2015
29-06-02,NG030006,OS,Oja-Oba,oja-oba,,inec-cvr|inec-pu-directory-2015
29-06-03,NG030006,OS,College/Egbada Road,college-egbada-road,,inec-cvr|inec-pu-directory-2015
29-06-04,NG030006,OS,Isale-Oyo,isale-oyo,,inec-cvr|inec-pu-directory-2015
29-06-05,NG030006,OS,Agba,agba,,inec-cvr|inec-pu-directory-2015
29-06-06,NG030006,OS,Ororuwo,ororuwo,,inec-cvr|inec-pu-directory-2015
29-06-07,NG030006,OS,Ada I,ada-i,,inec-cvr|inec-pu-directory-2015
29-06-08,NG030006,OS,Ada II,ada-ii,,inec-cvr|inec-pu-directory-2015
29-06-09,NG030006,OS,Isale Asa Iree,isale-asa-iree,,inec-cvr|inec-pu-directory-2015
29-06-10,NG030006,OS,Oke Esa/Oke Ogi,oke-esa-oke-ogi,,inec-cvr|inec-pu-directory-2015
29-06-11,NG030006,OS,Oke Aree,oke-aree,,inec-cvr|inec-pu-directory-2015
29-07-01,NG030007,OS,Olaba/Atapara,olaba-atapara,,inec-cvr|inec-pu-directory-2015
29-07-02,NG030007,OS,Abogunde/Sagba,abogunde-sagba,,inec-cvr|inec-pu-directory-2015
29-07-03,NG030007,OS,Ologun/Agbaakin,ologun-agbaakin,,inec-cvr|inec-pu-directory-2015
29-07-04,NG030007,OS,Olusokun,olusokun,,inec-cvr|inec-pu-directory-2015
29-07-05,NG030007,OS,Alusekere,alusekere,,inec-cvr|inec-pu-directory-2015
29-07-06,NG030007,OS,Sabo/Agbongbe I,sabo-agbongbe-i,,inec-cvr|inec-pu-directory-2015
29-07-07,NG030007,OS,Sabo/Agbongbe II,sabo-agbongbe-ii,,inec-cvr|inec-pu-directory-2015
29-07-08,NG030007,OS,Isibo/Buari-Isola,isibo-buari-isola,,inec-cvr|inec-pu-directory-2015
29-07-09,NG030007,OS,Apaso,apaso,,inec-cvr|inec-pu-directory-2015
29-07-10,NG030007,OS,Asunmo,asunmo,,inec-cvr|inec-pu-directory-2015
29-07-11,NG030007,OS,Bara Ejemu,bara-ejemu,,inec-cvr|inec-pu-directory-2015
29-08-01,NG030008,OS,Babanla/Agate,babanla-agate,,inec-cvr|inec-pu-directory-2015
29-08-02,NG030008,OS,Kuye,kuye,,inec-cvr|inec-pu-directory-2015
29-08-03,NG030008,OS,Jagun/Jagun,jagun-jagun,,inec-cvr|inec-pu-directory-2015
29-08-04,NG030008,OS,Alajue I,alajue-i,,inec-cvr|inec-pu-directory-2015
29-08-05,NG030008,OS,Alajue II,alajue-ii,,inec-cvr|inec-pu-directory-2015
29-08-06,NG030008,OS,Olodan,olodan,,inec-cvr|inec-pu-directory-2015
29-08-07,NG030008,OS,Babasanya,babasanya,,inec-cvr|inec-pu-directory-2015
29-08-08,NG030008,OS,Sekona,sekona,,inec-cvr|inec-pu-directory-2015
29-08-09,NG030008,OS,Oloki/Akoda,oloki-akoda,,inec-cvr|inec-pu-directory-2015
29-08-10,NG030008,OS,Loogun,loogun,,inec-cvr|inec-pu-directory-2015
29-09-01,NG030009,OS,Awo/Abudo,awo-abudo,,inec-cvr|inec-pu-directory-2015
29-09-02,NG030009,OS,Ara I,ara-i,,inec-cvr|inec-pu-directory-2015
29-09-03,NG030009,OS,Ara II,ara-ii,,inec-cvr|inec-pu-directory-2015
29-09-04,NG030009,OS,Ido-Osun,ido-osun,,inec-cvr|inec-pu-directory-2015
29-09-05,NG030009,OS,Ira Gberi I,ira-gberi-i,,inec-cvr|inec-pu-directory-2015
29-09-06,NG030009,OS,Ira Gberi II,ira-gberi-ii,,inec-cvr|inec-pu-directory-2015
29-09-07,NG030009,OS,Iwoye/Idoo/Origo,iwoye-idoo-origo,,inec-cvr|inec-pu-directory-2015
29-09-08,NG030009,OS,Ikotun,ikotun,,inec-cvr|inec-pu-directory-2015
29-09-09,NG030009,OS,Ojo/Aro,ojo-aro,,inec-cvr|inec-pu-directory-2015
29-09-10,NG030009,OS,Okinni/Olorunsogo/Ofatedo,okinni-olorunsogo-ofatedo,,inec-cvr|inec-pu-directory-2015
29-10-01,NG030010,OS,Elejigbo 'A',elejigbo-a,,inec-cvr|inec-pu-directory-2015
29-10-02,NG030010,OS,Elejigbo 'B'/Osolo,elejigbo-b-osolo,,inec-cvr|inec-pu-directory-2015
29-10-03,NG030010,OS,Elejigbo 'C'/Mapo,elejigbo-c-mapo,,inec-cvr|inec-pu-directory-2015
29-10-04,NG030010,OS,Elejigbo 'D'/Ejemu,elejigbo-d-ejemu,,inec-cvr|inec-pu-directory-2015
29-10-05,NG030010,OS,Elejigbo/Ayegbogbo,elejigbo-ayegbogbo,,inec-cvr|inec-pu-directory-2015
29-10-06,NG030010,OS,Ola/Aye/Agurodo,ola-aye-agurodo,,inec-cvr|inec-pu-directory-2015
29-10-07,NG030010,OS,Ifeodan 'A'/Owu-Ile,ifeodan-a-owu-ile,,inec-cvr|inec-pu-directory-2015
29-10-08,NG030010,OS,Ifeodan 'B'/Masifa,ifeodan-b-masifa,,inec-cvr|inec-pu-directory-2015
29-10-09,NG030010,OS,Ilawo/Isoko/Isundunrin,ilawo-isoko-isundunrin,,inec-cvr|inec-pu-directory-2015
29-10-10,NG030010,OS,Inisa I/Aato/Igbon,inisa-i-aato-igbon,,inec-cvr|inec-pu-directory-2015
29-10-11,NG030010,OS,Inisa II/Afaake/Ayegunle,inisa-ii-afaake-ayegunle,,inec-cvr|inec-pu-directory-2015
29-11-01,NG030011,OS,Ilare I,ilare-i,,inec-cvr|inec-pu-directory-2015
29-11-02,NG030011,OS,Ilare II,ilare-ii,,inec-cvr|inec-pu-directory-2015
29-11-03,NG030011,OS,Ilare III,ilare-iii,,inec-cvr|inec-pu-directory-2015
29-11-04,NG030011,OS,Ilare IV,ilare-iv,,inec-cvr|inec-pu-directory-2015
29-11-05,NG030011,OS,Iremo/Ajebandele,iremo-ajebandele,,inec-cvr|inec-pu-directory-2015
29-11-06,NG030011,OS,Iremo II (Eleyele),iremo-ii-eleyele,,inec-cvr|inec-pu-directory-2015
29-11-07,NG030011,OS,Iremo III,iremo-iii,,inec-cvr|inec-pu-directory-2015
29-11-08,NG030011,OS,Iremo IV,iremo-iv,,inec-cvr|inec-pu-directory-2015
29-11-09,NG030011,OS,Iremo V,iremo-v,,inec-cvr|inec-pu-directory-2015
29-11-10,NG030011,OS,Akarabata,akarabata,,inec-cvr|inec-pu-directory-2015
29-11-11,NG030011,OS,Moore Ojaja,moore-ojaja,,inec-cvr|inec-pu-directory-2015
29-12-01,NG030015,OS,Oyi,oyi,,inec-cvr|inec-pu-directory-2015
29-12-02,NG030015,OS,Ayetoro,ayetoro,,inec-cvr|inec-pu-directory-2015
29-12-03,NG030015,OS,Isinmi,isinmi,,inec-cvr|inec-pu-directory-2015
29-12-04,NG030015,OS,Balogun,balogun,,inec-cvr|inec-pu-directory-2015
29-12-05,NG030015,OS,Obaale,obaale,,inec-cvr|inec-pu-directory-2015
29-12-06,NG030015,OS,Aworo/Oke-Ila Rural,aworo-oke-ila-rural,,inec-cvr|inec-pu-directory-2015
29-12-07,NG030015,OS,Asaoni,asaoni,,inec-cvr|inec-pu-directory-2015
29-12-08,NG030015,OS,Co-Operative,co-operative,,inec-cvr|inec-pu-directory-2015
29-12-09,NG030015,OS,Akesin,akesin,,inec-cvr|inec-pu-directory-2015
29-12-10,NG030015,OS,Temidire,temidire,,inec-cvr|inec-pu-directory-2015
29-13-01,NG030012,OS,Moore,moore,,inec-cvr|inec-pu-directory-2015
29-13-02,NG030012,OS,Ilode I,ilode-i,,inec-cvr|inec-pu-directory-2015
29-13-03,NG030012,OS,Ilode II,ilode-ii,,inec-cvr|inec-pu-directory-2015
29-13-04,NG030012,OS,Okerewe I,okerewe-i,,inec-cvr|inec-pu-directory-2015
29-13-05,NG030012,OS,Okerewe II,okerewe-ii,,inec-cvr|inec-pu-directory-2015
29-13-06,NG030012,OS,Okerewe III,okerewe-iii,,inec-cvr|inec-pu-directory-2015
29-13-07,NG030012,OS,Yekemi,yekemi,,inec-cvr|inec-pu-directory-2015
29-13-08,NG030012,OS,Modakeke I,modakeke-i,,inec-cvr|inec-pu-directory-2015
29-13-09,NG030012,OS,Modakeke II,modakeke-ii,,inec-cvr|inec-pu-directory-2015
29-13-10,NG030012,OS,Modakeke III,modakeke-iii,,inec-cvr|inec-pu-directory-2015
29-14-01,NG030016,OS,Eesa Ikirun,eesa-ikirun,,inec-cvr|inec-pu-directory-2015
29-14-02,NG030016,OS,Amola Ikirun,amola-ikirun,,inec-cvr|inec-pu-directory-2015
29-14-03,NG030016,OS,Owode Ikirun,owode-ikirun,,inec-cvr|inec-pu-directory-2015
29-14-04,NG030016,OS,Isale/Oke Afo,isale-oke-afo,,inec-cvr|inec-pu-directory-2015
29-14-05,NG030016,OS,Ikirun Rural,ikirun-rural,,inec-cvr|inec-pu-directory-2015
29-14-06,NG030016,OS,"Station Road, Ikirun",station-road-ikirun,,inec-cvr|inec-pu-directory-2015
29-14-07,NG030016,OS,Okeba Ikirun,okeba-ikirun,,inec-cvr|inec-pu-directory-2015
29-14-08,NG030016,OS,Olonde Ikirun,olonde-ikirun,,inec-cvr|inec-pu-directory-2015
29-14-09,NG030016,OS,Iba I,iba-i,,inec-cvr|inec-pu-directory-2015
29-14-10,NG030016,OS,Iba II,iba-ii,,inec-cvr|inec-pu-directory-2015
29-14-11,NG030016,OS,Obagun,obagun,,inec-cvr|inec-pu-directory-2015
29-14-12,NG030016,OS,Ekoende/Eko Ajala,ekoende-eko-ajala,,inec-cvr|inec-pu-directory-2015
29-15-01,NG030013,OS,Asipa/Akinlalu,asipa-akinlalu,,inec-cvr|inec-pu-directory-2015
29-15-02,NG030013,OS,Edunabon I,edunabon-i,,inec-cvr|inec-pu-directory-2015
29-15-03,NG030013,OS,Edunabon II,edunabon-ii,,inec-cvr|inec-pu-directory-2015
29-15-04,NG030013,OS,Famia,famia,,inec-cvr|inec-pu-directory-2015
29-15-05,NG030013,OS,Yakoyo,yakoyo,,inec-cvr|inec-pu-directory-2015
29-15-06,NG030013,OS,Ipetumodu I,ipetumodu-i,,inec-cvr|inec-pu-directory-2015
29-15-07,NG030013,OS,Ipetumodu II,ipetumodu-ii,,inec-cvr|inec-pu-directory-2015
29-15-08,NG030013,OS,Moro,moro,,inec-cvr|inec-pu-directory-2015
29-15-09,NG030013,OS,Oyere I,oyere-i,,inec-cvr|inec-pu-directory-2015
29-15-10,NG030013,OS,Oyere-II,oyere-ii,,inec-cvr|inec-pu-directory-2015
29-16-01,NG030014,OS,Ayesan,ayesan,,inec-cvr|inec-pu-directory-2015
29-16-02,NG030014,OS,Ikija I,ikija-i,,inec-cvr|inec-pu-directory-2015
29-16-03,NG030014,OS,Ikija II,ikija-ii,,inec-cvr|inec-pu-directory-2015
29-16-04,NG030014,OS,Aare,aare,,inec-cvr|inec-pu-directory-2015
29-16-05,NG030014,OS,Mefoworade,mefoworade,,inec-cvr|inec-pu-directory-2015
29-16-06,NG030014,OS,Oke Owena,oke-owena,,inec-cvr|inec-pu-directory-2015
29-16-07,NG030014,OS,Olode,olode,,inec-cvr|inec-pu-directory-2015
29-16-08,NG030014,OS,Osi,osi,,inec-cvr|inec-pu-directory-2015
29-16-09,NG030014,OS,Kere,kere,,inec-cvr|inec-pu-directory-2015
29-16-10,NG030014,OS,Abiri Ogudu,abiri-ogudu,,inec-cvr|inec-pu-directory-2015
29-16-11,NG030014,OS,Aye,aye,,inec-cvr|inec-pu-directory-2015
29-17-01,NG030017,OS,Ejigbo I,ejigbo-i,,inec-cvr|inec-pu-directory-2015
29-17-02,NG030017,OS,Ejigbo II,ejigbo-ii,,inec-cvr|inec-pu-directory-2015
29-17-03,NG030017,OS,Ejigbo III,ejigbo-iii,,inec-cvr|inec-pu-directory-2015
29-17-04,NG030017,OS,Isedo I,isedo-i,,inec-cvr|inec-pu-directory-2015
29-17-05,NG030017,OS,Isedo II,isedo-ii,,inec-cvr|inec-pu-directory-2015
29-17-06,NG030017,OS,Iperin,iperin,,inec-cvr|inec-pu-directory-2015
29-17-07,NG030017,OS,Eyindi,eyindi,,inec-cvr|inec-pu-directory-2015
29-17-08,NG030017,OS,Oke Ola,oke-ola,,inec-cvr|inec-pu-directory-2015
29-17-09,NG030017,OS,Oke Ede,oke-ede,,inec-cvr|inec-pu-directory-2015
29-17-10,NG030017,OS,Eyindi/Iperin,eyindi-iperin,,inec-cvr|inec-pu-directory-2015
29-17-11,NG030017,OS,Ajaba/Edemosi/Aba Orangun,ajaba-edemosi-aba-orangun,,inec-cvr|inec-pu-directory-2015
29-18-01,NG030018,OS,Okesa,okesa,,inec-cvr|inec-pu-directory-2015
29-18-02,NG030018,OS,Imo,imo,,inec-cvr|inec-pu-directory-2015
29-18-03,NG030018,OS,Ifosan/Oke-Eso,ifosan-oke-eso,,inec-cvr|inec-pu-directory-2015
29-18-04,NG030018,OS,Itisin/Ogudu,itisin-ogudu,,inec-cvr|inec-pu-directory-2015
29-18-05,NG030018,OS,Ijamo,ijamo,,inec-cvr|inec-pu-directory-2015
29-18-06,NG030018,OS,Upper & Lower Ijoka,upper-lower-ijoka,,inec-cvr|inec-pu-directory-2015
29-18-07,NG030018,OS,Iloro/Roye,iloro-roye,,inec-cvr|inec-pu-directory-2015
29-18-08,NG030018,OS,Isare,isare,,inec-cvr|inec-pu-directory-2015
29-18-09,NG030018,OS,Ilerin,ilerin,,inec-cvr|inec-pu-directory-2015
29-18-10,NG030018,OS,Bolorunduro,bolorunduro,,inec-cvr|inec-pu-directory-2015
29-18-11,NG030018,OS,Biladu,biladu,,inec-cvr|inec-pu-directory-2015
29-19-01,NG030019,OS,Itakogun/Upper Egbe-Idi,itakogun-upper-egbe-idi,,inec-cvr|inec-pu-directory-2015
29-19-02,NG030019,OS,Lower Egbe-Idi,lower-egbe-idi,,inec-cvr|inec-pu-directory-2015
29-19-03,NG030019,OS,Upper/Lower Igbogi,upper-lower-igbogi,,inec-cvr|inec-pu-directory-2015
29-19-04,NG030019,OS,Omofe/Idasa,omofe-idasa,,inec-cvr|inec-pu-directory-2015
29-19-05,NG030019,OS,Isokun,isokun,,inec-cvr|inec-pu-directory-2015
29-19-06,NG030019,OS,Ikoyi/Ikoti Araromi,ikoyi-ikoti-araromi,,inec-cvr|inec-pu-directory-2015
29-19-07,NG030019,OS,Ilaje,ilaje,,inec-cvr|inec-pu-directory-2015
29-19-08,NG030019,OS,Isida/Adeti,isida-adeti,,inec-cvr|inec-pu-directory-2015
29-19-09,NG030019,OS,Ereja,ereja,,inec-cvr|inec-pu-directory-2015
29-19-10,NG030019,OS,Ayeso,ayeso,,inec-cvr|inec-pu-directory-2015
29-20-01,NG030020,OS,Olobu 'A',olobu-a,,inec-cvr|inec-pu-directory-2015
29-20-02,NG030020,OS,Olobu 'B',olobu-b,Olubu 'B',inec-cvr|inec-pu-directory-2015
29-20-03,NG030020,OS,Olobu 'C',olobu-c,,inec-cvr|inec-pu-directory-2015
29-20-04,NG030020,OS,Olobu 'D',olobu-d,,inec-cvr|inec-pu-directory-2015
29-20-05,NG030020,OS,Bara 'A',bara-a,,inec-cvr|inec-pu-directory-2015
29-20-06,NG030020,OS,Bara 'B',bara-b,,inec-cvr|inec-pu-directory-2015
29-20-07,NG030020,OS,Elerin 'A',elerin-a,,inec-cvr|inec-pu-directory-2015
29-20-08,NG030020,OS,Elerin 'B',elerin-b,,inec-cvr|inec-pu-directory-2015
29-20-09,NG030020,OS,Elerin 'C',elerin-c,,inec-cvr|inec-pu-directory-2015
29-20-10,NG030020,OS,Elerin 'D',elerin-d,,inec-cvr|inec-pu-directory-2015
29-20-11,NG030020,OS,Elerin 'E',elerin-e,,inec-cvr|inec-pu-directory-2015
29-21-01,NG030021,OS,Ikire 'A',ikire-a,,inec-cvr|inec-pu-directory-2015
29-21-02,NG030021,OS,Ikire 'B',ikire-b,,inec-cvr|inec-pu-directory-2015
29-21-03,NG030021,OS,Ikire 'C',ikire-c,,inec-cvr|inec-pu-directory-2015
29-21-04,NG030021,OS,Ikire 'D',ikire-d,,inec-cvr|inec-pu-directory-2015
29-21-05,NG030021,OS,Ikire 'E',ikire-e,,inec-cvr|inec-pu-directory-2015
29-21-06,NG030021,OS,Ikire 'F',ikire-f,,inec-cvr|inec-pu-directory-2015
29-21-07,NG030021,OS,Ikire 'G',ikire-g,,inec-cvr|inec-pu-directory-2015
29-21-08,NG030021,OS,Ikire 'H',ikire-h,,inec-cvr|inec-pu-directory-2015
29-21-09,NG030021,OS,Ikire 'I',ikire-i,,inec-cvr|inec-pu-directory-2015
29-21-10,NG030021,OS,Ikire 'J',ikire-j,,inec-cvr|inec-pu-directory-2015
29-21-11,NG030021,OS,Ikire 'K',ikire-k,,inec-cvr|inec-pu-directory-2015
29-22-01,NG030022,OS,Olukoyi (Oja-Osun),olukoyi-oja-osun,,inec-cvr|inec-pu-directory-2015
29-22-02,NG030022,OS,Osa Ikoyi (Oloke),osa-ikoyi-oloke,,inec-cvr|inec-pu-directory-2015
29-22-03,NG030022,OS,Asalu Ikoyi,asalu-ikoyi,,inec-cvr|inec-pu-directory-2015
29-22-04,NG030022,OS,Oranran Ward,oranran-ward,,inec-cvr|inec-pu-directory-2015
29-22-05,NG030022,OS,Idogun Ward,idogun-ward,,inec-cvr|inec-pu-directory-2015
29-22-06,NG030022,OS,Alapomu I (Odo-Osun),alapomu-i-odo-osun,,inec-cvr|inec-pu-directory-2015
29-22-07,NG030022,OS,Alapomu II,alapomu-ii,,inec-cvr|inec-pu-directory-2015
29-22-08,NG030022,OS,Asalu (Mogimogi),asalu-mogimogi,,inec-cvr|inec-pu-directory-2015
29-22-09,NG030022,OS,Oosa Adifa,oosa-adifa,,inec-cvr|inec-pu-directory-2015
29-22-10,NG030022,OS,Awala I,awala-i,,inec-cvr|inec-pu-directory-2015
29-22-11,NG030022,OS,Awala II,awala-ii,,inec-cvr|inec-pu-directory-2015
29-23-01,NG030023,OS,Isale Oba I,isale-oba-i,,inec-cvr|inec-pu-directory-2015
29-23-02,NG030023,OS,Isale Oba II,isale-oba-ii,,inec-cvr|inec-pu-directory-2015
29-23-03,NG030023,OS,Isale Oba III,isale-oba-iii,,inec-cvr|inec-pu-directory-2015
29-23-04,NG030023,OS,Isale Oba IV,isale-oba-iv,,inec-cvr|inec-pu-directory-2015
29-23-05,NG030023,OS,Molete I,molete-i,,inec-cvr|inec-pu-directory-2015
29-23-06,NG030023,OS,Molete II,molete-ii,,inec-cvr|inec-pu-directory-2015
29-23-07,NG030023,OS,Molete III,molete-iii,,inec-cvr|inec-pu-directory-2015
29-23-08,NG030023,OS,Oke-Adan I,oke-adan-i,,inec-cvr|inec-pu-directory-2015
29-23-09,NG030023,OS,Oke-Adan II,oke-adan-ii,,inec-cvr|inec-pu-directory-2015
29-23-10,NG030023,OS,Oke-Adan III,oke-adan-iii,,inec-cvr|inec-pu-directory-2015
29-23-11,NG030023,OS,Gidigbo I,gidigbo-i,,inec-cvr|inec-pu-directory-2015
29-23-12,NG030023,OS,Gidigbo II,gidigbo-ii,,inec-cvr|inec-pu-directory-2015
29-23-13,NG030023,OS,Gidigbo III,gidigbo-iii,,inec-cvr|inec-pu-directory-2015
29-23-14,NG030023,OS,Oke-Oba I,oke-oba-i,,inec-cvr|inec-pu-directory-2015
29-23-15,NG030023,OS,Oke-Oba II,oke-oba-ii,,inec-cvr|inec-pu-directory-2015
29-24-01,NG030024,OS,Ibokun,ibokun,,inec-cvr|inec-pu-directory-2015
29-24-02,NG030024,OS,Ipetu-Ile/Adaowode,ipetu-ile-adaowode,,inec-cvr|inec-pu-directory-2015
29-24-03,NG030024,OS,Ilahun/Ikinyinwa,ilahun-ikinyinwa,,inec-cvr|inec-pu-directory-2015
29-24-04,NG030024,OS,Ilase/Idominasi,ilase-idominasi,,inec-cvr|inec-pu-directory-2015
29-24-05,NG030024,OS,Eesun/Idooko,eesun-idooko,,inec-cvr|inec-pu-directory-2015
29-24-06,NG030024,OS,Imesi-Ile,imesi-ile,,inec-cvr|inec-pu-directory-2015
29-24-07,NG030024,OS,Esa-Oke,esa-oke,,inec-cvr|inec-pu-directory-2015
29-24-08,NG030024,OS,Otan-Ile,otan-ile,,inec-cvr|inec-pu-directory-2015
29-24-09,NG030024,OS,Esa-Odo,esa-odo,,inec-cvr|inec-pu-directory-2015
29-24-10,NG030024,OS,Ilare,ilare,,inec-cvr|inec-pu-directory-2015
29-25-01,NG030025,OS,Oba Ojomu,oba-ojomu,,inec-cvr|inec-pu-directory-2015
29-25-02,NG030025,OS,Baale,baale,,inec-cvr|inec-pu-directory-2015
29-25-03,NG030025,OS,Igbaye,igbaye,,inec-cvr|inec-pu-directory-2015
29-25-04,NG030025,OS,Faji/Opete,faji-opete,,inec-cvr|inec-pu-directory-2015
29-25-05,NG030025,OS,Ekosin/Iyeku,ekosin-iyeku,,inec-cvr|inec-pu-directory-2015
29-25-06,NG030025,OS,Ore/Agbeye,ore-agbeye,,inec-cvr|inec-pu-directory-2015
29-25-07,NG030025,OS,Ijabe/Ila Odo,ijabe-ila-odo,,inec-cvr|inec-pu-directory-2015
29-25-08,NG030025,OS,Okua/Ekusa,okua-ekusa,,inec-cvr|inec-pu-directory-2015
29-25-09,NG030025,OS,Asi/Asaba,asi-asaba,,inec-cvr|inec-pu-directory-2015
29-25-10,NG030025,OS,Olunisa,olunisa,,inec-cvr|inec-pu-directory-2015
29-25-11,NG030025,OS,Olukotun,olukotun,,inec-cvr|inec-pu-directory-2015
29-25-12,NG030025,OS,Esa Otun Baale Ode,esa-otun-baale-ode,,inec-cvr|inec-pu-directory-2015
29-25-13,NG030025,OS,Jagun Osi Bale Ode,jagun-osi-bale-ode,,inec-cvr|inec-pu-directory-2015
29-25-14,NG030025,OS,Oloyan Elemosho/Esa,oloyan-elemosho-esa,,inec-cvr|inec-pu-directory-2015
29-25-15,NG030025,OS,Osolo/Oparin/Ola,osolo-oparin-ola,,inec-cvr|inec-pu-directory-2015
29-26-01,NG030026,OS,Telemu,telemu,,inec-cvr|inec-pu-directory-2015
29-26-02,NG030026,OS,Asamu/Ilemowu,asamu-ilemowu,,inec-cvr|inec-pu-directory-2015
29-26-03,NG030026,OS,Ogbaagba I,ogbaagba-i,,inec-cvr|inec-pu-directory-2015
29-26-04,NG030026,OS,Ogbaagba II,ogbaagba-ii,,inec-cvr|inec-pu-directory-2015
29-26-05,NG030026,OS,Ikire Ile/Iwara,ikire-ile-iwara,,inec-cvr|inec-pu-directory-2015
29-26-06,NG030026,OS,Isero/Ikonifin,isero-ikonifin,,inec-cvr|inec-pu-directory-2015
29-26-07,NG030026,OS,Obamoro/Ile Ogo,obamoro-ile-ogo,,inec-cvr|inec-pu-directory-2015
29-26-08,NG030026,OS,Bode-Osi,bode-osi,,inec-cvr|inec-pu-directory-2015
29-26-09,NG030026,OS,Ajagba/Iwooke,ajagba-iwooke,,inec-cvr|inec-pu-directory-2015
29-26-10,NG030026,OS,Asa Ajagunlase,asa-ajagunlase,,inec-cvr|inec-pu-directory-2015
29-27-01,NG030027,OS,Agowande,agowande,,inec-cvr|inec-pu-directory-2015
29-27-02,NG030027,OS,Balogun,balogun,,inec-cvr|inec-pu-directory-2015
29-27-03,NG030027,OS,Akogun,akogun,,inec-cvr|inec-pu-directory-2015
29-27-04,NG030027,OS,Atelewo,atelewo,,inec-cvr|inec-pu-directory-2015
29-27-05,NG030027,OS,Owoope,owoope,,inec-cvr|inec-pu-directory-2015
29-27-06,NG030027,OS,Owode I,owode-i,,inec-cvr|inec-pu-directory-2015
29-27-07,NG030027,OS,Owode II,owode-ii,,inec-cvr|inec-pu-directory-2015
29-27-08,NG030027,OS,Ayetoro,ayetoro,,inec-cvr|inec-pu-directory-2015
29-27-09,NG030027,OS,Oba-Ile,oba-ile,,inec-cvr|inec-pu-directory-2015
29-27-10,NG030027,OS,Oba Oke,oba-oke,,inec-cvr|inec-pu-directory-2015
29-27-11,NG030027,OS,Ilie,ilie,,inec-cvr|inec-pu-directory-2015
29-28-01,NG030028,OS,Erin-Oke,erin-oke,,inec-cvr|inec-pu-directory-2015
29-28-02,NG030028,OS,Erin-Ijesa,erin-ijesa,,inec-cvr|inec-pu-directory-2015
29-28-03,NG030028,OS,Ijebu-Jesa,ijebu-jesa,,inec-cvr|inec-pu-directory-2015
29-28-04,NG030028,OS,Iwoye,iwoye,,inec-cvr|inec-pu-directory-2015
29-28-05,NG030028,OS,Ikeji-Ile,ikeji-ile,,inec-cvr|inec-pu-directory-2015
29-28-06,NG030028,OS,Ira,ira,,inec-cvr|inec-pu-directory-2015
29-28-07,NG030028,OS,Ikeji Arakeji/Owena,ikeji-arakeji-owena,Ijeji Arakeji/Owena,inec-cvr|inec-pu-directory-2015
29-28-08,NG030028,OS,Apoti/Dagbaja,apoti-dagbaja,,inec-cvr|inec-pu-directory-2015
29-28-09,NG030028,OS,Ipetu Ijesa I,ipetu-ijesa-i,,inec-cvr|inec-pu-directory-2015
29-28-10,NG030028,OS,Ipetu-Ijesa II,ipetu-ijesa-ii,,inec-cvr|inec-pu-directory-2015
29-28-11,NG030028,OS,Ijeda/Iloko,ijeda-iloko,,inec-cvr|inec-pu-directory-2015
29-28-12,NG030028,OS,Erinmo/Iwaraja,erinmo-iwaraja,,inec-cvr|inec-pu-directory-2015
29-29-01,NG030029,OS,Olufon Orolu 'A',olufon-orolu-a,,inec-cvr|inec-pu-directory-2015
29-29-02,NG030029,OS,Olufon Orolu 'B',olufon-orolu-b,,inec-cvr|inec-pu-directory-2015
29-29-03,NG030029,OS,Olufon Orolu 'C',olufon-orolu-c,,inec-cvr|inec-pu-directory-2015
29-29-04,NG030029,OS,Olufon Orolu 'D',olufon-orolu-d,,inec-cvr|inec-pu-directory-2015
29-29-05,NG030029,OS,Olufon Orolu 'E',olufon-orolu-e,,inec-cvr|inec-pu-directory-2015
29-29-06,NG030029,OS,Olufon Orolu 'F',olufon-orolu-f,,inec-cvr|inec-pu-directory-2015
29-29-07,NG030029,OS,Olufon Orolu 'G',olufon-orolu-g,,inec-cvr|inec-pu-directory-2015
29-29-08,NG030029,OS,Olufon Orolu 'H',olufon-orolu-h,,inec-cvr|inec-pu-directory-2015
29-29-09,NG030029,OS,Olufon Orolu 'I',olufon-orolu-i,,inec-cvr|inec-pu-directory-2015
29-29-10,NG030029,OS,Olufon Orolu 'J',olufon-orolu-j,,inec-cvr|inec-pu-directory-2015
29-30-01,NG030030,OS,Ataoja 'A',ataoja-a,,inec-cvr|inec-pu-directory-2015
29-30-02,NG030030,OS,Ataoja 'B',ataoja-b,,inec-cvr|inec-pu-directory-2015
29-30-03,NG030030,OS,Ataoja 'C',ataoja-c,,inec-cvr|inec-pu-directory-2015
29-30-04,NG030030,OS,Ataoja 'D',ataoja-d,,inec-cvr|inec-pu-directory-2015
29-30-05,NG030030,OS,Ataoja 'E',ataoja-e,,inec-cvr|inec-pu-directory-2015
29-30-06,NG030030,OS,Otun Jagun 'B',otun-jagun-b,Otun Hagun B,inec-cvr|inec-pu-directory-2015
29-30-07,NG030030,OS,Alagba,alagba,,inec-cvr|inec-pu-directory-2015
29-30-08,NG030030,OS,Are-Ago,are-ago,,inec-cvr|inec-pu-directory-2015
29-30-09,NG030030,OS,Jagun 'A',jagun-a,,inec-cvr|inec-pu-directory-2015
29-30-10,NG030030,OS,Jagun B',jagun-b,,inec-cvr|inec-pu-directory-2015
29-30-11,NG030030,OS,Baba Kekere,baba-kekere,,inec-cvr|inec-pu-directory-2015
29-30-12,NG030030,OS,Otun Jagun 'A',otun-jagun-a,,inec-cvr|inec-pu-directory-2015
29-30-13,NG030030,OS,Eketa,eketa,,inec-cvr|inec-pu-directory-2015
29-30-14,NG030030,OS,Otun Balogun 'A',otun-balogun-a,,inec-cvr|inec-pu-directory-2015
29-30-15,NG030030,OS,Ekerin,ekerin,,inec-cvr|inec-pu-directory-2015
30-01-01,NG031001,OY,Ilora I,ilora-i,,inec-cvr|inec-pu-directory-2015
30-01-02,NG031001,OY,Ilora II,ilora-ii,,inec-cvr|inec-pu-directory-2015
30-01-03,NG031001,OY,Ilora III,ilora-iii,,inec-cvr|inec-pu-directory-2015
30-01-04,NG031001,OY,Fiditi I,fiditi-i,,inec-cvr|inec-pu-directory-2015
30-01-05,NG031001,OY,Fiditi II,fiditi-ii,,inec-cvr|inec-pu-directory-2015
30-01-06,NG031001,OY,Awe I,awe-i,,inec-cvr|inec-pu-directory-2015
30-01-07,NG031001,OY,Awe II,awe-ii,,inec-cvr|inec-pu-directory-2015
30-01-08,NG031001,OY,Akinmorin/Jobele,akinmorin-jobele,,inec-cvr|inec-pu-directory-2015
30-01-09,NG031001,OY,Iware,iware,,inec-cvr|inec-pu-directory-2015
30-01-10,NG031001,OY,Imini,imini,,inec-cvr|inec-pu-directory-2015
30-02-01,NG031002,OY,Ikereku,ikereku,,inec-cvr|inec-pu-directory-2015
30-02-02,NG031002,OY,Olanla/Oboda/Labode,olanla-oboda-labode,,inec-cvr|inec-pu-directory-2015
30-02-03,NG031002,OY,Arulogun/Eniosa/Aroro,arulogun-eniosa-aroro,,inec-cvr|inec-pu-directory-2015
30-02-04,NG031002,OY,Olode/Amosun/Onidundu,olode-amosun-onidundu,,inec-cvr|inec-pu-directory-2015
30-02-05,NG031002,OY,Ojo-Emo/Moniya,ojo-emo-moniya,,inec-cvr|inec-pu-directory-2015
30-02-06,NG031002,OY,Akinyele/Isabiyi/Irepodun,akinyele-isabiyi-irepodun,,inec-cvr|inec-pu-directory-2015
30-02-07,NG031002,OY,Iwokoto/Talontan/Idi-Oro,iwokoto-talontan-idi-oro,,inec-cvr|inec-pu-directory-2015
30-02-08,NG031002,OY,Ojoo/Ajibode/Laniba,ojoo-ajibode-laniba,,inec-cvr|inec-pu-directory-2015
30-02-09,NG031002,OY,Ijaye/Ojedeji,ijaye-ojedeji,,inec-cvr|inec-pu-directory-2015
30-02-10,NG031002,OY,Ajibade/Alabata/Elekuru,ajibade-alabata-elekuru,,inec-cvr|inec-pu-directory-2015
30-02-11,NG031002,OY,Olorisa-Oko/Okegbemi/Mele,olorisa-oko-okegbemi-mele,,inec-cvr|inec-pu-directory-2015
30-02-12,NG031002,OY,Iroko,iroko,,inec-cvr|inec-pu-directory-2015
30-03-01,NG031003,OY,Oke-Afin I,oke-afin-i,,inec-cvr|inec-pu-directory-2015
30-03-02,NG031003,OY,Oke-Afin II,oke-afin-ii,,inec-cvr|inec-pu-directory-2015
30-03-03,NG031003,OY,Aremo,aremo,,inec-cvr|inec-pu-directory-2015
30-03-04,NG031003,OY,Bashorun,bashorun,,inec-cvr|inec-pu-directory-2015
30-03-05,NG031003,OY,Agunpopo I,agunpopo-i,,inec-cvr|inec-pu-directory-2015
30-03-06,NG031003,OY,Agunpopo II,agunpopo-ii,,inec-cvr|inec-pu-directory-2015
30-03-07,NG031003,OY,Agunpopo III,agunpopo-iii,,inec-cvr|inec-pu-directory-2015
30-03-08,NG031003,OY,Ashipa I,ashipa-i,,inec-cvr|inec-pu-directory-2015
30-03-09,NG031003,OY,Ashipa II,ashipa-ii,,inec-cvr|inec-pu-directory-2015
30-03-10,NG031003,OY,Ashipa III,ashipa-iii,,inec-cvr|inec-pu-directory-2015
30-04-01,NG031004,OY,Tede I,tede-i,,inec-cvr|inec-pu-directory-2015
30-04-02,NG031004,OY,Tede II,tede-ii,,inec-cvr|inec-pu-directory-2015
30-04-03,NG031004,OY,Irawo Ile,irawo-ile,,inec-cvr|inec-pu-directory-2015
30-04-04,NG031004,OY,Irawo Owode,irawo-owode,,inec-cvr|inec-pu-directory-2015
30-04-05,NG031004,OY,Ofiki,ofiki,,inec-cvr|inec-pu-directory-2015
30-04-06,NG031004,OY,Alaga,alaga,,inec-cvr|inec-pu-directory-2015
30-04-07,NG031004,OY,Ago Are I,ago-are-i,,inec-cvr|inec-pu-directory-2015
30-04-08,NG031004,OY,Ago Are II,ago-are-ii,,inec-cvr|inec-pu-directory-2015
30-04-09,NG031004,OY,Owo/Agunrege/Sabe,owo-agunrege-sabe,,inec-cvr|inec-pu-directory-2015
30-04-10,NG031004,OY,Baasi,baasi,,inec-cvr|inec-pu-directory-2015
30-05-01,NG031005,OY,Erunmu,erunmu,,inec-cvr|inec-pu-directory-2015
30-05-02,NG031005,OY,Ayede/Alugbo/Koloko,ayede-alugbo-koloko,,inec-cvr|inec-pu-directory-2015
30-05-03,NG031005,OY,Owobaale/Kasumu,owobaale-kasumu,,inec-cvr|inec-pu-directory-2015
30-05-04,NG031005,OY,Olodan/Ajiwogbo,olodan-ajiwogbo,Olodan/Ajinogbo,inec-cvr|inec-pu-directory-2015
30-05-05,NG031005,OY,Olodo/Kumapayi I,olodo-kumapayi-i,,inec-cvr|inec-pu-directory-2015
30-05-06,NG031005,OY,Olodo II,olodo-ii,,inec-cvr|inec-pu-directory-2015
30-05-07,NG031005,OY,Olodo III,olodo-iii,,inec-cvr|inec-pu-directory-2015
30-05-08,NG031005,OY,Osegere/Awaye,osegere-awaye,,inec-cvr|inec-pu-directory-2015
30-05-09,NG031005,OY,Egbeda,egbeda,,inec-cvr|inec-pu-directory-2015
30-05-10,NG031005,OY,Olode/Alakia,olode-alakia,,inec-cvr|inec-pu-directory-2015
30-05-11,NG031005,OY,Olubadan Estate,olubadan-estate,,inec-cvr|inec-pu-directory-2015
30-06-01,NG031006,OY,Ward I N2,ward-i-n2,,inec-cvr|inec-pu-directory-2015
30-06-02,NG031006,OY,"Ward II, N3",ward-ii-n3,,inec-cvr|inec-pu-directory-2015
30-06-03,NG031006,OY,"Ward III, N4",ward-iii-n4,,inec-cvr|inec-pu-directory-2015
30-06-04,NG031006,OY,"Ward IV, N5A",ward-iv-n5a,,inec-cvr|inec-pu-directory-2015
30-06-05,NG031006,OY,"Ward V, N5B",ward-v-n5b,,inec-cvr|inec-pu-directory-2015
30-06-06,NG031006,OY,"Ward VI, N6A Part I",ward-vi-n6a-part-i,,inec-cvr|inec-pu-directory-2015
30-06-07,NG031006,OY,"Ward VII, N6A Part II",ward-vii-n6a-part-ii,,inec-cvr|inec-pu-directory-2015
30-06-08,NG031006,OY,"Ward VIII, N6A Part III",ward-viii-n6a-part-iii,,inec-cvr|inec-pu-directory-2015
30-06-09,NG031006,OY,"Ward IX, (N6B Part I)",ward-ix-n6b-part-i,,inec-cvr|inec-pu-directory-2015
30-06-10,NG031006,OY,"Ward X, N6B Part II",ward-x-n6b-part-ii,,inec-cvr|inec-pu-directory-2015
30-06-11,NG031006,OY,"Ward XI, NW8",ward-xi-nw8,,inec-cvr|inec-pu-directory-2015
30-06-12,NG031006,OY,"Ward XII, NW8",ward-xii-nw8,,inec-cvr|inec-pu-directory-2015
30-07-01,NG031007,OY,Ward I. Ei,ward-i-ei,,inec-cvr|inec-pu-directory-2015
30-07-02,NG031007,OY,Ward 2 Ni (Part II),ward-2-ni-part-ii,Ward II Ni (Part II),inec-cvr|inec-pu-directory-2015
30-07-03,NG031007,OY,Ward III. E3,ward-iii-e3,,inec-cvr|inec-pu-directory-2015
30-07-04,NG031007,OY,Ward IV E4,ward-iv-e4,,inec-cvr|inec-pu-directory-2015
30-07-05,NG031007,OY,Ward V E5A,ward-v-e5a,,inec-cvr|inec-pu-directory-2015
30-07-06,NG031007,OY,Ward VI E5B,ward-vi-e5b,,inec-cvr|inec-pu-directory-2015
30-07-07,NG031007,OY,Ward VII E6,ward-vii-e6,,inec-cvr|inec-pu-directory-2015
30-07-08,NG031007,OY,Ward VIII E7 I,ward-viii-e7-i,,inec-cvr|inec-pu-directory-2015
30-07-09,NG031007,OY,Ward IX E7II,ward-ix-e7ii,,inec-cvr|inec-pu-directory-2015
30-07-10,NG031007,OY,Ward X E8,ward-x-e8,,inec-cvr|inec-pu-directory-2015
30-07-11,NG031007,OY,Ward XI E9 I,ward-xi-e9-i,,inec-cvr|inec-pu-directory-2015
30-07-12,NG031007,OY,Ward XII E9 II,ward-xii-e9-ii,,inec-cvr|inec-pu-directory-2015
30-08-01,NG031008,OY,Ward I Ni (Part I),ward-i-ni-part-i,Ward 1 N1 (Part I),inec-cvr|inec-pu-directory-2015
30-08-02,NG031008,OY,Ward 2 Ni (Part II),ward-2-ni-part-ii,Ward 2 N1 (Part II),inec-cvr|inec-pu-directory-2015
30-08-03,NG031008,OY,Ward 3 NW1,ward-3-nw1,,inec-cvr|inec-pu-directory-2015
30-08-04,NG031008,OY,Ward 4 NW2,ward-4-nw2,,inec-cvr|inec-pu-directory-2015
30-08-05,NG031008,OY,Ward 5 NW3 (Part I),ward-5-nw3-part-i,,inec-cvr|inec-pu-directory-2015
30-08-06,NG031008,OY,Ward 6 NW3 (Part I),ward-6-nw3-part-i,,inec-cvr|inec-pu-directory-2015
30-08-07,NG031008,OY,Ward 7 NW4,ward-7-nw4,,inec-cvr|inec-pu-directory-2015
30-08-08,NG031008,OY,Ward 8 NW5,ward-8-nw5,,inec-cvr|inec-pu-directory-2015
30-08-09,NG031008,OY,Ward 9 NW6,ward-9-nw6,,inec-cvr|inec-pu-directory-2015
30-08-10,NG031008,OY,Ward 10 NW7,ward-10-nw7,,inec-cvr|inec-pu-directory-2015
30-08-11,NG031008,OY,Ward 11 NW7,ward-11-nw7,,inec-cvr|inec-pu-directory-2015
30-09-01,NG031009,OY,C1,c1,Ci,inec-cvr|inec-pu-directory-2015
30-09-02,NG031009,OY,S 1,s-1,,inec-cvr|inec-pu-directory-2015
30-09-03,NG031009,OY,S 2A,s-2a,,inec-cvr|inec-pu-directory-2015
30-09-04,NG031009,OY,S. 2B,s-2b,,inec-cvr|inec-pu-directory-2015
30-09-05,NG031009,OY,S 3,s-3,,inec-cvr|inec-pu-directory-2015
30-09-06,NG031009,OY,S 4A,s-4a,,inec-cvr|inec-pu-directory-2015
30-09-07,NG031009,OY,S 4B,s-4b,,inec-cvr|inec-pu-directory-2015
30-09-08,NG031009,OY,S S5,s-s5,,inec-cvr|inec-pu-directory-2015
30-09-09,NG031009,OY,S 6A,s-6a,,inec-cvr|inec-pu-directory-2015
30-09-10,NG031009,OY,S. 6B,s-6b,,inec-cvr|inec-pu-directory-2015
30-09-11,NG031009,OY,S 7A,s-7a,,inec-cvr|inec-pu-directory-2015
30-09-12,NG031009,OY,S 7B,s-7b,,inec-cvr|inec-pu-directory-2015
30-10-01,NG031010,OY,Ward 1 C2,ward-1-c2,,inec-cvr|inec-pu-directory-2015
30-10-02,NG031010,OY,Ward 2 SW1,ward-2-sw1,,inec-cvr|inec-pu-directory-2015
30-10-03,NG031010,OY,Ward 3 SW2,ward-3-sw2,,inec-cvr|inec-pu-directory-2015
30-10-04,NG031010,OY,Ward 4 SW3A & 3B,ward-4-sw3a-3b,,inec-cvr|inec-pu-directory-2015
30-10-05,NG031010,OY,Ward 5 SW4,ward-5-sw4,,inec-cvr|inec-pu-directory-2015
30-10-06,NG031010,OY,Ward 6 SW5,ward-6-sw5,,inec-cvr|inec-pu-directory-2015
30-10-07,NG031010,OY,Ward 7 SW6,ward-7-sw6,,inec-cvr|inec-pu-directory-2015
30-10-08,NG031010,OY,Ward 08 SW7,ward-08-sw7,Ward 8 SW7,inec-cvr|inec-pu-directory-2015
30-10-09,NG031010,OY,Ward 9 SW8 (I),ward-9-sw8-i,,inec-cvr|inec-pu-directory-2015
30-10-10,NG031010,OY,Ward 10 SW8 II,ward-10-sw8-ii,,inec-cvr|inec-pu-directory-2015
30-10-11,NG031010,OY,Ward 11 SW9(1),ward-11-sw9-1,Ward 11 SW9 (I),inec-cvr|inec-pu-directory-2015
30-10-12,NG031010,OY,Ward 12 SW9 II,ward-12-sw9-ii,,inec-cvr|inec-pu-directory-2015
30-11-01,NG031011,OY,Idere I (Molete),idere-i-molete,,inec-cvr|inec-pu-directory-2015
30-11-02,NG031011,OY,Idere II (Ominigbo/Oke-Oba),idere-ii-ominigbo-oke-oba,,inec-cvr|inec-pu-directory-2015
30-11-03,NG031011,OY,Idere III (Koso/Apa),idere-iii-koso-apa,,inec-cvr|inec-pu-directory-2015
30-11-04,NG031011,OY,Iberekodo I/(Pataoju),iberekodo-i-pataoju,,inec-cvr|inec-pu-directory-2015
30-11-05,NG031011,OY,Iberekodo/Agbooro/Ita Baale,iberekodo-agbooro-ita-baale,,inec-cvr|inec-pu-directory-2015
30-11-06,NG031011,OY,Idofin Isaganun,idofin-isaganun,,inec-cvr|inec-pu-directory-2015
30-11-07,NG031011,OY,Igbole/Pako,igbole-pako,,inec-cvr|inec-pu-directory-2015
30-11-08,NG031011,OY,Isale-Oba,isale-oba,,inec-cvr|inec-pu-directory-2015
30-11-09,NG031011,OY,Okeserin I & II,okeserin-i-ii,,inec-cvr|inec-pu-directory-2015
30-11-10,NG031011,OY,Oke-Odo,oke-odo,,inec-cvr|inec-pu-directory-2015
30-12-01,NG031012,OY,Oke-Oba,oke-oba,,inec-cvr|inec-pu-directory-2015
30-12-02,NG031012,OY,Anko,anko,,inec-cvr|inec-pu-directory-2015
30-12-03,NG031012,OY,Isaba,isaba,,inec-cvr|inec-pu-directory-2015
30-12-04,NG031012,OY,Aborerin,aborerin,,inec-cvr|inec-pu-directory-2015
30-12-05,NG031012,OY,New Eruwa,new-eruwa,,inec-cvr|inec-pu-directory-2015
30-12-06,NG031012,OY,Sango,sango,,inec-cvr|inec-pu-directory-2015
30-12-07,NG031012,OY,Oke-Imale,oke-imale,,inec-cvr|inec-pu-directory-2015
30-12-08,NG031012,OY,Isale Togun,isale-togun,,inec-cvr|inec-pu-directory-2015
30-12-09,NG031012,OY,Oke Otun,oke-otun,,inec-cvr|inec-pu-directory-2015
30-12-10,NG031012,OY,Itabo,itabo,,inec-cvr|inec-pu-directory-2015
30-13-01,NG031013,OY,Ayete I,ayete-i,,inec-cvr|inec-pu-directory-2015
30-13-02,NG031013,OY,Ayete II,ayete-ii,,inec-cvr|inec-pu-directory-2015
30-13-03,NG031013,OY,Igangan I,igangan-i,,inec-cvr|inec-pu-directory-2015
30-13-04,NG031013,OY,Igangan II,igangan-ii,,inec-cvr|inec-pu-directory-2015
30-13-05,NG031013,OY,Igangan III,igangan-iii,,inec-cvr|inec-pu-directory-2015
30-13-06,NG031013,OY,Igangan IV,igangan-iv,,inec-cvr|inec-pu-directory-2015
30-13-07,NG031013,OY,Ofiki I,ofiki-i,,inec-cvr|inec-pu-directory-2015
30-13-08,NG031013,OY,Ofiki II,ofiki-ii,,inec-cvr|inec-pu-directory-2015
30-13-09,NG031013,OY,Tapa I,tapa-i,,inec-cvr|inec-pu-directory-2015
30-13-10,NG031013,OY,Tapa II,tapa-ii,,inec-cvr|inec-pu-directory-2015
30-14-01,NG031014,OY,Aba Emo/Ilaju/Alako,aba-emo-ilaju-alako,,inec-cvr|inec-pu-directory-2015
30-14-02,NG031014,OY,Akufo/Idigba/Araromi,akufo-idigba-araromi,,inec-cvr|inec-pu-directory-2015
30-14-03,NG031014,OY,Akinware/Akindele,akinware-akindele,,inec-cvr|inec-pu-directory-2015
30-14-04,NG031014,OY,Apete/Ayegun/Awotan,apete-ayegun-awotan,,inec-cvr|inec-pu-directory-2015
30-14-05,NG031014,OY,Batake/Idi-Iya,batake-idi-iya,,inec-cvr|inec-pu-directory-2015
30-14-06,NG031014,OY,Erinwusi/Koguo/Odetola,erinwusi-koguo-odetola,,inec-cvr|inec-pu-directory-2015
30-14-07,NG031014,OY,Fenwa/Oganla/Elenusonso,fenwa-oganla-elenusonso,,inec-cvr|inec-pu-directory-2015
30-14-08,NG031014,OY,Ido/Onikede/Okuna Awo,ido-onikede-okuna-awo,,inec-cvr|inec-pu-directory-2015
30-14-09,NG031014,OY,Omi Adio/Omi Onigbagbo Bakatari,omi-adio-omi-onigbagbo-bakatari,,inec-cvr|inec-pu-directory-2015
30-14-10,NG031014,OY,Ogundele/Alaho/Siba/Idi-Ahun,ogundele-alaho-siba-idi-ahun,,inec-cvr|inec-pu-directory-2015
30-15-01,NG031015,OY,Agoro,agoro,,inec-cvr|inec-pu-directory-2015
30-15-02,NG031015,OY,Ajagunna,ajagunna,,inec-cvr|inec-pu-directory-2015
30-15-03,NG031015,OY,Atipa,atipa,,inec-cvr|inec-pu-directory-2015
30-15-04,NG031015,OY,Iba I,iba-i,,inec-cvr|inec-pu-directory-2015
30-15-05,NG031015,OY,Iba II,iba-ii,,inec-cvr|inec-pu-directory-2015
30-15-06,NG031015,OY,Iba III,iba-iii,,inec-cvr|inec-pu-directory-2015
30-15-07,NG031015,OY,Iba IV,iba-iv,,inec-cvr|inec-pu-directory-2015
30-15-08,NG031015,OY,Iba V,iba-v,,inec-cvr|inec-pu-directory-2015
30-15-09,NG031015,OY,Ikolaba,ikolaba,,inec-cvr|inec-pu-directory-2015
30-15-10,NG031015,OY,Laha/Ajana,laha-ajana,,inec-cvr|inec-pu-directory-2015
30-16-01,NG031016,OY,Ado-Awaye,ado-awaye,,inec-cvr|inec-pu-directory-2015
30-16-02,NG031016,OY,Akinwumi/Osoogun,akinwumi-osoogun,,inec-cvr|inec-pu-directory-2015
30-16-03,NG031016,OY,Ekunle I,ekunle-i,,inec-cvr|inec-pu-directory-2015
30-16-04,NG031016,OY,Ekunle II,ekunle-ii,,inec-cvr|inec-pu-directory-2015
30-16-05,NG031016,OY,Faramora,faramora,,inec-cvr|inec-pu-directory-2015
30-16-06,NG031016,OY,Ijemba/Oke-Ola/Oke-Oja,ijemba-oke-ola-oke-oja,,inec-cvr|inec-pu-directory-2015
30-16-07,NG031016,OY,Isalu I,isalu-i,,inec-cvr|inec-pu-directory-2015
30-16-08,NG031016,OY,Isalu II,isalu-ii,,inec-cvr|inec-pu-directory-2015
30-16-09,NG031016,OY,Koso I,koso-i,,inec-cvr|inec-pu-directory-2015
30-16-10,NG031016,OY,Koso II,koso-ii,,inec-cvr|inec-pu-directory-2015
30-16-11,NG031016,OY,Ladogan/Oke Eyin,ladogan-oke-eyin,,inec-cvr|inec-pu-directory-2015
30-17-01,NG031017,OY,Babaode,babaode,,inec-cvr|inec-pu-directory-2015
30-17-02,NG031017,OY,Igbojaiye,igbojaiye,,inec-cvr|inec-pu-directory-2015
30-17-03,NG031017,OY,Ipapo,ipapo,,inec-cvr|inec-pu-directory-2015
30-17-04,NG031017,OY,Komu,komu,,inec-cvr|inec-pu-directory-2015
30-17-05,NG031017,OY,Okaka I,okaka-i,,inec-cvr|inec-pu-directory-2015
30-17-06,NG031017,OY,Okaka II,okaka-ii,,inec-cvr|inec-pu-directory-2015
30-17-07,NG031017,OY,Oke-Amu,oke-amu,,inec-cvr|inec-pu-directory-2015
30-17-08,NG031017,OY,Otu I,otu-i,,inec-cvr|inec-pu-directory-2015
30-17-09,NG031017,OY,Otu II,otu-ii,,inec-cvr|inec-pu-directory-2015
30-17-10,NG031017,OY,Owode/Ipapo,owode-ipapo,,inec-cvr|inec-pu-directory-2015
30-18-01,NG031018,OY,Agbaakin I,agbaakin-i,,inec-cvr|inec-pu-directory-2015
30-18-02,NG031018,OY,Agbaakin II,agbaakin-ii,,inec-cvr|inec-pu-directory-2015
30-18-03,NG031018,OY,Iwere-Ile I,iwere-ile-i,,inec-cvr|inec-pu-directory-2015
30-18-04,NG031018,OY,Iwere-Ile II,iwere-ile-ii,,inec-cvr|inec-pu-directory-2015
30-18-05,NG031018,OY,Iwere-Ile III,iwere-ile-iii,,inec-cvr|inec-pu-directory-2015
30-18-06,NG031018,OY,Iwere-Ile IV,iwere-ile-iv,,inec-cvr|inec-pu-directory-2015
30-18-07,NG031018,OY,Sabi Gana I,sabi-gana-i,,inec-cvr|inec-pu-directory-2015
30-18-08,NG031018,OY,Sabi Gana II,sabi-gana-ii,,inec-cvr|inec-pu-directory-2015
30-18-09,NG031018,OY,Sabi Gana III,sabi-gana-iii,,inec-cvr|inec-pu-directory-2015
30-18-10,NG031018,OY,Sabi Gana IV,sabi-gana-iv,,inec-cvr|inec-pu-directory-2015
30-19-01,NG031019,OY,Ayetoro-Oke I,ayetoro-oke-i,,inec-cvr|inec-pu-directory-2015
30-19-02,NG031019,OY,Elero,elero,,inec-cvr|inec-pu-directory-2015
30-19-03,NG031019,OY,Gbelekale I & II,gbelekale-i-ii,,inec-cvr|inec-pu-directory-2015
30-19-04,NG031019,OY,Iba-Ogan,iba-ogan,,inec-cvr|inec-pu-directory-2015
30-19-05,NG031019,OY,Ijo,ijo,,inec-cvr|inec-pu-directory-2015
30-19-06,NG031019,OY,Ilaji Oke/Iwere-Oke,ilaji-oke-iwere-oke,,inec-cvr|inec-pu-directory-2015
30-19-07,NG031019,OY,Imoba/Oke-Ogun,imoba-oke-ogun,,inec-cvr|inec-pu-directory-2015
30-19-08,NG031019,OY,Isemi-Ile/Imia/Ilua,isemi-ile-imia-ilua,,inec-cvr|inec-pu-directory-2015
30-19-09,NG031019,OY,Isia,isia,,inec-cvr|inec-pu-directory-2015
30-19-10,NG031019,OY,Kajola,kajola,,inec-cvr|inec-pu-directory-2015
30-19-11,NG031019,OY,Olele,olele,,inec-cvr|inec-pu-directory-2015
30-20-01,NG031020,OY,Ajara/Opeodu,ajara-opeodu,,inec-cvr|inec-pu-directory-2015
30-20-02,NG031020,OY,Apatere/Kuffi/Ogunbode/Ogo,apatere-kuffi-ogunbode-ogo,,inec-cvr|inec-pu-directory-2015
30-20-03,NG031020,OY,Arulogun Ehin/Kelebe,arulogun-ehin-kelebe,,inec-cvr|inec-pu-directory-2015
30-20-04,NG031020,OY,Ejioku/Igbon/Ariku,ejioku-igbon-ariku,,inec-cvr|inec-pu-directory-2015
30-20-05,NG031020,OY,Lagelu Market/Kajola/Gbena,lagelu-market-kajola-gbena,,inec-cvr|inec-pu-directory-2015
30-20-06,NG031020,OY,Lagun,lagun,,inec-cvr|inec-pu-directory-2015
30-20-07,NG031020,OY,Lalupon I,lalupon-i,,inec-cvr|inec-pu-directory-2015
30-20-08,NG031020,OY,Lalupon II,lalupon-ii,,inec-cvr|inec-pu-directory-2015
30-20-09,NG031020,OY,Lalupon III,lalupon-iii,,inec-cvr|inec-pu-directory-2015
30-20-10,NG031020,OY,Ofa-Igbo,ofa-igbo,,inec-cvr|inec-pu-directory-2015
30-20-11,NG031020,OY,Ogunjana/Olowode/Ogburo,ogunjana-olowode-ogburo,,inec-cvr|inec-pu-directory-2015
30-20-12,NG031020,OY,Ogunremi/Ogunsina,ogunremi-ogunsina,,inec-cvr|inec-pu-directory-2015
30-20-13,NG031020,OY,Oyedeji/Olode/Kutayi,oyedeji-olode-kutayi,,inec-cvr|inec-pu-directory-2015
30-20-14,NG031020,OY,Sagbe/Pabiekun,sagbe-pabiekun,,inec-cvr|inec-pu-directory-2015
30-21-01,NG031021,OY,Abogunde,abogunde,,inec-cvr|inec-pu-directory-2015
30-21-02,NG031021,OY,Aaje/Ogunbado,aaje-ogunbado,,inec-cvr|inec-pu-directory-2015
30-21-03,NG031021,OY,Aguodo/Masifa,aguodo-masifa,,inec-cvr|inec-pu-directory-2015
30-21-04,NG031021,OY,Isale Afon,isale-afon,,inec-cvr|inec-pu-directory-2015
30-21-05,NG031021,OY,Isale Alaasa,isale-alaasa,,inec-cvr|inec-pu-directory-2015
30-21-06,NG031021,OY,Isale Ora/Saja,isale-ora-saja,,inec-cvr|inec-pu-directory-2015
30-21-07,NG031021,OY,Jagun,jagun,,inec-cvr|inec-pu-directory-2015
30-21-08,NG031021,OY,Okelerin,okelerin,,inec-cvr|inec-pu-directory-2015
30-21-09,NG031021,OY,Osupa,osupa,,inec-cvr|inec-pu-directory-2015
30-21-10,NG031021,OY,Sabo/Tara,sabo-tara,,inec-cvr|inec-pu-directory-2015
30-22-01,NG031022,OY,Akata,akata,,inec-cvr|inec-pu-directory-2015
30-22-02,NG031022,OY,Alapata,alapata,,inec-cvr|inec-pu-directory-2015
30-22-03,NG031022,OY,Arowomole,arowomole,,inec-cvr|inec-pu-directory-2015
30-22-04,NG031022,OY,Ibapon,ibapon,,inec-cvr|inec-pu-directory-2015
30-22-05,NG031022,OY,Ijeru I,ijeru-i,,inec-cvr|inec-pu-directory-2015
30-22-06,NG031022,OY,Ijeru II,ijeru-ii,,inec-cvr|inec-pu-directory-2015
30-22-07,NG031022,OY,Ilogbo,ilogbo,,inec-cvr|inec-pu-directory-2015
30-22-08,NG031022,OY,Isoko,isoko,,inec-cvr|inec-pu-directory-2015
30-22-09,NG031022,OY,Lagbedu,lagbedu,,inec-cvr|inec-pu-directory-2015
30-22-10,NG031022,OY,Oke-Ola/Farm Settlement,oke-ola-farm-settlement,,inec-cvr|inec-pu-directory-2015
30-23-01,NG031023,OY,Ajaawa I,ajaawa-i,,inec-cvr|inec-pu-directory-2015
30-23-02,NG031023,OY,Ajaawa II,ajaawa-ii,,inec-cvr|inec-pu-directory-2015
30-23-03,NG031023,OY,Ayede,ayede,,inec-cvr|inec-pu-directory-2015
30-23-04,NG031023,OY,Ayetoro,ayetoro,,inec-cvr|inec-pu-directory-2015
30-23-05,NG031023,OY,Idewure,idewure,,inec-cvr|inec-pu-directory-2015
30-23-06,NG031023,OY,Lagbedu,lagbedu,,inec-cvr|inec-pu-directory-2015
30-23-07,NG031023,OY,Mowolowo/Iwo-Ate,mowolowo-iwo-ate,,inec-cvr|inec-pu-directory-2015
30-23-08,NG031023,OY,Odo-Oba,odo-oba,,inec-cvr|inec-pu-directory-2015
30-23-09,NG031023,OY,Opete,opete,,inec-cvr|inec-pu-directory-2015
30-23-10,NG031023,OY,Otamokun,otamokun,,inec-cvr|inec-pu-directory-2015
30-24-01,NG031024,OY,Aboke (Aboyun Ogun),aboke-aboyun-ogun,,inec-cvr|inec-pu-directory-2015
30-24-02,NG031024,OY,Elerugba/Elehinke/Sagbo (Aperu),elerugba-elehinke-sagbo-aperu,,inec-cvr|inec-pu-directory-2015
30-24-03,NG031024,OY,Ikolaba/Obadimo,ikolaba-obadimo,,inec-cvr|inec-pu-directory-2015
30-24-04,NG031024,OY,Onigbeti I (Iyamopo),onigbeti-i-iyamopo,,inec-cvr|inec-pu-directory-2015
30-24-05,NG031024,OY,Onigbeti II/Sagbon Agoro (Sagbon),onigbeti-ii-sagbon-agoro-sagbon,,inec-cvr|inec-pu-directory-2015
30-24-06,NG031024,OY,Onigbeti III & IV (Agbeni),onigbeti-iii-iv-agbeni,,inec-cvr|inec-pu-directory-2015
30-24-07,NG031024,OY,Opa/Ogunniyi,opa-ogunniyi,,inec-cvr|inec-pu-directory-2015
30-24-08,NG031024,OY,Seriki I & Abosino (Okin),seriki-i-abosino-okin,,inec-cvr|inec-pu-directory-2015
30-24-09,NG031024,OY,Seriki II (Agbele),seriki-ii-agbele,,inec-cvr|inec-pu-directory-2015
30-24-10,NG031024,OY,Waro/Apata-Alaje,waro-apata-alaje,,inec-cvr|inec-pu-directory-2015
30-25-01,NG031025,OY,Ayegun,ayegun,,inec-cvr|inec-pu-directory-2015
30-25-02,NG031025,OY,Idi-Iroko/Ikereku,idi-iroko-ikereku,,inec-cvr|inec-pu-directory-2015
30-25-03,NG031025,OY,Idi-Osan/Egbeda-Atuba,idi-osan-egbeda-atuba,,inec-cvr|inec-pu-directory-2015
30-25-04,NG031025,OY,Muslim/Ogbere,muslim-ogbere,,inec-cvr|inec-pu-directory-2015
30-25-05,NG031025,OY,Odo-Ona Nla,odo-ona-nla,,inec-cvr|inec-pu-directory-2015
30-25-06,NG031025,OY,Okanhinde/Latunde,okanhinde-latunde,,inec-cvr|inec-pu-directory-2015
30-25-07,NG031025,OY,Olomi/Olurinde,olomi-olurinde,,inec-cvr|inec-pu-directory-2015
30-25-08,NG031025,OY,Olonde/Aba-Nla,olonde-aba-nla,,inec-cvr|inec-pu-directory-2015
30-25-09,NG031025,OY,Onipe,onipe,,inec-cvr|inec-pu-directory-2015
30-25-10,NG031025,OY,Orisunbare/Ojo-Ekun,orisunbare-ojo-ekun,,inec-cvr|inec-pu-directory-2015
30-26-01,NG031026,OY,Akanran/Olorunda,akanran-olorunda,,inec-cvr|inec-pu-directory-2015
30-26-02,NG031026,OY,Araromi/Aperin,araromi-aperin,,inec-cvr|inec-pu-directory-2015
30-26-03,NG031026,OY,Badeku,badeku,,inec-cvr|inec-pu-directory-2015
30-26-04,NG031026,OY,Gbada Efon,gbada-efon,,inec-cvr|inec-pu-directory-2015
30-26-05,NG031026,OY,Odi Odeyale/Odi Aperin,odi-odeyale-odi-aperin,,inec-cvr|inec-pu-directory-2015
30-26-06,NG031026,OY,Ogbere,ogbere,,inec-cvr|inec-pu-directory-2015
30-26-07,NG031026,OY,Ogbere Tioya,ogbere-tioya,,inec-cvr|inec-pu-directory-2015
30-26-08,NG031026,OY,Ojoku/Ajia,ojoku-ajia,,inec-cvr|inec-pu-directory-2015
30-26-09,NG031026,OY,Olorunsogo,olorunsogo,,inec-cvr|inec-pu-directory-2015
30-26-10,NG031026,OY,Olode/Gbedun/Ojebode,olode-gbedun-ojebode,,inec-cvr|inec-pu-directory-2015
30-26-11,NG031026,OY,Oremeji/Agugu,oremeji-agugu,,inec-cvr|inec-pu-directory-2015
30-27-01,NG031027,OY,Alepata,alepata,,inec-cvr|inec-pu-directory-2015
30-27-02,NG031027,OY,Aare,aare,,inec-cvr|inec-pu-directory-2015
30-27-03,NG031027,OY,Bonni,bonni,,inec-cvr|inec-pu-directory-2015
30-27-04,NG031027,OY,Igbope/Iyeye I,igbope-iyeye-i,,inec-cvr|inec-pu-directory-2015
30-27-05,NG031027,OY,Igbope/Iyeye II,igbope-iyeye-ii,,inec-cvr|inec-pu-directory-2015
30-27-06,NG031027,OY,Igi Isubu,igi-isubu,,inec-cvr|inec-pu-directory-2015
30-27-07,NG031027,OY,Onibode I,onibode-i,,inec-cvr|inec-pu-directory-2015
30-27-08,NG031027,OY,Onibode II,onibode-ii,,inec-cvr|inec-pu-directory-2015
30-27-09,NG031027,OY,Onibode III,onibode-iii,,inec-cvr|inec-pu-directory-2015
30-27-10,NG031027,OY,Onigboho/Alomo/Okere,onigboho-alomo-okere,,inec-cvr|inec-pu-directory-2015
30-28-01,NG031028,OY,Ori Ire I,ori-ire-i,,inec-cvr|inec-pu-directory-2015
30-28-02,NG031028,OY,Ori Ire II,ori-ire-ii,,inec-cvr|inec-pu-directory-2015
30-28-03,NG031028,OY,Ori Ire III,ori-ire-iii,,inec-cvr|inec-pu-directory-2015
30-28-04,NG031028,OY,Ori Ire IV,ori-ire-iv,,inec-cvr|inec-pu-directory-2015
30-28-05,NG031028,OY,Ori Ire V,ori-ire-v,,inec-cvr|inec-pu-directory-2015
30-28-06,NG031028,OY,Ori Ire VI,ori-ire-vi,,inec-cvr|inec-pu-directory-2015
30-28-07,NG031028,OY,Ori Ire VII,ori-ire-vii,,inec-cvr|inec-pu-directory-2015
30-28-08,NG031028,OY,Ori Ire VIII,ori-ire-viii,,inec-cvr|inec-pu-directory-2015
30-28-09,NG031028,OY,Ori Ire IX,ori-ire-ix,,inec-cvr|inec-pu-directory-2015
30-28-10,NG031028,OY,Ori Ire X,ori-ire-x,,inec-cvr|inec-pu-directory-2015
30-29-01,NG031029,OY,Agboye/Molete,agboye-molete,,inec-cvr|inec-pu-directory-2015
30-29-02,NG031029,OY,Ajagba,ajagba,,inec-cvr|inec-pu-directory-2015
30-29-03,NG031029,OY,Alaodi/Modeke,alaodi-modeke,,inec-cvr|inec-pu-directory-2015
30-29-04,NG031029,OY,Apaara,apaara,,inec-cvr|inec-pu-directory-2015
30-29-05,NG031029,OY,Apinni,apinni,,inec-cvr|inec-pu-directory-2015
30-29-06,NG031029,OY,Balogun,balogun,,inec-cvr|inec-pu-directory-2015
30-29-07,NG031029,OY,Jabata,jabata,,inec-cvr|inec-pu-directory-2015
30-29-08,NG031029,OY,Oke Apo,oke-apo,,inec-cvr|inec-pu-directory-2015
30-29-09,NG031029,OY,Oluajo,oluajo,,inec-cvr|inec-pu-directory-2015
30-29-10,NG031029,OY,Owode/Araromi,owode-araromi,,inec-cvr|inec-pu-directory-2015
30-30-01,NG031030,OY,Akeetan,akeetan,,inec-cvr|inec-pu-directory-2015
30-30-02,NG031030,OY,Ajokidero/Akewugberu,ajokidero-akewugberu,,inec-cvr|inec-pu-directory-2015
30-30-03,NG031030,OY,Fasola/Soku,fasola-soku,,inec-cvr|inec-pu-directory-2015
30-30-04,NG031030,OY,Iseke,iseke,,inec-cvr|inec-pu-directory-2015
30-30-05,NG031030,OY,Isokun I,isokun-i,,inec-cvr|inec-pu-directory-2015
30-30-06,NG031030,OY,Isokun II,isokun-ii,,inec-cvr|inec-pu-directory-2015
30-30-07,NG031030,OY,Iyaji,iyaji,,inec-cvr|inec-pu-directory-2015
30-30-08,NG031030,OY,Opapa,opapa,,inec-cvr|inec-pu-directory-2015
30-30-09,NG031030,OY,Owode,owode,,inec-cvr|inec-pu-directory-2015
30-30-10,NG031030,OY,Pakoyi/Idode,pakoyi-idode,,inec-cvr|inec-pu-directory-2015
30-31-01,NG031031,OY,Agbonle,agbonle,,inec-cvr|inec-pu-directory-2015
30-31-02,NG031031,OY,Ago Amodu I,ago-amodu-i,,inec-cvr|inec-pu-directory-2015
30-31-03,NG031031,OY,Ago Amodu II,ago-amodu-ii,,inec-cvr|inec-pu-directory-2015
30-31-04,NG031031,OY,Ogbooro I,ogbooro-i,,inec-cvr|inec-pu-directory-2015
30-31-05,NG031031,OY,Ogbooro II,ogbooro-ii,,inec-cvr|inec-pu-directory-2015
30-31-06,NG031031,OY,Oje Owode I,oje-owode-i,,inec-cvr|inec-pu-directory-2015
30-31-07,NG031031,OY,Oje Owode II,oje-owode-ii,,inec-cvr|inec-pu-directory-2015
30-31-08,NG031031,OY,Sepeteri I,sepeteri-i,,inec-cvr|inec-pu-directory-2015
30-31-09,NG031031,OY,Sepeteri II,sepeteri-ii,,inec-cvr|inec-pu-directory-2015
30-31-10,NG031031,OY,Sepeteri III,sepeteri-iii,,inec-cvr|inec-pu-directory-2015
30-31-11,NG031031,OY,Sepeteri IV,sepeteri-iv,,inec-cvr|inec-pu-directory-2015
30-32-01,NG031032,OY,Aganmu/Kooko,aganmu-kooko,,inec-cvr|inec-pu-directory-2015
30-32-02,NG031032,OY,Ajegunle,ajegunle,,inec-cvr|inec-pu-directory-2015
30-32-03,NG031032,OY,Bagii,bagii,,inec-cvr|inec-pu-directory-2015
30-32-04,NG031032,OY,Ekokan/Imua,ekokan-imua,,inec-cvr|inec-pu-directory-2015
30-32-05,NG031032,OY,Iya,iya,,inec-cvr|inec-pu-directory-2015
30-32-06,NG031032,OY,Ogidigbo/Kinnikinni,ogidigbo-kinnikinni,,inec-cvr|inec-pu-directory-2015
30-32-07,NG031032,OY,Oke-Oro,oke-oro,,inec-cvr|inec-pu-directory-2015
30-32-08,NG031032,OY,Okere I,okere-i,,inec-cvr|inec-pu-directory-2015
30-32-09,NG031032,OY,Okere II,okere-ii,,inec-cvr|inec-pu-directory-2015
30-32-10,NG031032,OY,Sangote/Booda/Baabo/Ilua,sangote-booda-baabo-ilua,,inec-cvr|inec-pu-directory-2015
30-32-11,NG031032,OY,Sepeteri/Bapon,sepeteri-bapon,,inec-cvr|inec-pu-directory-2015
30-33-01,NG031033,OY,Baya-Oje,baya-oje,,inec-cvr|inec-pu-directory-2015
30-33-02,NG031033,OY,Igbon/Gambari,igbon-gambari,,inec-cvr|inec-pu-directory-2015
30-33-03,NG031033,OY,Iresaapa,iresaapa,,inec-cvr|inec-pu-directory-2015
30-33-04,NG031033,OY,Arolu,arolu,,inec-cvr|inec-pu-directory-2015
30-33-05,NG031033,OY,Iresaadu,iresaadu,,inec-cvr|inec-pu-directory-2015
30-33-06,NG031033,OY,Iregba,iregba,,inec-cvr|inec-pu-directory-2015
30-33-07,NG031033,OY,Iwofin,iwofin,,inec-cvr|inec-pu-directory-2015
30-33-08,NG031033,OY,Oko,oko,,inec-cvr|inec-pu-directory-2015
30-33-09,NG031033,OY,Ilajue,ilajue,,inec-cvr|inec-pu-directory-2015
30-33-10,NG031033,OY,Mayin,mayin,,inec-cvr|inec-pu-directory-2015
31-01-01,NG032001,PL,Barakin Ladi,barakin-ladi,,inec-cvr|inec-pu-directory-2015
31-01-02,NG032001,PL,Gassa/Sho,gassa-sho,,inec-cvr|inec-pu-directory-2015
31-01-03,NG032001,PL,Gindin Akwati,gindin-akwati,,inec-cvr|inec-pu-directory-2015
31-01-04,NG032001,PL,Heipang,heipang,,inec-cvr|inec-pu-directory-2015
31-01-05,NG032001,PL,Kapwis,kapwis,,inec-cvr|inec-pu-directory-2015
31-01-06,NG032001,PL,Kurra Falls,kurra-falls,,inec-cvr|inec-pu-directory-2015
31-01-07,NG032001,PL,Lobiring,lobiring,,inec-cvr|inec-pu-directory-2015
31-01-08,NG032001,PL,Marit/Mazat,marit-mazat,,inec-cvr|inec-pu-directory-2015
31-01-09,NG032001,PL,Rafan,rafan,,inec-cvr|inec-pu-directory-2015
31-01-10,NG032001,PL,Tafan,tafan,,inec-cvr|inec-pu-directory-2015
31-01-11,NG032001,PL,Zabot,zabot,,inec-cvr|inec-pu-directory-2015
31-02-01,NG032002,PL,Buhit,buhit,,inec-cvr|inec-pu-directory-2015
31-02-02,NG032002,PL,Buji,buji,,inec-cvr|inec-pu-directory-2015
31-02-03,NG032002,PL,Gabia,gabia,,inec-cvr|inec-pu-directory-2015
31-02-04,NG032002,PL,Gurum,gurum,,inec-cvr|inec-pu-directory-2015
31-02-05,NG032002,PL,Jengre,jengre,,inec-cvr|inec-pu-directory-2015
31-02-06,NG032002,PL,Kadamo,kadamo,,inec-cvr|inec-pu-directory-2015
31-02-07,NG032002,PL,Kakkek,kakkek,,inec-cvr|inec-pu-directory-2015
31-02-08,NG032002,PL,Kasuru,kasuru,,inec-cvr|inec-pu-directory-2015
31-02-09,NG032002,PL,Kimakpa,kimakpa,,inec-cvr|inec-pu-directory-2015
31-02-10,NG032002,PL,Kishika,kishika,,inec-cvr|inec-pu-directory-2015
31-02-11,NG032002,PL,Mafara,mafara,,inec-cvr|inec-pu-directory-2015
31-02-12,NG032002,PL,Rimi,rimi,,inec-cvr|inec-pu-directory-2015
31-02-13,NG032002,PL,Ta'agbe,taagbe,,inec-cvr|inec-pu-directory-2015
31-02-14,NG032002,PL,Tahu,tahu,,inec-cvr|inec-pu-directory-2015
31-02-15,NG032002,PL,Zabolo,zabolo,,inec-cvr|inec-pu-directory-2015
31-02-16,NG032002,PL,Zobwo,zobwo,,inec-cvr|inec-pu-directory-2015
31-03-01,NG032003,PL,Bokkos,bokkos,,inec-cvr|inec-pu-directory-2015
31-03-02,NG032003,PL,Butura,butura,,inec-cvr|inec-pu-directory-2015
31-03-03,NG032003,PL,Daffo,daffo,,inec-cvr|inec-pu-directory-2015
31-03-04,NG032003,PL,Kamwai,kamwai,Damwai,inec-cvr|inec-pu-directory-2015
31-03-05,NG032003,PL,Kwatas,kwatas,,inec-cvr|inec-pu-directory-2015
31-03-06,NG032003,PL,Mangor,mangor,,inec-cvr|inec-pu-directory-2015
31-03-07,NG032003,PL,Mbar/Mangar,mbar-mangar,,inec-cvr|inec-pu-directory-2015
31-03-08,NG032003,PL,Manguna,manguna,,inec-cvr|inec-pu-directory-2015
31-03-09,NG032003,PL,Mushere Central,mushere-central,,inec-cvr|inec-pu-directory-2015
31-03-10,NG032003,PL,Mushere West,mushere-west,,inec-cvr|inec-pu-directory-2015
31-03-11,NG032003,PL,Richa,richa,,inec-cvr|inec-pu-directory-2015
31-03-12,NG032003,PL,Sha,sha,,inec-cvr|inec-pu-directory-2015
31-03-13,NG032003,PL,Tangur,tangur,,inec-cvr|inec-pu-directory-2015
31-03-14,NG032003,PL,Toff,toff,,inec-cvr|inec-pu-directory-2015
31-04-01,NG032004,PL,Federe,federe,,inec-cvr|inec-pu-directory-2015
31-04-02,NG032004,PL,Fobur 'A',fobur-a,,inec-cvr|inec-pu-directory-2015
31-04-03,NG032004,PL,Fobur 'B',fobur-b,,inec-cvr|inec-pu-directory-2015
31-04-04,NG032004,PL,Fursum,fursum,,inec-cvr|inec-pu-directory-2015
31-04-05,NG032004,PL,Jarawan Kogi,jarawan-kogi,,inec-cvr|inec-pu-directory-2015
31-04-06,NG032004,PL,Mai Gemu,mai-gemu,,inec-cvr|inec-pu-directory-2015
31-04-07,NG032004,PL,Maijuju,maijuju,,inec-cvr|inec-pu-directory-2015
31-04-08,NG032004,PL,Shere East,shere-east,,inec-cvr|inec-pu-directory-2015
31-04-09,NG032004,PL,Shere West,shere-west,,inec-cvr|inec-pu-directory-2015
31-04-10,NG032004,PL,Zandi,zandi,,inec-cvr|inec-pu-directory-2015
31-05-01,NG032005,PL,Abba Na Shehu,abba-na-shehu,,inec-cvr|inec-pu-directory-2015
31-05-02,NG032005,PL,Ali Kazaure,ali-kazaure,,inec-cvr|inec-pu-directory-2015
31-05-03,NG032005,PL,Garba Daho,garba-daho,,inec-cvr|inec-pu-directory-2015
31-05-04,NG032005,PL,Gangare,gangare,,inec-cvr|inec-pu-directory-2015
31-05-05,NG032005,PL,Ibrahim Katsina,ibrahim-katsina,,inec-cvr|inec-pu-directory-2015
31-05-06,NG032005,PL,Jenta Adamu,jenta-adamu,,inec-cvr|inec-pu-directory-2015
31-05-07,NG032005,PL,Jenta Apata,jenta-apata,,inec-cvr|inec-pu-directory-2015
31-05-08,NG032005,PL,Jos Jarawa,jos-jarawa,,inec-cvr|inec-pu-directory-2015
31-05-09,NG032005,PL,Naraguta 'A',naraguta-a,,inec-cvr|inec-pu-directory-2015
31-05-10,NG032005,PL,Naraguta 'B',naraguta-b,,inec-cvr|inec-pu-directory-2015
31-05-11,NG032005,PL,Sarkin Arab,sarkin-arab,,inec-cvr|inec-pu-directory-2015
31-05-12,NG032005,PL,Tafawa Balewa,tafawa-balewa,,inec-cvr|inec-pu-directory-2015
31-05-13,NG032005,PL,Tudun Wada-Kabong,tudun-wada-kabong,,inec-cvr|inec-pu-directory-2015
31-05-14,NG032005,PL,Vanderpuye,vanderpuye,,inec-cvr|inec-pu-directory-2015
31-06-01,NG032006,PL,Bukuru,bukuru,,inec-cvr|inec-pu-directory-2015
31-06-02,NG032006,PL,Du,du,,inec-cvr|inec-pu-directory-2015
31-06-03,NG032006,PL,Giring,giring,,inec-cvr|inec-pu-directory-2015
31-06-04,NG032006,PL,Gyel 'A',gyel-a,,inec-cvr|inec-pu-directory-2015
31-06-05,NG032006,PL,Gyel 'B',gyel-b,,inec-cvr|inec-pu-directory-2015
31-06-06,NG032006,PL,Kuru 'A',kuru-a,,inec-cvr|inec-pu-directory-2015
31-06-07,NG032006,PL,Kuru 'B',kuru-b,,inec-cvr|inec-pu-directory-2015
31-06-08,NG032006,PL,Shen,shen,,inec-cvr|inec-pu-directory-2015
31-06-09,NG032006,PL,Turu,turu,,inec-cvr|inec-pu-directory-2015
31-06-10,NG032006,PL,Vwang,vwang,,inec-cvr|inec-pu-directory-2015
31-06-11,NG032006,PL,Zawan 'A',zawan-a,,inec-cvr|inec-pu-directory-2015
31-06-12,NG032006,PL,Zawan 'B',zawan-b,,inec-cvr|inec-pu-directory-2015
31-07-01,NG032007,PL,Birbyang,birbyang,,inec-cvr|inec-pu-directory-2015
31-07-02,NG032007,PL,Dengi,dengi,,inec-cvr|inec-pu-directory-2015
31-07-03,NG032007,PL,Dugub,dugub,,inec-cvr|inec-pu-directory-2015
31-07-04,NG032007,PL,Gagdi,gagdi,,inec-cvr|inec-pu-directory-2015
31-07-05,NG032007,PL,Garga,garga,,inec-cvr|inec-pu-directory-2015
31-07-06,NG032007,PL,Gumsher,gumsher,,inec-cvr|inec-pu-directory-2015
31-07-07,NG032007,PL,Gwamlar,gwamlar,,inec-cvr|inec-pu-directory-2015
31-07-08,NG032007,PL,Jarmai,jarmai,,inec-cvr|inec-pu-directory-2015
31-07-09,NG032007,PL,Jom,jom,,inec-cvr|inec-pu-directory-2015
31-07-10,NG032007,PL,Kanam,kanam,,inec-cvr|inec-pu-directory-2015
31-07-11,NG032007,PL,Kantana,kantana,,inec-cvr|inec-pu-directory-2015
31-07-12,NG032007,PL,Kunkyam,kunkyam,,inec-cvr|inec-pu-directory-2015
31-07-13,NG032007,PL,Munbutbo,munbutbo,,inec-cvr|inec-pu-directory-2015
31-07-14,NG032007,PL,Namaran,namaran,,inec-cvr|inec-pu-directory-2015
31-08-01,NG032008,PL,Ampang-East,ampang-east,,inec-cvr|inec-pu-directory-2015
31-08-02,NG032008,PL,Amper Chika 'A',amper-chika-a,,inec-cvr|inec-pu-directory-2015
31-08-03,NG032008,PL,Amper Chika 'B',amper-chika-b,,inec-cvr|inec-pu-directory-2015
31-08-04,NG032008,PL,Amper Seri,amper-seri,,inec-cvr|inec-pu-directory-2015
31-08-05,NG032008,PL,Dawaki,dawaki,,inec-cvr|inec-pu-directory-2015
31-08-06,NG032008,PL,Garram,garram,,inec-cvr|inec-pu-directory-2015
31-08-07,NG032008,PL,Kabwir Pada,kabwir-pada,,inec-cvr|inec-pu-directory-2015
31-08-08,NG032008,PL,Kabwir/Gyangyang,kabwir-gyangyang,,inec-cvr|inec-pu-directory-2015
31-08-09,NG032008,PL,Langshi,langshi,,inec-cvr|inec-pu-directory-2015
31-08-10,NG032008,PL,Nemel,nemel,,inec-cvr|inec-pu-directory-2015
31-09-01,NG032009,PL,Funyalang,funyalang,,inec-cvr|inec-pu-directory-2015
31-09-02,NG032009,PL,Jat,jat,,inec-cvr|inec-pu-directory-2015
31-09-03,NG032009,PL,Keller,keller,,inec-cvr|inec-pu-directory-2015
31-09-04,NG032009,PL,Kuffen,kuffen,,inec-cvr|inec-pu-directory-2015
31-09-05,NG032009,PL,Kwallak,kwallak,,inec-cvr|inec-pu-directory-2015
31-09-06,NG032009,PL,Kwanpe,kwanpe,Kwande,inec-cvr|inec-pu-directory-2015
31-09-07,NG032009,PL,Lipchok,lipchok,,inec-cvr|inec-pu-directory-2015
31-09-08,NG032009,PL,Mban/Zamko,mban-zamko,,inec-cvr|inec-pu-directory-2015
31-09-09,NG032009,PL,Nyer,nyer,,inec-cvr|inec-pu-directory-2015
31-09-10,NG032009,PL,Pajat,pajat,,inec-cvr|inec-pu-directory-2015
31-09-11,NG032009,PL,Pil Gani,pil-gani,,inec-cvr|inec-pu-directory-2015
31-09-12,NG032009,PL,Pishe/Yashi,pishe-yashi,,inec-cvr|inec-pu-directory-2015
31-09-13,NG032009,PL,Reak,reak,,inec-cvr|inec-pu-directory-2015
31-09-14,NG032009,PL,Waroh,waroh,,inec-cvr|inec-pu-directory-2015
31-10-01,NG032010,PL,Dadin Kowa,dadin-kowa,,inec-cvr|inec-pu-directory-2015
31-10-02,NG032010,PL,Fajul,fajul,,inec-cvr|inec-pu-directory-2015
31-10-03,NG032010,PL,Gamakai,gamakai,,inec-cvr|inec-pu-directory-2015
31-10-04,NG032010,PL,Lashel,lashel,,inec-cvr|inec-pu-directory-2015
31-10-05,NG032010,PL,Mabudi,mabudi,,inec-cvr|inec-pu-directory-2015
31-10-06,NG032010,PL,Magama,magama,,inec-cvr|inec-pu-directory-2015
31-10-07,NG032010,PL,Sabon Gida,sabon-gida,,inec-cvr|inec-pu-directory-2015
31-10-08,NG032010,PL,Talgwang,talgwang,,inec-cvr|inec-pu-directory-2015
31-10-09,NG032010,PL,Timbol,timbol,,inec-cvr|inec-pu-directory-2015
31-10-10,NG032010,PL,Turaki,turaki,,inec-cvr|inec-pu-directory-2015
31-11-01,NG032011,PL,Ampang West,ampang-west,,inec-cvr|inec-pu-directory-2015
31-11-02,NG032011,PL,Chanso,chanso,,inec-cvr|inec-pu-directory-2015
31-11-03,NG032011,PL,Gindiri I,gindiri-i,,inec-cvr|inec-pu-directory-2015
31-11-04,NG032011,PL,Gindiri II,gindiri-ii,,inec-cvr|inec-pu-directory-2015
31-11-05,NG032011,PL,Jannaret,jannaret,,inec-cvr|inec-pu-directory-2015
31-11-06,NG032011,PL,Jipal/Chakfem,jipal-chakfem,,inec-cvr|inec-pu-directory-2015
31-11-07,NG032011,PL,Kadunu,kadunu,,inec-cvr|inec-pu-directory-2015
31-11-08,NG032011,PL,Kerang,kerang,,inec-cvr|inec-pu-directory-2015
31-11-09,NG032011,PL,Kombun,kombun,,inec-cvr|inec-pu-directory-2015
31-11-10,NG032011,PL,Langai,langai,,inec-cvr|inec-pu-directory-2015
31-11-11,NG032011,PL,Mangu I,mangu-i,,inec-cvr|inec-pu-directory-2015
31-11-12,NG032011,PL,Mangu II,mangu-ii,,inec-cvr|inec-pu-directory-2015
31-11-13,NG032011,PL,Mangun,mangun,,inec-cvr|inec-pu-directory-2015
31-11-14,NG032011,PL,Mangu Halle,mangu-halle,,inec-cvr|inec-pu-directory-2015
31-11-15,NG032011,PL,Pan Yam,pan-yam,,inec-cvr|inec-pu-directory-2015
31-11-16,NG032011,PL,Pushit,pushit,,inec-cvr|inec-pu-directory-2015
31-12-01,NG032012,PL,Baltep,baltep,,inec-cvr|inec-pu-directory-2015
31-12-02,NG032012,PL,Garkawa Central,garkawa-central,,inec-cvr|inec-pu-directory-2015
31-12-03,NG032012,PL,Garkawa North,garkawa-north,,inec-cvr|inec-pu-directory-2015
31-12-04,NG032012,PL,Garkawa North East,garkawa-north-east,,inec-cvr|inec-pu-directory-2015
31-12-05,NG032012,PL,Koenoem 'A',koenoem-a,,inec-cvr|inec-pu-directory-2015
31-12-06,NG032012,PL,Koenoem 'B',koenoem-b,,inec-cvr|inec-pu-directory-2015
31-12-07,NG032012,PL,Lalin,lalin,,inec-cvr|inec-pu-directory-2015
31-12-08,NG032012,PL,Piapung 'A',piapung-a,,inec-cvr|inec-pu-directory-2015
31-12-09,NG032012,PL,Piapung 'B',piapung-b,,inec-cvr|inec-pu-directory-2015
31-12-10,NG032012,PL,Tunkus,tunkus,,inec-cvr|inec-pu-directory-2015
31-13-01,NG032013,PL,Chip,chip,,inec-cvr|inec-pu-directory-2015
31-13-02,NG032013,PL,Dok-Pai,dok-pai,,inec-cvr|inec-pu-directory-2015
31-13-03,NG032013,PL,Fier,fier,,inec-cvr|inec-pu-directory-2015
31-13-04,NG032013,PL,Jiblik,jiblik,,inec-cvr|inec-pu-directory-2015
31-13-05,NG032013,PL,Kadung,kadung,,inec-cvr|inec-pu-directory-2015
31-13-06,NG032013,PL,Kangshu,kangshu,,inec-cvr|inec-pu-directory-2015
31-13-07,NG032013,PL,Lankan,lankan,,inec-cvr|inec-pu-directory-2015
31-13-08,NG032013,PL,Pankshin Central,pankshin-central,,inec-cvr|inec-pu-directory-2015
31-13-09,NG032013,PL,Pankshin Chigwong,pankshin-chigwong,,inec-cvr|inec-pu-directory-2015
31-13-10,NG032013,PL,Pankshin South (Belning),pankshin-south-belning,,inec-cvr|inec-pu-directory-2015
31-13-11,NG032013,PL,Tal,tal,,inec-cvr|inec-pu-directory-2015
31-13-12,NG032013,PL,Wokkos,wokkos,,inec-cvr|inec-pu-directory-2015
31-14-01,NG032014,PL,Bwall,bwall,,inec-cvr|inec-pu-directory-2015
31-14-02,NG032014,PL,Doemak-Goechim,doemak-goechim,,inec-cvr|inec-pu-directory-2015
31-14-03,NG032014,PL,Doemak-Koplong,doemak-koplong,,inec-cvr|inec-pu-directory-2015
31-14-04,NG032014,PL,Dokan Kasuwa,dokan-kasuwa,,inec-cvr|inec-pu-directory-2015
31-14-05,NG032014,PL,Kurgwi,kurgwi,,inec-cvr|inec-pu-directory-2015
31-14-06,NG032014,PL,Kwa,kwa,,inec-cvr|inec-pu-directory-2015
31-14-07,NG032014,PL,Kwalla Moeda,kwalla-moeda,,inec-cvr|inec-pu-directory-2015
31-14-08,NG032014,PL,Kwalla Yitla'ar,kwalla-yitlaar,,inec-cvr|inec-pu-directory-2015
31-14-09,NG032014,PL,Kwande,kwande,,inec-cvr|inec-pu-directory-2015
31-14-10,NG032014,PL,Kwang,kwang,,inec-cvr|inec-pu-directory-2015
31-14-11,NG032014,PL,Namu,namu,,inec-cvr|inec-pu-directory-2015
31-15-01,NG032015,PL,Attakar,attakar,,inec-cvr|inec-pu-directory-2015
31-15-02,NG032015,PL,Bum,bum,,inec-cvr|inec-pu-directory-2015
31-15-03,NG032015,PL,Danto,danto,,inec-cvr|inec-pu-directory-2015
31-15-04,NG032015,PL,Jol/Kwi,jol-kwi,,inec-cvr|inec-pu-directory-2015
31-15-05,NG032015,PL,Ra-Hoss,ra-hoss,,inec-cvr|inec-pu-directory-2015
31-15-06,NG032015,PL,Rim,rim,,inec-cvr|inec-pu-directory-2015
31-15-07,NG032015,PL,Riyom,riyom,,inec-cvr|inec-pu-directory-2015
31-15-08,NG032015,PL,Sharubutu,sharubutu,,inec-cvr|inec-pu-directory-2015
31-15-09,NG032015,PL,Sopp,sopp,,inec-cvr|inec-pu-directory-2015
31-15-10,NG032015,PL,Ta-Hoss,ta-hoss,,inec-cvr|inec-pu-directory-2015
31-16-01,NG032016,PL,Derteng,derteng,,inec-cvr|inec-pu-directory-2015
31-16-02,NG032016,PL,Kalong,kalong,,inec-cvr|inec-pu-directory-2015
31-16-03,NG032016,PL,Kurungbau (A),kurungbau-a,,inec-cvr|inec-pu-directory-2015
31-16-04,NG032016,PL,Kurungbau (B),kurungbau-b,,inec-cvr|inec-pu-directory-2015
31-16-05,NG032016,PL,Moekat,moekat,,inec-cvr|inec-pu-directory-2015
31-16-06,NG032016,PL,Pangshom,pangshom,,inec-cvr|inec-pu-directory-2015
31-16-07,NG032016,PL,Poeship,poeship,,inec-cvr|inec-pu-directory-2015
31-16-08,NG032016,PL,Shendam Central (A),shendam-central-a,,inec-cvr|inec-pu-directory-2015
31-16-09,NG032016,PL,Shendam Central (B),shendam-central-b,,inec-cvr|inec-pu-directory-2015
31-16-10,NG032016,PL,Shimankar,shimankar,,inec-cvr|inec-pu-directory-2015
31-16-11,NG032016,PL,Yelwa,yelwa,,inec-cvr|inec-pu-directory-2015
31-17-01,NG032017,PL,Bashar,bashar,,inec-cvr|inec-pu-directory-2015
31-17-02,NG032017,PL,Danbiram,danbiram,,inec-cvr|inec-pu-directory-2015
31-17-03,NG032017,PL,Gudus,gudus,,inec-cvr|inec-pu-directory-2015
31-17-04,NG032017,PL,Kadarko,kadarko,,inec-cvr|inec-pu-directory-2015
31-17-05,NG032017,PL,Kumbong,kumbong,,inec-cvr|inec-pu-directory-2015
31-17-06,NG032017,PL,Kumbur,kumbur,,inec-cvr|inec-pu-directory-2015
31-17-07,NG032017,PL,Kuyambana,kuyambana,,inec-cvr|inec-pu-directory-2015
31-17-08,NG032017,PL,Mavo,mavo,,inec-cvr|inec-pu-directory-2015
31-17-09,NG032017,PL,Nyalum/Kampani,nyalum-kampani,,inec-cvr|inec-pu-directory-2015
31-17-10,NG032017,PL,Saluwe,saluwe,,inec-cvr|inec-pu-directory-2015
31-17-11,NG032017,PL,Wase Tofa,wase-tofa,,inec-cvr|inec-pu-directory-2015
31-17-12,NG032017,PL,Yola Wakat,yola-wakat,,inec-cvr|inec-pu-directory-2015
32-01-01,NG033001,RI,Abua I,abua-i,,inec-cvr|inec-pu-directory-2015
32-01-02,NG033001,RI,Abua II,abua-ii,,inec-cvr|inec-pu-directory-2015
32-01-03,NG033001,RI,Abua III,abua-iii,,inec-cvr|inec-pu-directory-2015
32-01-04,NG033001,RI,Abua IV,abua-iv,,inec-cvr|inec-pu-directory-2015
32-01-05,NG033001,RI,Emughan I,emughan-i,,inec-cvr|inec-pu-directory-2015
32-01-06,NG033001,RI,Emughan II,emughan-ii,,inec-cvr|inec-pu-directory-2015
32-01-07,NG033001,RI,Otapha,otapha,,inec-cvr|inec-pu-directory-2015
32-01-08,NG033001,RI,Okpeden,okpeden,,inec-cvr|inec-pu-directory-2015
32-01-09,NG033001,RI,Agada,agada,,inec-cvr|inec-pu-directory-2015
32-01-10,NG033001,RI,Emelego,emelego,,inec-cvr|inec-pu-directory-2015
32-01-11,NG033001,RI,Emago-Kugbo,emago-kugbo,,inec-cvr|inec-pu-directory-2015
32-01-12,NG033001,RI,Akani,akani,,inec-cvr|inec-pu-directory-2015
32-01-13,NG033001,RI,Anyu,anyu,,inec-cvr|inec-pu-directory-2015
32-02-01,NG033002,RI,Ahoada I,ahoada-i,,inec-cvr|inec-pu-directory-2015
32-02-02,NG033002,RI,Ahoada II,ahoada-ii,,inec-cvr|inec-pu-directory-2015
32-02-03,NG033002,RI,Ahoada III,ahoada-iii,,inec-cvr|inec-pu-directory-2015
32-02-04,NG033002,RI,Ahoada IV,ahoada-iv,,inec-cvr|inec-pu-directory-2015
32-02-05,NG033002,RI,Uppata I,uppata-i,,inec-cvr|inec-pu-directory-2015
32-02-06,NG033002,RI,Uppata II,uppata-ii,,inec-cvr|inec-pu-directory-2015
32-02-07,NG033002,RI,Uppata III,uppata-iii,,inec-cvr|inec-pu-directory-2015
32-02-08,NG033002,RI,Uppata IV,uppata-iv,,inec-cvr|inec-pu-directory-2015
32-02-09,NG033002,RI,Uppata V,uppata-v,,inec-cvr|inec-pu-directory-2015
32-02-10,NG033002,RI,Uppata VI,uppata-vi,,inec-cvr|inec-pu-directory-2015
32-02-11,NG033002,RI,Akoh I,akoh-i,,inec-cvr|inec-pu-directory-2015
32-02-12,NG033002,RI,Akoh II,akoh-ii,,inec-cvr|inec-pu-directory-2015
32-02-13,NG033002,RI,Akoh III,akoh-iii,,inec-cvr|inec-pu-directory-2015
32-03-01,NG033003,RI,Ediro I,ediro-i,,inec-cvr|inec-pu-directory-2015
32-03-02,NG033003,RI,Ediro II,ediro-ii,,inec-cvr|inec-pu-directory-2015
32-03-03,NG033003,RI,Joinkrama,joinkrama,,inec-cvr|inec-pu-directory-2015
32-03-04,NG033003,RI,Okarki,okarki,,inec-cvr|inec-pu-directory-2015
32-03-05,NG033003,RI,Igbuduya I,igbuduya-i,,inec-cvr|inec-pu-directory-2015
32-03-06,NG033003,RI,Igbuduya II,igbuduya-ii,,inec-cvr|inec-pu-directory-2015
32-03-07,NG033003,RI,Igbuduya III,igbuduya-iii,,inec-cvr|inec-pu-directory-2015
32-03-08,NG033003,RI,Igbuduya IV,igbuduya-iv,,inec-cvr|inec-pu-directory-2015
32-03-09,NG033003,RI,Ubie I,ubie-i,,inec-cvr|inec-pu-directory-2015
32-03-10,NG033003,RI,Ubie II,ubie-ii,,inec-cvr|inec-pu-directory-2015
32-03-11,NG033003,RI,Ubie III,ubie-iii,,inec-cvr|inec-pu-directory-2015
32-03-12,NG033003,RI,Ubie IV,ubie-iv,,inec-cvr|inec-pu-directory-2015
32-04-01,NG033004,RI,Manuel I,manuel-i,,inec-cvr|inec-pu-directory-2015
32-04-02,NG033004,RI,Manuel II,manuel-ii,,inec-cvr|inec-pu-directory-2015
32-04-03,NG033004,RI,Manuel III,manuel-iii,,inec-cvr|inec-pu-directory-2015
32-04-04,NG033004,RI,Briggs I,briggs-i,,inec-cvr|inec-pu-directory-2015
32-04-05,NG033004,RI,Briggs II,briggs-ii,,inec-cvr|inec-pu-directory-2015
32-04-06,NG033004,RI,Briggs III,briggs-iii,,inec-cvr|inec-pu-directory-2015
32-04-07,NG033004,RI,Georgewill I,georgewill-i,,inec-cvr|inec-pu-directory-2015
32-04-08,NG033004,RI,Georgewill II,georgewill-ii,,inec-cvr|inec-pu-directory-2015
32-04-09,NG033004,RI,Georgwill III,georgwill-iii,Georgewill III,inec-cvr|inec-pu-directory-2015
32-04-10,NG033004,RI,Jack I,jack-i,,inec-cvr|inec-pu-directory-2015
32-04-11,NG033004,RI,Jack II,jack-ii,,inec-cvr|inec-pu-directory-2015
32-04-12,NG033004,RI,Jack III,jack-iii,,inec-cvr|inec-pu-directory-2015
32-04-13,NG033004,RI,Alise Group,alise-group,,inec-cvr|inec-pu-directory-2015
32-04-14,NG033004,RI,Obonoma,obonoma,,inec-cvr|inec-pu-directory-2015
32-04-15,NG033004,RI,Kula I,kula-i,,inec-cvr|inec-pu-directory-2015
32-04-16,NG033004,RI,Kula II,kula-ii,,inec-cvr|inec-pu-directory-2015
32-04-17,NG033004,RI,North/South Group,north-south-group,,inec-cvr|inec-pu-directory-2015
32-05-01,NG033005,RI,Ngo Town,ngo-town,,inec-cvr|inec-pu-directory-2015
32-05-02,NG033005,RI,Unyen Gala,unyen-gala,,inec-cvr|inec-pu-directory-2015
32-05-03,NG033005,RI,Agwut-Obolo,agwut-obolo,,inec-cvr|inec-pu-directory-2015
32-05-04,NG033005,RI,Ekede,ekede,,inec-cvr|inec-pu-directory-2015
32-05-05,NG033005,RI,Ikuru Town,ikuru-town,,inec-cvr|inec-pu-directory-2015
32-05-06,NG033005,RI,Unyeada I,unyeada-i,,inec-cvr|inec-pu-directory-2015
32-05-07,NG033005,RI,Unyeada II,unyeada-ii,,inec-cvr|inec-pu-directory-2015
32-05-08,NG033005,RI,Samanga,samanga,,inec-cvr|inec-pu-directory-2015
32-05-09,NG033005,RI,Asarama,asarama,,inec-cvr|inec-pu-directory-2015
32-05-10,NG033005,RI,Ataba I,ataba-i,,inec-cvr|inec-pu-directory-2015
32-05-11,NG033005,RI,Ataba II,ataba-ii,,inec-cvr|inec-pu-directory-2015
32-06-01,NG033006,RI,Buguma South,buguma-south,,inec-cvr|inec-pu-directory-2015
32-06-02,NG033006,RI,Buguma South East,buguma-south-east,,inec-cvr|inec-pu-directory-2015
32-06-03,NG033006,RI,Buguma East I,buguma-east-i,,inec-cvr|inec-pu-directory-2015
32-06-04,NG033006,RI,Buguma East II,buguma-east-ii,,inec-cvr|inec-pu-directory-2015
32-06-05,NG033006,RI,Buguma South West,buguma-south-west,,inec-cvr|inec-pu-directory-2015
32-06-06,NG033006,RI,Buguma North East,buguma-north-east,,inec-cvr|inec-pu-directory-2015
32-06-07,NG033006,RI,Buguma West,buguma-west,,inec-cvr|inec-pu-directory-2015
32-06-08,NG033006,RI,Buguma North West I,buguma-north-west-i,,inec-cvr|inec-pu-directory-2015
32-06-09,NG033006,RI,Buguma North West II,buguma-north-west-ii,,inec-cvr|inec-pu-directory-2015
32-06-10,NG033006,RI,Buguma East West,buguma-east-west,,inec-cvr|inec-pu-directory-2015
32-06-11,NG033006,RI,Isia Group I,isia-group-i,,inec-cvr|inec-pu-directory-2015
32-06-12,NG033006,RI,Isia Group II,isia-group-ii,,inec-cvr|inec-pu-directory-2015
32-06-13,NG033006,RI,West Cental Group,west-cental-group,,inec-cvr|inec-pu-directory-2015
32-07-01,NG033007,RI,Oro-Igwe,oro-igwe,Ward I Oro-Igwe,inec-cvr|inec-pu-directory-2015
32-07-02,NG033007,RI,Court/Ada Allison,court-ada-allison,Ward II Court/Ada Allison,inec-cvr|inec-pu-directory-2015
32-07-03,NG033007,RI,Orosiriri,orosiriri,Ward III Orosiriri,inec-cvr|inec-pu-directory-2015
32-07-04,NG033007,RI,New Layout,new-layout,Ward IV New Layout,inec-cvr|inec-pu-directory-2015
32-07-05,NG033007,RI,Finima,finima,Ward V Finima,inec-cvr|inec-pu-directory-2015
32-07-06,NG033007,RI,Abalamabie,abalamabie,Ward VI Abalamabie,inec-cvr|inec-pu-directory-2015
32-07-07,NG033007,RI,Dema Abbey,dema-abbey,Ward VII Dema Abbey,inec-cvr|inec-pu-directory-2015
32-07-08,NG033007,RI,Dan Jumbo/Beresiri,dan-jumbo-beresiri,Ward III Dan Jumbo/Beresiri,inec-cvr|inec-pu-directory-2015
32-07-09,NG033007,RI,Nanabie,nanabie,Ward IX Nanabie,inec-cvr|inec-pu-directory-2015
32-07-10,NG033007,RI,Oloma Ayaminima,oloma-ayaminima,Ward X Oloma Ayaminima,inec-cvr|inec-pu-directory-2015
32-07-11,NG033007,RI,Peterside,peterside,Ward XI Peterside,inec-cvr|inec-pu-directory-2015
32-07-12,NG033007,RI,Kalaibiama,kalaibiama,Ward XII Kalaibiama,inec-cvr|inec-pu-directory-2015
32-08-01,NG033008,RI,Bakana I,bakana-i,,inec-cvr|inec-pu-directory-2015
32-08-02,NG033008,RI,Bakana II,bakana-ii,,inec-cvr|inec-pu-directory-2015
32-08-03,NG033008,RI,Bakana III,bakana-iii,,inec-cvr|inec-pu-directory-2015
32-08-04,NG033008,RI,Bakana IV,bakana-iv,,inec-cvr|inec-pu-directory-2015
32-08-05,NG033008,RI,Bakana V,bakana-v,,inec-cvr|inec-pu-directory-2015
32-08-06,NG033008,RI,Bakana VI,bakana-vi,,inec-cvr|inec-pu-directory-2015
32-08-07,NG033008,RI,Tombia I,tombia-i,Tomble I,inec-cvr|inec-pu-directory-2015
32-08-08,NG033008,RI,Tombia II,tombia-ii,Tomble II,inec-cvr|inec-pu-directory-2015
32-08-09,NG033008,RI,Tombia III,tombia-iii,Tomble III,inec-cvr|inec-pu-directory-2015
32-08-10,NG033008,RI,Tombia IV,tombia-iv,Tomble IV,inec-cvr|inec-pu-directory-2015
32-08-11,NG033008,RI,Degema I,degema-i,,inec-cvr|inec-pu-directory-2015
32-08-12,NG033008,RI,Degema II,degema-ii,,inec-cvr|inec-pu-directory-2015
32-08-13,NG033008,RI,Degema III,degema-iii,,inec-cvr|inec-pu-directory-2015
32-08-14,NG033008,RI,Obuama,obuama,,inec-cvr|inec-pu-directory-2015
32-08-15,NG033008,RI,Bukuma,bukuma,,inec-cvr|inec-pu-directory-2015
32-08-16,NG033008,RI,Bille,bille,,inec-cvr|inec-pu-directory-2015
32-08-17,NG033008,RI,Ke/Old Bakana,ke-old-bakana,,inec-cvr|inec-pu-directory-2015
32-09-01,NG033009,RI,Alesa,alesa,,inec-cvr|inec-pu-directory-2015
32-09-02,NG033009,RI,Alode,alode,,inec-cvr|inec-pu-directory-2015
32-09-03,NG033009,RI,Ogale,ogale,,inec-cvr|inec-pu-directory-2015
32-09-04,NG033009,RI,Ebubu,ebubu,,inec-cvr|inec-pu-directory-2015
32-09-05,NG033009,RI,Ekporo,ekporo,,inec-cvr|inec-pu-directory-2015
32-09-06,NG033009,RI,Eteo,eteo,,inec-cvr|inec-pu-directory-2015
32-09-07,NG033009,RI,Onne,onne,,inec-cvr|inec-pu-directory-2015
32-09-08,NG033009,RI,Agbonchia,agbonchia,,inec-cvr|inec-pu-directory-2015
32-09-09,NG033009,RI,Akpajo,akpajo,,inec-cvr|inec-pu-directory-2015
32-09-10,NG033009,RI,Aleto,aleto,,inec-cvr|inec-pu-directory-2015
32-10-01,NG033010,RI,Ogbakiri I,ogbakiri-i,,inec-cvr|inec-pu-directory-2015
32-10-02,NG033010,RI,Ogbakiri II,ogbakiri-ii,,inec-cvr|inec-pu-directory-2015
32-10-03,NG033010,RI,Emohua I,emohua-i,,inec-cvr|inec-pu-directory-2015
32-10-04,NG033010,RI,Emohua II,emohua-ii,,inec-cvr|inec-pu-directory-2015
32-10-05,NG033010,RI,Obelle,obelle,,inec-cvr|inec-pu-directory-2015
32-10-06,NG033010,RI,Ibaa,ibaa,,inec-cvr|inec-pu-directory-2015
32-10-07,NG033010,RI,Rundele,rundele,,inec-cvr|inec-pu-directory-2015
32-10-08,NG033010,RI,Rumuekpe,rumuekpe,,inec-cvr|inec-pu-directory-2015
32-10-09,NG033010,RI,Elele Alimini,elele-alimini,,inec-cvr|inec-pu-directory-2015
32-10-10,NG033010,RI,Omudioga/Akpadu,omudioga-akpadu,,inec-cvr|inec-pu-directory-2015
32-10-11,NG033010,RI,Egbeda,egbeda,,inec-cvr|inec-pu-directory-2015
32-10-12,NG033010,RI,Ubimini,ubimini,,inec-cvr|inec-pu-directory-2015
32-10-13,NG033010,RI,Odegu I,odegu-i,,inec-cvr|inec-pu-directory-2015
32-10-14,NG033010,RI,Odegu II,odegu-ii,,inec-cvr|inec-pu-directory-2015
32-11-01,NG033011,RI,Afara,afara,,inec-cvr|inec-pu-directory-2015
32-11-02,NG033011,RI,Egbu,egbu,,inec-cvr|inec-pu-directory-2015
32-11-03,NG033011,RI,Igbo I,igbo-i,,inec-cvr|inec-pu-directory-2015
32-11-04,NG033011,RI,Igbo II,igbo-ii,,inec-cvr|inec-pu-directory-2015
32-11-05,NG033011,RI,Igbo III,igbo-iii,,inec-cvr|inec-pu-directory-2015
32-11-06,NG033011,RI,Egwi/Opiro,egwi-opiro,,inec-cvr|inec-pu-directory-2015
32-11-07,NG033011,RI,Nihi,nihi,,inec-cvr|inec-pu-directory-2015
32-11-08,NG033011,RI,Odufor,odufor,,inec-cvr|inec-pu-directory-2015
32-11-09,NG033011,RI,Obibi/Akwukabi,obibi-akwukabi,,inec-cvr|inec-pu-directory-2015
32-11-10,NG033011,RI,Obite,obite,,inec-cvr|inec-pu-directory-2015
32-11-11,NG033011,RI,Okehi,okehi,,inec-cvr|inec-pu-directory-2015
32-11-12,NG033011,RI,Ozuzu,ozuzu,,inec-cvr|inec-pu-directory-2015
32-11-13,NG033011,RI,Ulakwo,ulakwo,,inec-cvr|inec-pu-directory-2015
32-11-14,NG033011,RI,Igbodo,igbodo,,inec-cvr|inec-pu-directory-2015
32-11-15,NG033011,RI,Akwa/Odogwa,akwa-odogwa,,inec-cvr|inec-pu-directory-2015
32-11-16,NG033011,RI,Akpoku/Umuoye,akpoku-umuoye,,inec-cvr|inec-pu-directory-2015
32-11-17,NG033011,RI,Ndashi,ndashi,,inec-cvr|inec-pu-directory-2015
32-11-18,NG033011,RI,Mba,mba,,inec-cvr|inec-pu-directory-2015
32-11-19,NG033011,RI,Owu,owu,,inec-cvr|inec-pu-directory-2015
32-12-01,NG033012,RI,Bodo I,bodo-i,,inec-cvr|inec-pu-directory-2015
32-12-02,NG033012,RI,Bodo II,bodo-ii,,inec-cvr|inec-pu-directory-2015
32-12-03,NG033012,RI,Bodo III,bodo-iii,,inec-cvr|inec-pu-directory-2015
32-12-04,NG033012,RI,B-Dere,b-dere,,inec-cvr|inec-pu-directory-2015
32-12-05,NG033012,RI,K-Dere I,k-dere-i,,inec-cvr|inec-pu-directory-2015
32-12-06,NG033012,RI,K-Dere II,k-dere-ii,,inec-cvr|inec-pu-directory-2015
32-12-07,NG033012,RI,Bomu I,bomu-i,,inec-cvr|inec-pu-directory-2015
32-12-08,NG033012,RI,Bomu II,bomu-ii,,inec-cvr|inec-pu-directory-2015
32-12-09,NG033012,RI,Kpor/Lewe/Gbe,kpor-lewe-gbe,,inec-cvr|inec-pu-directory-2015
32-12-10,NG033012,RI,Mogho,mogho,,inec-cvr|inec-pu-directory-2015
32-12-11,NG033012,RI,Nweol/Gioko/Barako,nweol-gioko-barako,,inec-cvr|inec-pu-directory-2015
32-12-12,NG033012,RI,Biara I,biara-i,,inec-cvr|inec-pu-directory-2015
32-12-13,NG033012,RI,Derken/Deeyor/Nweribiara,derken-deeyor-nweribiara,,inec-cvr|inec-pu-directory-2015
32-12-14,NG033012,RI,Yeghe II,yeghe-ii,,inec-cvr|inec-pu-directory-2015
32-12-15,NG033012,RI,Yeghe I,yeghe-i,,inec-cvr|inec-pu-directory-2015
32-12-16,NG033012,RI,Bera,bera,,inec-cvr|inec-pu-directory-2015
32-12-17,NG033012,RI,Biara II,biara-ii,,inec-cvr|inec-pu-directory-2015
32-13-01,NG033013,RI,Isiokpo I,isiokpo-i,,inec-cvr|inec-pu-directory-2015
32-13-02,NG033013,RI,Isiokpo II,isiokpo-ii,,inec-cvr|inec-pu-directory-2015
32-13-03,NG033013,RI,Elele I,elele-i,,inec-cvr|inec-pu-directory-2015
32-13-04,NG033013,RI,Elele II,elele-ii,,inec-cvr|inec-pu-directory-2015
32-13-05,NG033013,RI,Omerelu,omerelu,,inec-cvr|inec-pu-directory-2015
32-13-06,NG033013,RI,Apani,apani,,inec-cvr|inec-pu-directory-2015
32-13-07,NG033013,RI,Umuanwa,umuanwa,,inec-cvr|inec-pu-directory-2015
32-13-08,NG033013,RI,Ubima,ubima,,inec-cvr|inec-pu-directory-2015
32-13-09,NG033013,RI,Omagwa,omagwa,,inec-cvr|inec-pu-directory-2015
32-13-10,NG033013,RI,Omademe/Ipo,omademe-ipo,,inec-cvr|inec-pu-directory-2015
32-13-11,NG033013,RI,Ozuaha,ozuaha,,inec-cvr|inec-pu-directory-2015
32-13-12,NG033013,RI,Igwuruta,igwuruta,,inec-cvr|inec-pu-directory-2015
32-13-13,NG033013,RI,Aluu,aluu,,inec-cvr|inec-pu-directory-2015
32-14-01,NG033014,RI,Bori,bori,,inec-cvr|inec-pu-directory-2015
32-14-02,NG033014,RI,Zaakpori,zaakpori,,inec-cvr|inec-pu-directory-2015
32-14-03,NG033014,RI,Llueku/Nyokuru,llueku-nyokuru,,inec-cvr|inec-pu-directory-2015
32-14-04,NG033014,RI,Sogho,sogho,,inec-cvr|inec-pu-directory-2015
32-14-05,NG033014,RI,Okwali,okwali,,inec-cvr|inec-pu-directory-2015
32-14-06,NG033014,RI,Kaani,kaani,,inec-cvr|inec-pu-directory-2015
32-14-07,NG033014,RI,Bargha,bargha,,inec-cvr|inec-pu-directory-2015
32-14-08,NG033014,RI,Taabaa,taabaa,,inec-cvr|inec-pu-directory-2015
32-14-09,NG033014,RI,Beeri,beeri,,inec-cvr|inec-pu-directory-2015
32-14-10,NG033014,RI,Bane,bane,,inec-cvr|inec-pu-directory-2015
32-14-11,NG033014,RI,Kono/Kwawa,kono-kwawa,,inec-cvr|inec-pu-directory-2015
32-14-12,NG033014,RI,Wiiyaa Kara,wiiyaa-kara,,inec-cvr|inec-pu-directory-2015
32-14-13,NG033014,RI,Boue,boue,,inec-cvr|inec-pu-directory-2015
32-14-14,NG033014,RI,Uegwere,uegwere,,inec-cvr|inec-pu-directory-2015
32-14-15,NG033014,RI,Gwara/Kaa/Eeken,gwara-kaa-eeken,,inec-cvr|inec-pu-directory-2015
32-14-16,NG033014,RI,Opuoko/Kalaoko,opuoko-kalaoko,,inec-cvr|inec-pu-directory-2015
32-14-17,NG033014,RI,Sii/Betem/Kbaabbe,sii-betem-kbaabbe,,inec-cvr|inec-pu-directory-2015
32-14-18,NG033014,RI,Baen/Kpean/Duburo,baen-kpean-duburo,,inec-cvr|inec-pu-directory-2015
32-14-19,NG033014,RI,Lorre/Luebe/Kpaa,lorre-luebe-kpaa,,inec-cvr|inec-pu-directory-2015
32-15-01,NG033015,RI,Oro-Igwe,oro-igwe,,inec-cvr|inec-pu-directory-2015
32-15-02,NG033015,RI,Rumuodara,rumuodara,,inec-cvr|inec-pu-directory-2015
32-15-03,NG033015,RI,Rumuokwu (2B),rumuokwu-2b,,inec-cvr|inec-pu-directory-2015
32-15-04,NG033015,RI,Rumuodomaya (3A),rumuodomaya-3a,,inec-cvr|inec-pu-directory-2015
32-15-05,NG033015,RI,Elelenwo (3B),elelenwo-3b,,inec-cvr|inec-pu-directory-2015
32-15-06,NG033015,RI,Worji,worji,,inec-cvr|inec-pu-directory-2015
32-15-07,NG033015,RI,Rumuokoro,rumuokoro,,inec-cvr|inec-pu-directory-2015
32-15-08,NG033015,RI,Rumuomasi,rumuomasi,,inec-cvr|inec-pu-directory-2015
32-15-09,NG033015,RI,Rumueme (7A),rumueme-7a,,inec-cvr|inec-pu-directory-2015
32-15-10,NG033015,RI,Rumueme (7B),rumueme-7b,,inec-cvr|inec-pu-directory-2015
32-15-11,NG033015,RI,Rumueme (7C),rumueme-7c,,inec-cvr|inec-pu-directory-2015
32-15-12,NG033015,RI,Rumuigbo (8A),rumuigbo-8a,,inec-cvr|inec-pu-directory-2015
32-15-13,NG033015,RI,Rumukwuta (8B),rumukwuta-8b,,inec-cvr|inec-pu-directory-2015
32-15-14,NG033015,RI,Rukpoku,rukpoku,,inec-cvr|inec-pu-directory-2015
32-15-15,NG033015,RI,Choba,choba,,inec-cvr|inec-pu-directory-2015
32-15-16,NG033015,RI,Ozuoba/Ogbogoro,ozuoba-ogbogoro,,inec-cvr|inec-pu-directory-2015
32-15-17,NG033015,RI,Rumuolumeni,rumuolumeni,,inec-cvr|inec-pu-directory-2015
32-16-01,NG033016,RI,Omoku Town I,omoku-town-i,,inec-cvr|inec-pu-directory-2015
32-16-02,NG033016,RI,Omoku Town II,omoku-town-ii,,inec-cvr|inec-pu-directory-2015
32-16-03,NG033016,RI,Omuku Town (Obieti),omuku-town-obieti,,inec-cvr|inec-pu-directory-2015
32-16-04,NG033016,RI,Omoku Town IV (Usomini),omoku-town-iv-usomini,,inec-cvr|inec-pu-directory-2015
32-16-05,NG033016,RI,Obrikom,obrikom,Obirkom (Usomini North),inec-cvr|inec-pu-directory-2015
32-16-06,NG033016,RI,Usomini South Kreigani,usomini-south-kreigani,,inec-cvr|inec-pu-directory-2015
32-16-07,NG033016,RI,Igburu,igburu,,inec-cvr|inec-pu-directory-2015
32-16-08,NG033016,RI,Egi I,egi-i,,inec-cvr|inec-pu-directory-2015
32-16-09,NG033016,RI,Egi II,egi-ii,,inec-cvr|inec-pu-directory-2015
32-16-10,NG033016,RI,Egi III (Erema),egi-iii-erema,,inec-cvr|inec-pu-directory-2015
32-16-11,NG033016,RI,Egbema I,egbema-i,,inec-cvr|inec-pu-directory-2015
32-16-12,NG033016,RI,Egbema II,egbema-ii,,inec-cvr|inec-pu-directory-2015
32-16-13,NG033016,RI,Ndoni I,ndoni-i,,inec-cvr|inec-pu-directory-2015
32-16-14,NG033016,RI,Ndoni II,ndoni-ii,,inec-cvr|inec-pu-directory-2015
32-16-15,NG033016,RI,Ndoni III,ndoni-iii,,inec-cvr|inec-pu-directory-2015
32-16-16,NG033016,RI,Omoku Town V,omoku-town-v,,inec-cvr|inec-pu-directory-2015
32-16-17,NG033016,RI,Egi IV,egi-iv,,inec-cvr|inec-pu-directory-2015
32-17-01,NG033017,RI,Ogu I,ogu-i,,inec-cvr|inec-pu-directory-2015
32-17-02,NG033017,RI,Ogu II,ogu-ii,,inec-cvr|inec-pu-directory-2015
32-17-03,NG033017,RI,Ogu III,ogu-iii,,inec-cvr|inec-pu-directory-2015
32-17-04,NG033017,RI,Ogu IV,ogu-iv,,inec-cvr|inec-pu-directory-2015
32-17-05,NG033017,RI,Ogu V,ogu-v,,inec-cvr|inec-pu-directory-2015
32-17-06,NG033017,RI,Ogu VI,ogu-vi,,inec-cvr|inec-pu-directory-2015
32-17-07,NG033017,RI,Bolo I,bolo-i,,inec-cvr|inec-pu-directory-2015
32-17-08,NG033017,RI,Bolo II,bolo-ii,,inec-cvr|inec-pu-directory-2015
32-17-09,NG033017,RI,Bolo III,bolo-iii,,inec-cvr|inec-pu-directory-2015
32-17-10,NG033017,RI,Bolo IV,bolo-iv,,inec-cvr|inec-pu-directory-2015
32-17-11,NG033017,RI,Wakama,wakama,,inec-cvr|inec-pu-directory-2015
32-17-12,NG033017,RI,Ele,ele,,inec-cvr|inec-pu-directory-2015
32-18-01,NG033018,RI,Okrika I,okrika-i,,inec-cvr|inec-pu-directory-2015
32-18-02,NG033018,RI,Okrika II,okrika-ii,,inec-cvr|inec-pu-directory-2015
32-18-03,NG033018,RI,Okrika III,okrika-iii,,inec-cvr|inec-pu-directory-2015
32-18-04,NG033018,RI,Okrika IV,okrika-iv,,inec-cvr|inec-pu-directory-2015
32-18-05,NG033018,RI,Okrika V,okrika-v,,inec-cvr|inec-pu-directory-2015
32-18-06,NG033018,RI,Okrika VI,okrika-vi,,inec-cvr|inec-pu-directory-2015
32-18-07,NG033018,RI,Okrika VII,okrika-vii,,inec-cvr|inec-pu-directory-2015
32-18-08,NG033018,RI,Ogan,ogan,,inec-cvr|inec-pu-directory-2015
32-18-09,NG033018,RI,Kalio,kalio,,inec-cvr|inec-pu-directory-2015
32-18-10,NG033018,RI,Ogoloma I,ogoloma-i,,inec-cvr|inec-pu-directory-2015
32-18-11,NG033018,RI,Ogoloma II,ogoloma-ii,,inec-cvr|inec-pu-directory-2015
32-18-12,NG033018,RI,Ogoloma III,ogoloma-iii,,inec-cvr|inec-pu-directory-2015
32-19-01,NG033019,RI,Eberi-Dikeomuuo Community,eberi-dikeomuuo-community,,inec-cvr|inec-pu-directory-2015
32-19-02,NG033019,RI,Ariraniiri/Owu-Ahia Community,ariraniiri-owu-ahia-community,,inec-cvr|inec-pu-directory-2015
32-19-03,NG033019,RI,Obiohia Community,obiohia-community,,inec-cvr|inec-pu-directory-2015
32-19-04,NG033019,RI,Ohimogho Community,ohimogho-community,,inec-cvr|inec-pu-directory-2015
32-19-05,NG033019,RI,Oyoro,oyoro,,inec-cvr|inec-pu-directory-2015
32-19-06,NG033019,RI,Ofeh Community,ofeh-community,,inec-cvr|inec-pu-directory-2015
32-19-07,NG033019,RI,Umuogba I Community,umuogba-i-community,,inec-cvr|inec-pu-directory-2015
32-19-08,NG033019,RI,Umuogba II Community,umuogba-ii-community,,inec-cvr|inec-pu-directory-2015
32-19-09,NG033019,RI,Obibi/Ajuloke Community,obibi-ajuloke-community,,inec-cvr|inec-pu-directory-2015
32-19-10,NG033019,RI,Umuajuloke Community,umuajuloke-community,,inec-cvr|inec-pu-directory-2015
32-20-01,NG033020,RI,Kalaibiama I,kalaibiama-i,,inec-cvr|inec-pu-directory-2015
32-20-02,NG033020,RI,Kalaibiama II,kalaibiama-ii,,inec-cvr|inec-pu-directory-2015
32-20-03,NG033020,RI,Diepiri,diepiri,,inec-cvr|inec-pu-directory-2015
32-20-04,NG033020,RI,Ukonu,ukonu,,inec-cvr|inec-pu-directory-2015
32-20-05,NG033020,RI,Dappaye Ama-Kiri I,dappaye-ama-kiri-i,,inec-cvr|inec-pu-directory-2015
32-20-06,NG033020,RI,Dappaye Ama-Kiri II,dappaye-ama-kiri-ii,,inec-cvr|inec-pu-directory-2015
32-20-07,NG033020,RI,Jaja,jaja,,inec-cvr|inec-pu-directory-2015
32-20-08,NG033020,RI,Queens Town Kalama,queens-town-kalama,,inec-cvr|inec-pu-directory-2015
32-20-09,NG033020,RI,Nkoro I,nkoro-i,,inec-cvr|inec-pu-directory-2015
32-20-10,NG033020,RI,Nkoro II,nkoro-ii,,inec-cvr|inec-pu-directory-2015
32-20-11,NG033020,RI,Nkoro III,nkoro-iii,,inec-cvr|inec-pu-directory-2015
32-21-01,NG033021,RI,Okoloma,okoloma,,inec-cvr|inec-pu-directory-2015
32-21-02,NG033021,RI,Obeakpu,obeakpu,,inec-cvr|inec-pu-directory-2015
32-21-03,NG033021,RI,Egburu,egburu,,inec-cvr|inec-pu-directory-2015
32-21-04,NG033021,RI,Umuagbai,umuagbai,,inec-cvr|inec-pu-directory-2015
32-21-05,NG033021,RI,Azuogu,azuogu,,inec-cvr|inec-pu-directory-2015
32-21-06,NG033021,RI,Obete,obete,,inec-cvr|inec-pu-directory-2015
32-21-07,NG033021,RI,Asa,asa,,inec-cvr|inec-pu-directory-2015
32-21-08,NG033021,RI,Oyigbo West,oyigbo-west,Oyigba West,inec-cvr|inec-pu-directory-2015
32-21-09,NG033021,RI,Oyigbo Central,oyigbo-central,,inec-cvr|inec-pu-directory-2015
32-21-10,NG033021,RI,Komkom,komkom,,inec-cvr|inec-pu-directory-2015
32-22-01,NG033022,RI,Oromineke/Ezimgbu,oromineke-ezimgbu,,inec-cvr|inec-pu-directory-2015
32-22-02,NG033022,RI,Orogbum,orogbum,,inec-cvr|inec-pu-directory-2015
32-22-03,NG033022,RI,Oroabali,oroabali,,inec-cvr|inec-pu-directory-2015
32-22-04,NG033022,RI,Ogbunabali,ogbunabali,,inec-cvr|inec-pu-directory-2015
32-22-05,NG033022,RI,Port Harcourt Township,port-harcourt-township,,inec-cvr|inec-pu-directory-2015
32-22-06,NG033022,RI,Port Harcourt Township VI,port-harcourt-township-vi,,inec-cvr|inec-pu-directory-2015
32-22-07,NG033022,RI,Port Harcourt VII,port-harcourt-vii,,inec-cvr|inec-pu-directory-2015
32-22-08,NG033022,RI,Ochiri/Rumukalagbor,ochiri-rumukalagbor,,inec-cvr|inec-pu-directory-2015
32-22-09,NG033022,RI,Oroworukwo,oroworukwo,,inec-cvr|inec-pu-directory-2015
32-22-10,NG033022,RI,Nkpolu Oroworukwo,nkpolu-oroworukwo,,inec-cvr|inec-pu-directory-2015
32-22-11,NG033022,RI,Rumuwoji (One),rumuwoji-one,,inec-cvr|inec-pu-directory-2015
32-22-12,NG033022,RI,Rumuwoji (Two),rumuwoji-two,,inec-cvr|inec-pu-directory-2015
32-22-13,NG033022,RI,Rumuwoji (Three),rumuwoji-three,,inec-cvr|inec-pu-directory-2015
32-22-14,NG033022,RI,Mgbundukwu (One),mgbundukwu-one,,inec-cvr|inec-pu-directory-2015
32-22-15,NG033022,RI,Mgbundukwu (Two),mgbundukwu-two,,inec-cvr|inec-pu-directory-2015
32-22-16,NG033022,RI,Rumuobiekwe Ward,rumuobiekwe-ward,,inec-cvr|inec-pu-directory-2015
32-22-17,NG033022,RI,Diobu,diobu,,inec-cvr|inec-pu-directory-2015
32-22-18,NG033022,RI,Nkpolu Oroworukwo Two,nkpolu-oroworukwo-two,,inec-cvr|inec-pu-directory-2015
32-22-19,NG033022,RI,Elekahia,elekahia,,inec-cvr|inec-pu-directory-2015
32-22-20,NG033022,RI,Abuloma/Amadi-Ama,abuloma-amadi-ama,,inec-cvr|inec-pu-directory-2015
32-23-01,NG033023,RI,Botem/Gbeneo,botem-gbeneo,Ward I (Botem/Gbeneo),inec-cvr|inec-pu-directory-2015
32-23-02,NG033023,RI,Kpite,kpite,Ward II (Kpite),inec-cvr|inec-pu-directory-2015
32-23-03,NG033023,RI,Korokoro,korokoro,Ward III (Korokoro),inec-cvr|inec-pu-directory-2015
32-23-04,NG033023,RI,Koroma/Horo,koroma-horo,Ward IV Koroma/Horo,inec-cvr|inec-pu-directory-2015
32-23-05,NG033023,RI,Kira/Borobara,kira-borobara,Ward V (Kira/Borobara),inec-cvr|inec-pu-directory-2015
32-23-06,NG033023,RI,Gio/Kporghor/Gbam,gio-kporghor-gbam,Ward VI (Gio/Kporghor/Gbam),inec-cvr|inec-pu-directory-2015
32-23-07,NG033023,RI,Nonwa,nonwa,Ward VII (Nonwa),inec-cvr|inec-pu-directory-2015
32-23-08,NG033023,RI,Oyigbo West,oyigbo-west,,inec-cvr|inec-pu-directory-2015
32-23-09,NG033023,RI,Bubu/Bara/Kani,bubu-bara-kani,,inec-cvr|inec-pu-directory-2015
32-23-10,NG033023,RI,Ban-Ogoi,ban-ogoi,Ward X (Ban-Ogoi),inec-cvr|inec-pu-directory-2015
33-01-01,NG034001,SO,Inname,inname,,inec-cvr|inec-pu-directory-2015
33-01-02,NG034001,SO,Samama,samama,,inec-cvr|inec-pu-directory-2015
33-01-03,NG034001,SO,Binji,binji,,inec-cvr|inec-pu-directory-2015
33-01-04,NG034001,SO,Jammali,jammali,,inec-cvr|inec-pu-directory-2015
33-01-05,NG034001,SO,T/Kose,t-kose,,inec-cvr|inec-pu-directory-2015
33-01-06,NG034001,SO,Gawazzai,gawazzai,,inec-cvr|inec-pu-directory-2015
33-01-07,NG034001,SO,Maikulki,maikulki,,inec-cvr|inec-pu-directory-2015
33-01-08,NG034001,SO,Bunkari,bunkari,,inec-cvr|inec-pu-directory-2015
33-01-09,NG034001,SO,Soro Gabas,soro-gabas,,inec-cvr|inec-pu-directory-2015
33-01-10,NG034001,SO,Soro Yamma,soro-yamma,,inec-cvr|inec-pu-directory-2015
33-02-01,NG034002,SO,Bodinga/Tauma,bodinga-tauma,,inec-cvr|inec-pu-directory-2015
33-02-02,NG034002,SO,Bagarawa,bagarawa,,inec-cvr|inec-pu-directory-2015
33-02-03,NG034002,SO,Mazan Gari/Jirga Miyo,mazan-gari-jirga-miyo,,inec-cvr|inec-pu-directory-2015
33-02-04,NG034002,SO,Sifawa/Lukuyawa,sifawa-lukuyawa,,inec-cvr|inec-pu-directory-2015
33-02-05,NG034002,SO,Badau/Darhela,badau-darhela,,inec-cvr|inec-pu-directory-2015
33-02-06,NG034002,SO,Dingyadi/Badawa,dingyadi-badawa,,inec-cvr|inec-pu-directory-2015
33-02-07,NG034002,SO,Tulluwa/Kulafasa,tulluwa-kulafasa,,inec-cvr|inec-pu-directory-2015
33-02-08,NG034002,SO,Danchadi,danchadi,,inec-cvr|inec-pu-directory-2015
33-02-09,NG034002,SO,Bangi/Dabaga,bangi-dabaga,,inec-cvr|inec-pu-directory-2015
33-02-10,NG034002,SO,Kwacciyar Lalle,kwacciyar-lalle,,inec-cvr|inec-pu-directory-2015
33-02-11,NG034002,SO,Takatuku/Madorawa,takatuku-madorawa,,inec-cvr|inec-pu-directory-2015
33-03-01,NG034003,SO,Dange,dange,,inec-cvr|inec-pu-directory-2015
33-03-02,NG034003,SO,Wababe/Salau,wababe-salau,,inec-cvr|inec-pu-directory-2015
33-03-03,NG034003,SO,Bodai/Jurga,bodai-jurga,,inec-cvr|inec-pu-directory-2015
33-03-04,NG034003,SO,Fajaldu,fajaldu,,inec-cvr|inec-pu-directory-2015
33-03-05,NG034003,SO,Shuni,shuni,,inec-cvr|inec-pu-directory-2015
33-03-06,NG034003,SO,Rudu/Amanawa,rudu-amanawa,,inec-cvr|inec-pu-directory-2015
33-03-07,NG034003,SO,Tsafanade,tsafanade,,inec-cvr|inec-pu-directory-2015
33-03-08,NG034003,SO,Tuntube/Tsehe,tuntube-tsehe,,inec-cvr|inec-pu-directory-2015
33-03-09,NG034003,SO,Giere/Gajara,giere-gajara,,inec-cvr|inec-pu-directory-2015
33-03-10,NG034003,SO,Rikina,rikina,,inec-cvr|inec-pu-directory-2015
33-03-11,NG034003,SO,Ruggar Gidado,ruggar-gidado,,inec-cvr|inec-pu-directory-2015
33-04-01,NG034004,SO,Gada,gada,,inec-cvr|inec-pu-directory-2015
33-04-02,NG034004,SO,Kaddi,kaddi,,inec-cvr|inec-pu-directory-2015
33-04-03,NG034004,SO,Kadadin Buda (Kaddi),kadadin-buda-kaddi,,inec-cvr|inec-pu-directory-2015
33-04-04,NG034004,SO,Gilbadi,gilbadi,,inec-cvr|inec-pu-directory-2015
33-04-05,NG034004,SO,Tsitse,tsitse,,inec-cvr|inec-pu-directory-2015
33-04-06,NG034004,SO,Kaffe,kaffe,,inec-cvr|inec-pu-directory-2015
33-04-07,NG034004,SO,Dukamaje/Ilah,dukamaje-ilah,,inec-cvr|inec-pu-directory-2015
33-04-08,NG034004,SO,Kyadawa/Holai,kyadawa-holai,,inec-cvr|inec-pu-directory-2015
33-04-09,NG034004,SO,Kiri,kiri,,inec-cvr|inec-pu-directory-2015
33-04-10,NG034004,SO,Kadassaka,kadassaka,,inec-cvr|inec-pu-directory-2015
33-04-11,NG034004,SO,Kwarma,kwarma,,inec-cvr|inec-pu-directory-2015
33-05-01,NG034006,SO,Goronyo,goronyo,,inec-cvr|inec-pu-directory-2015
33-05-02,NG034006,SO,Giyawa,giyawa,,inec-cvr|inec-pu-directory-2015
33-05-03,NG034006,SO,Boyeka I,boyeka-i,,inec-cvr|inec-pu-directory-2015
33-05-04,NG034006,SO,Kagara,kagara,,inec-cvr|inec-pu-directory-2015
33-05-05,NG034006,SO,Kwakwazo,kwakwazo,,inec-cvr|inec-pu-directory-2015
33-05-06,NG034006,SO,Kojiyo,kojiyo,,inec-cvr|inec-pu-directory-2015
33-05-07,NG034006,SO,Rimawa,rimawa,,inec-cvr|inec-pu-directory-2015
33-05-08,NG034006,SO,Shinaka,shinaka,,inec-cvr|inec-pu-directory-2015
33-05-09,NG034006,SO,S/Gari Dole/Dan/Tasakko,s-gari-dole-dan-tasakko,,inec-cvr|inec-pu-directory-2015
33-05-10,NG034006,SO,Birjingo,birjingo,,inec-cvr|inec-pu-directory-2015
33-05-11,NG034006,SO,Takakume,takakume,,inec-cvr|inec-pu-directory-2015
33-06-01,NG034007,SO,Karfen Sarki,karfen-sarki,,inec-cvr|inec-pu-directory-2015
33-06-02,NG034007,SO,Chilas/Makuya,chilas-makuya,,inec-cvr|inec-pu-directory-2015
33-06-03,NG034007,SO,Bachaka,bachaka,,inec-cvr|inec-pu-directory-2015
33-06-04,NG034007,SO,Gwazange/Boto,gwazange-boto,,inec-cvr|inec-pu-directory-2015
33-06-05,NG034007,SO,Kurdula,kurdula,,inec-cvr|inec-pu-directory-2015
33-06-06,NG034007,SO,Balle,balle,,inec-cvr|inec-pu-directory-2015
33-06-07,NG034007,SO,Awulkiti,awulkiti,,inec-cvr|inec-pu-directory-2015
33-06-08,NG034007,SO,Karfen Chana,karfen-chana,,inec-cvr|inec-pu-directory-2015
33-06-09,NG034007,SO,Maraken Bori,maraken-bori,,inec-cvr|inec-pu-directory-2015
33-06-10,NG034007,SO,Tulun Doya,tulun-doya,,inec-cvr|inec-pu-directory-2015
33-07-01,NG034005,SO,Asara Kudu,asara-kudu,,inec-cvr|inec-pu-directory-2015
33-07-02,NG034005,SO,Asara Arewa,asara-arewa,,inec-cvr|inec-pu-directory-2015
33-07-03,NG034005,SO,Atakwanyo,atakwanyo,,inec-cvr|inec-pu-directory-2015
33-07-04,NG034005,SO,Chimmola/Kudu,chimmola-kudu,,inec-cvr|inec-pu-directory-2015
33-07-05,NG034005,SO,Chimola Arewa,chimola-arewa,,inec-cvr|inec-pu-directory-2015
33-07-06,NG034005,SO,Gwadabawa,gwadabawa,,inec-cvr|inec-pu-directory-2015
33-07-07,NG034005,SO,Gidan Kaya,gidan-kaya,,inec-cvr|inec-pu-directory-2015
33-07-08,NG034005,SO,Gigane,gigane,,inec-cvr|inec-pu-directory-2015
33-07-09,NG034005,SO,Mammande,mammande,,inec-cvr|inec-pu-directory-2015
33-07-10,NG034005,SO,Salame,salame,,inec-cvr|inec-pu-directory-2015
33-07-11,NG034005,SO,Huchi,huchi,,inec-cvr|inec-pu-directory-2015
33-08-01,NG034008,SO,Illela,illela,,inec-cvr|inec-pu-directory-2015
33-08-02,NG034008,SO,Kalmalo,kalmalo,,inec-cvr|inec-pu-directory-2015
33-08-03,NG034008,SO,Damba,damba,,inec-cvr|inec-pu-directory-2015
33-08-04,NG034008,SO,Darna/Sabon Gari,darna-sabon-gari,,inec-cvr|inec-pu-directory-2015
33-08-05,NG034008,SO,Darne/Tsolawo,darne-tsolawo,,inec-cvr|inec-pu-directory-2015
33-08-06,NG034008,SO,G/Hamma,g-hamma,,inec-cvr|inec-pu-directory-2015
33-08-07,NG034008,SO,Araba,araba,,inec-cvr|inec-pu-directory-2015
33-08-08,NG034008,SO,Garu,garu,,inec-cvr|inec-pu-directory-2015
33-08-09,NG034008,SO,R. Gati,r-gati,,inec-cvr|inec-pu-directory-2015
33-08-10,NG034008,SO,Tozai,tozai,,inec-cvr|inec-pu-directory-2015
33-08-11,NG034008,SO,G/Katta,g-katta,,inec-cvr|inec-pu-directory-2015
33-09-01,NG034009,SO,Isa North,isa-north,,inec-cvr|inec-pu-directory-2015
33-09-02,NG034009,SO,Isa South,isa-south,,inec-cvr|inec-pu-directory-2015
33-09-03,NG034009,SO,Turba,turba,,inec-cvr|inec-pu-directory-2015
33-09-04,NG034009,SO,Tsabren Sarkin Darai,tsabren-sarkin-darai,,inec-cvr|inec-pu-directory-2015
33-09-05,NG034009,SO,Tidibale,tidibale,,inec-cvr|inec-pu-directory-2015
33-09-06,NG034009,SO,Bargaja,bargaja,,inec-cvr|inec-pu-directory-2015
33-09-07,NG034009,SO,Yanfako,yanfako,,inec-cvr|inec-pu-directory-2015
33-09-08,NG034009,SO,Tozai,tozai,,inec-cvr|inec-pu-directory-2015
33-09-09,NG034009,SO,Gebe 'A',gebe-a,,inec-cvr|inec-pu-directory-2015
33-09-10,NG034009,SO,Gebe 'B',gebe-b,,inec-cvr|inec-pu-directory-2015
33-10-01,NG034011,SO,Kware,kware,,inec-cvr|inec-pu-directory-2015
33-10-02,NG034011,SO,"Bankanu/R, Kade",bankanu-r-kade,,inec-cvr|inec-pu-directory-2015
33-10-03,NG034011,SO,Basansan,basansan,,inec-cvr|inec-pu-directory-2015
33-10-04,NG034011,SO,S/Birni/G. Karma,s-birni-g-karma,,inec-cvr|inec-pu-directory-2015
33-10-05,NG034011,SO,H/Ali/Marabawa,h-ali-marabawa,,inec-cvr|inec-pu-directory-2015
33-10-06,NG034011,SO,G/Modibbo/G. Akwara,g-modibbo-g-akwara,,inec-cvr|inec-pu-directory-2015
33-10-07,NG034011,SO,G. Rugga,g-rugga,,inec-cvr|inec-pu-directory-2015
33-10-08,NG034011,SO,Durbawa,durbawa,,inec-cvr|inec-pu-directory-2015
33-10-09,NG034011,SO,Tunga/Mallamawa,tunga-mallamawa,,inec-cvr|inec-pu-directory-2015
33-10-10,NG034011,SO,Kabanga,kabanga,,inec-cvr|inec-pu-directory-2015
33-10-11,NG034011,SO,Tsaki/Walake'e,tsaki-walakee,,inec-cvr|inec-pu-directory-2015
33-11-01,NG034010,SO,Kebbe East,kebbe-east,,inec-cvr|inec-pu-directory-2015
33-11-02,NG034010,SO,Kebbe West,kebbe-west,,inec-cvr|inec-pu-directory-2015
33-11-03,NG034010,SO,Margai-A,margai-a,,inec-cvr|inec-pu-directory-2015
33-11-04,NG034010,SO,Margai-B,margai-b,,inec-cvr|inec-pu-directory-2015
33-11-05,NG034010,SO,Kuchi,kuchi,,inec-cvr|inec-pu-directory-2015
33-11-06,NG034010,SO,Nasagudu,nasagudu,,inec-cvr|inec-pu-directory-2015
33-11-07,NG034010,SO,Sangi,sangi,,inec-cvr|inec-pu-directory-2015
33-11-08,NG034010,SO,Fakku,fakku,,inec-cvr|inec-pu-directory-2015
33-11-09,NG034010,SO,Ungushi,ungushi,,inec-cvr|inec-pu-directory-2015
33-11-10,NG034010,SO,Girkau,girkau,,inec-cvr|inec-pu-directory-2015
33-12-01,NG034012,SO,Rabah,rabah,,inec-cvr|inec-pu-directory-2015
33-12-02,NG034012,SO,Riji/Maikujera,riji-maikujera,,inec-cvr|inec-pu-directory-2015
33-12-03,NG034012,SO,Rara,rara,,inec-cvr|inec-pu-directory-2015
33-12-04,NG034012,SO,Gwaddodi/Gidan Bu Wai,gwaddodi-gidan-bu-wai,,inec-cvr|inec-pu-directory-2015
33-12-05,NG034012,SO,Gawakuke,gawakuke,,inec-cvr|inec-pu-directory-2015
33-12-06,NG034012,SO,Gandi 'A',gandi-a,,inec-cvr|inec-pu-directory-2015
33-12-07,NG034012,SO,Gandi 'B',gandi-b,,inec-cvr|inec-pu-directory-2015
33-12-08,NG034012,SO,Tsamiya,tsamiya,,inec-cvr|inec-pu-directory-2015
33-12-09,NG034012,SO,Yar Tsakuwa,yar-tsakuwa,,inec-cvr|inec-pu-directory-2015
33-12-10,NG034012,SO,Kurya,kurya,,inec-cvr|inec-pu-directory-2015
33-12-11,NG034012,SO,Tursa,tursa,,inec-cvr|inec-pu-directory-2015
33-13-01,NG034013,SO,S/Birni East,s-birni-east,,inec-cvr|inec-pu-directory-2015
33-13-02,NG034013,SO,S/Birni West,s-birni-west,,inec-cvr|inec-pu-directory-2015
33-13-03,NG034013,SO,Tsamaye,tsamaye,,inec-cvr|inec-pu-directory-2015
33-13-04,NG034013,SO,Unguwar Lalle,unguwar-lalle,,inec-cvr|inec-pu-directory-2015
33-13-05,NG034013,SO,Tara,tara,,inec-cvr|inec-pu-directory-2015
33-13-06,NG034013,SO,Gatawa,gatawa,,inec-cvr|inec-pu-directory-2015
33-13-07,NG034013,SO,Kurawa,kurawa,,inec-cvr|inec-pu-directory-2015
33-13-08,NG034013,SO,Gangara,gangara,,inec-cvr|inec-pu-directory-2015
33-13-09,NG034013,SO,Kalgo,kalgo,,inec-cvr|inec-pu-directory-2015
33-13-10,NG034013,SO,Makuwana,makuwana,,inec-cvr|inec-pu-directory-2015
33-13-11,NG034013,SO,Lajinge,lajinge,,inec-cvr|inec-pu-directory-2015
33-14-01,NG034014,SO,Jaredi,jaredi,,inec-cvr|inec-pu-directory-2015
33-14-02,NG034014,SO,Horo Birni,horo-birni,,inec-cvr|inec-pu-directory-2015
33-14-03,NG034014,SO,Dandin Mahe,dandin-mahe,,inec-cvr|inec-pu-directory-2015
33-14-04,NG034014,SO,Kambama,kambama,,inec-cvr|inec-pu-directory-2015
33-14-05,NG034014,SO,Gangam,gangam,,inec-cvr|inec-pu-directory-2015
33-14-06,NG034014,SO,Lambara,lambara,,inec-cvr|inec-pu-directory-2015
33-14-07,NG034014,SO,Shagari,shagari,,inec-cvr|inec-pu-directory-2015
33-14-08,NG034014,SO,Sanyinnawal,sanyinnawal,,inec-cvr|inec-pu-directory-2015
33-14-09,NG034014,SO,Kajiji,kajiji,,inec-cvr|inec-pu-directory-2015
33-14-10,NG034014,SO,Mandera,mandera,,inec-cvr|inec-pu-directory-2015
33-15-01,NG034015,SO,Gande East,gande-east,,inec-cvr|inec-pu-directory-2015
33-15-02,NG034015,SO,Gande West,gande-west,,inec-cvr|inec-pu-directory-2015
33-15-03,NG034015,SO,Katami North,katami-north,,inec-cvr|inec-pu-directory-2015
33-15-04,NG034015,SO,Katami South,katami-south,,inec-cvr|inec-pu-directory-2015
33-15-05,NG034015,SO,Kubodu North,kubodu-north,,inec-cvr|inec-pu-directory-2015
33-15-06,NG034015,SO,Kubodu South,kubodu-south,,inec-cvr|inec-pu-directory-2015
33-15-07,NG034015,SO,Labani,labani,,inec-cvr|inec-pu-directory-2015
33-15-08,NG034015,SO,Marafa East,marafa-east,,inec-cvr|inec-pu-directory-2015
33-15-09,NG034015,SO,Marafa West,marafa-west,,inec-cvr|inec-pu-directory-2015
33-15-10,NG034015,SO,Silame,silame,,inec-cvr|inec-pu-directory-2015
33-16-01,NG034016,SO,Waziri 'A',waziri-a,,inec-cvr|inec-pu-directory-2015
33-16-02,NG034016,SO,Waziri 'B',waziri-b,,inec-cvr|inec-pu-directory-2015
33-16-03,NG034016,SO,Waziri 'C',waziri-c,,inec-cvr|inec-pu-directory-2015
33-16-04,NG034016,SO,Magajin Gari 'A',magajin-gari-a,,inec-cvr|inec-pu-directory-2015
33-16-05,NG034016,SO,Magajin Gari B,magajin-gari-b,,inec-cvr|inec-pu-directory-2015
33-16-06,NG034016,SO,S/Adar/G/Igwai,s-adar-g-igwai,,inec-cvr|inec-pu-directory-2015
33-16-07,NG034016,SO,Magajin Rafi 'A',magajin-rafi-a,,inec-cvr|inec-pu-directory-2015
33-16-08,NG034016,SO,Magajin Rafi 'B',magajin-rafi-b,,inec-cvr|inec-pu-directory-2015
33-16-09,NG034016,SO,S/Musulmi 'A',s-musulmi-a,,inec-cvr|inec-pu-directory-2015
33-16-10,NG034016,SO,S/Musulmi 'B',s-musulmi-b,,inec-cvr|inec-pu-directory-2015
33-16-11,NG034016,SO,S/Adar Gandu,s-adar-gandu,,inec-cvr|inec-pu-directory-2015
33-17-01,NG034017,SO,R/Dorowa 'A',r-dorowa-a,,inec-cvr|inec-pu-directory-2015
33-17-02,NG034017,SO,R/Dorowa 'B',r-dorowa-b,,inec-cvr|inec-pu-directory-2015
33-17-03,NG034017,SO,T/Wada 'A',t-wada-a,,inec-cvr|inec-pu-directory-2015
33-17-04,NG034017,SO,T/Wada 'B',t-wada-b,,inec-cvr|inec-pu-directory-2015
33-17-05,NG034017,SO,S/Zamfara 'A',s-zamfara-a,,inec-cvr|inec-pu-directory-2015
33-17-06,NG034017,SO,S/Zamfara 'B',s-zamfara-b,,inec-cvr|inec-pu-directory-2015
33-17-07,NG034017,SO,Gagi 'A',gagi-a,,inec-cvr|inec-pu-directory-2015
33-17-08,NG034017,SO,Gagi 'B',gagi-b,,inec-cvr|inec-pu-directory-2015
33-17-09,NG034017,SO,Gagi 'C',gagi-c,,inec-cvr|inec-pu-directory-2015
33-17-10,NG034017,SO,Sarkin Adar Kwanni,sarkin-adar-kwanni,,inec-cvr|inec-pu-directory-2015
33-17-11,NG034017,SO,S/A/K/Atiku,s-a-k-atiku,,inec-cvr|inec-pu-directory-2015
33-18-01,NG034018,SO,Romon Sarki,romon-sarki,,inec-cvr|inec-pu-directory-2015
33-18-02,NG034018,SO,Bakaya/Sabon Birni,bakaya-sabon-birni,,inec-cvr|inec-pu-directory-2015
33-18-03,NG034018,SO,Bashire/Maikada,bashire-maikada,,inec-cvr|inec-pu-directory-2015
33-18-04,NG034018,SO,Bagida/Lukkingo,bagida-lukkingo,,inec-cvr|inec-pu-directory-2015
33-18-05,NG034018,SO,Tambuwal/Shinfiri,tambuwal-shinfiri,,inec-cvr|inec-pu-directory-2015
33-18-06,NG034018,SO,Faga/Alasan,faga-alasan,,inec-cvr|inec-pu-directory-2015
33-18-07,NG034018,SO,Dogondaji/Sala,dogondaji-sala,,inec-cvr|inec-pu-directory-2015
33-18-08,NG034018,SO,Sanyinna,sanyinna,,inec-cvr|inec-pu-directory-2015
33-18-09,NG034018,SO,Barkeji/Nabaguda,barkeji-nabaguda,,inec-cvr|inec-pu-directory-2015
33-18-10,NG034018,SO,Jabo/Kagara,jabo-kagara,,inec-cvr|inec-pu-directory-2015
33-18-11,NG034018,SO,Saida/Goshe,saida-goshe,,inec-cvr|inec-pu-directory-2015
33-19-01,NG034019,SO,Tangaza,tangaza,,inec-cvr|inec-pu-directory-2015
33-19-02,NG034019,SO,Ruwa-Wuri,ruwa-wuri,,inec-cvr|inec-pu-directory-2015
33-19-03,NG034019,SO,Raka,raka,,inec-cvr|inec-pu-directory-2015
33-19-04,NG034019,SO,Salewa,salewa,,inec-cvr|inec-pu-directory-2015
33-19-05,NG034019,SO,Gidan Madi,gidan-madi,,inec-cvr|inec-pu-directory-2015
33-19-06,NG034019,SO,Sutti,sutti,,inec-cvr|inec-pu-directory-2015
33-19-07,NG034019,SO,Kwacce-Huru,kwacce-huru,,inec-cvr|inec-pu-directory-2015
33-19-08,NG034019,SO,Kalanjeni,kalanjeni,,inec-cvr|inec-pu-directory-2015
33-19-09,NG034019,SO,Magonho,magonho,,inec-cvr|inec-pu-directory-2015
33-19-10,NG034019,SO,Sakkwai,sakkwai,,inec-cvr|inec-pu-directory-2015
33-20-01,NG034020,SO,Duma,duma,,inec-cvr|inec-pu-directory-2015
33-20-02,NG034020,SO,Lofa,lofa,,inec-cvr|inec-pu-directory-2015
33-20-03,NG034020,SO,Tsamiya,tsamiya,,inec-cvr|inec-pu-directory-2015
33-20-04,NG034020,SO,Barayar Giwa,barayar-giwa,,inec-cvr|inec-pu-directory-2015
33-20-05,NG034020,SO,Fura Girke,fura-girke,,inec-cvr|inec-pu-directory-2015
33-20-06,NG034020,SO,Lambar Tureta,lambar-tureta,,inec-cvr|inec-pu-directory-2015
33-20-07,NG034020,SO,Tureta Gari,tureta-gari,,inec-cvr|inec-pu-directory-2015
33-20-08,NG034020,SO,Kuruwa,kuruwa,,inec-cvr|inec-pu-directory-2015
33-20-09,NG034020,SO,Gidan Kare/Bimasa,gidan-kare-bimasa,,inec-cvr|inec-pu-directory-2015
33-20-10,NG034020,SO,Kwarare,kwarare,,inec-cvr|inec-pu-directory-2015
33-21-01,NG034021,SO,Arkilla,arkilla,,inec-cvr|inec-pu-directory-2015
33-21-02,NG034021,SO,Bado/Kasarawa,bado-kasarawa,,inec-cvr|inec-pu-directory-2015
33-21-03,NG034021,SO,Gumbi/Wajake,gumbi-wajake,,inec-cvr|inec-pu-directory-2015
33-21-04,NG034021,SO,Kalambaina/Girabshi,kalambaina-girabshi,,inec-cvr|inec-pu-directory-2015
33-21-05,NG034021,SO,G/Hamidu/G/Kaya,g-hamidu-g-kaya,,inec-cvr|inec-pu-directory-2015
33-21-06,NG034021,SO,G/Bubu/G/Yaro,g-bubu-g-yaro,,inec-cvr|inec-pu-directory-2015
33-21-07,NG034021,SO,Wamakko,wamakko,,inec-cvr|inec-pu-directory-2015
33-21-08,NG034021,SO,Dundaye/Gumburawa,dundaye-gumburawa,,inec-cvr|inec-pu-directory-2015
33-21-09,NG034021,SO,K/Kimba/Gedewa,k-kimba-gedewa,,inec-cvr|inec-pu-directory-2015
33-21-10,NG034021,SO,Gwamatse,gwamatse,,inec-cvr|inec-pu-directory-2015
33-21-11,NG034021,SO,Kammata,kammata,,inec-cvr|inec-pu-directory-2015
33-22-01,NG034022,SO,Marafa,marafa,,inec-cvr|inec-pu-directory-2015
33-22-02,NG034022,SO,Magarya,magarya,,inec-cvr|inec-pu-directory-2015
33-22-03,NG034022,SO,Dankemu,dankemu,,inec-cvr|inec-pu-directory-2015
33-22-04,NG034022,SO,Dimbiso,dimbiso,,inec-cvr|inec-pu-directory-2015
33-22-05,NG034022,SO,Kwargaba,kwargaba,,inec-cvr|inec-pu-directory-2015
33-22-06,NG034022,SO,Chacho/Marnona,chacho-marnona,,inec-cvr|inec-pu-directory-2015
33-22-07,NG034022,SO,Dinawa,dinawa,,inec-cvr|inec-pu-directory-2015
33-22-08,NG034022,SO,Achida,achida,,inec-cvr|inec-pu-directory-2015
33-22-09,NG034022,SO,Alkammu/Gyelgyel,alkammu-gyelgyel,,inec-cvr|inec-pu-directory-2015
33-22-10,NG034022,SO,Lahodu/G/Bango,lahodu-g-bango,,inec-cvr|inec-pu-directory-2015
33-22-11,NG034022,SO,Kwasare/Sisawa,kwasare-sisawa,,inec-cvr|inec-pu-directory-2015
33-23-01,NG034023,SO,Fakka,fakka,,inec-cvr|inec-pu-directory-2015
33-23-02,NG034023,SO,Bingaje,bingaje,,inec-cvr|inec-pu-directory-2015
33-23-03,NG034023,SO,Binji,binji,,inec-cvr|inec-pu-directory-2015
33-23-04,NG034023,SO,Torankawa,torankawa,,inec-cvr|inec-pu-directory-2015
33-23-05,NG034023,SO,Ruggar Iya,ruggar-iya,,inec-cvr|inec-pu-directory-2015
33-23-06,NG034023,SO,Yabo 'A',yabo-a,,inec-cvr|inec-pu-directory-2015
33-23-07,NG034023,SO,Yabo 'B',yabo-b,,inec-cvr|inec-pu-directory-2015
33-23-08,NG034023,SO,Kilgori,kilgori,,inec-cvr|inec-pu-directory-2015
33-23-09,NG034023,SO,Birniruwa,birniruwa,,inec-cvr|inec-pu-directory-2015
33-23-10,NG034023,SO,Bakale,bakale,,inec-cvr|inec-pu-directory-2015
34-01-01,NG035001,TA,Alim Gora,alim-gora,,inec-cvr|inec-pu-directory-2015
34-01-02,NG035001,TA,Ardo Kola,ardo-kola,,inec-cvr|inec-pu-directory-2015
34-01-03,NG035001,TA,Iware,iware,,inec-cvr|inec-pu-directory-2015
34-01-04,NG035001,TA,Jauro Yinu,jauro-yinu,,inec-cvr|inec-pu-directory-2015
34-01-05,NG035001,TA,Lamido Borno,lamido-borno,,inec-cvr|inec-pu-directory-2015
34-01-06,NG035001,TA,Mayo Ranewo,mayo-ranewo,,inec-cvr|inec-pu-directory-2015
34-01-07,NG035001,TA,Sarkin Dutse,sarkin-dutse,,inec-cvr|inec-pu-directory-2015
34-01-08,NG035001,TA,Sunkani,sunkani,,inec-cvr|inec-pu-directory-2015
34-01-09,NG035001,TA,Tau,tau,,inec-cvr|inec-pu-directory-2015
34-01-10,NG035001,TA,Zongon Kombi,zongon-kombi,,inec-cvr|inec-pu-directory-2015
34-02-01,NG035002,TA,Badakoshi,badakoshi,,inec-cvr|inec-pu-directory-2015
34-02-02,NG035002,TA,Bali A,bali-a,,inec-cvr|inec-pu-directory-2015
34-02-03,NG035002,TA,Bali B,bali-b,,inec-cvr|inec-pu-directory-2015
34-02-04,NG035002,TA,Gang Dole,gang-dole,,inec-cvr|inec-pu-directory-2015
34-02-05,NG035002,TA,Ganglari,ganglari,,inec-cvr|inec-pu-directory-2015
34-02-06,NG035002,TA,Gangtiba,gangtiba,,inec-cvr|inec-pu-directory-2015
34-02-07,NG035002,TA,Gang Mata,gang-mata,,inec-cvr|inec-pu-directory-2015
34-02-08,NG035002,TA,Kaigama,kaigama,,inec-cvr|inec-pu-directory-2015
34-02-09,NG035002,TA,Maihula,maihula,,inec-cvr|inec-pu-directory-2015
34-02-10,NG035002,TA,Suntai,suntai,,inec-cvr|inec-pu-directory-2015
34-02-11,NG035002,TA,Takalafiya,takalafiya,,inec-cvr|inec-pu-directory-2015
34-03-01,NG035003,TA,Akate,akate,,inec-cvr|inec-pu-directory-2015
34-03-02,NG035003,TA,Asibiti,asibiti,,inec-cvr|inec-pu-directory-2015
34-03-03,NG035003,TA,Fada,fada,,inec-cvr|inec-pu-directory-2015
34-03-04,NG035003,TA,Gayama,gayama,,inec-cvr|inec-pu-directory-2015
34-03-05,NG035003,TA,Gindin Dutse,gindin-dutse,,inec-cvr|inec-pu-directory-2015
34-03-06,NG035003,TA,Gyatta Aure,gyatta-aure,,inec-cvr|inec-pu-directory-2015
34-03-07,NG035003,TA,Bikadarko,bikadarko,,inec-cvr|inec-pu-directory-2015
34-03-08,NG035003,TA,Mararraba,mararraba,,inec-cvr|inec-pu-directory-2015
34-03-09,NG035003,TA,Nyita,nyita,,inec-cvr|inec-pu-directory-2015
34-03-10,NG035003,TA,Suntai,suntai,,inec-cvr|inec-pu-directory-2015
34-04-01,NG035004,TA,Galumjina,galumjina,,inec-cvr|inec-pu-directory-2015
34-04-02,NG035004,TA,Gangumi,gangumi,,inec-cvr|inec-pu-directory-2015
34-04-03,NG035004,TA,Garbabi,garbabi,,inec-cvr|inec-pu-directory-2015
34-04-04,NG035004,TA,Gashaka,gashaka,,inec-cvr|inec-pu-directory-2015
34-04-05,NG035004,TA,Gayam,gayam,,inec-cvr|inec-pu-directory-2015
34-04-06,NG035004,TA,Jamtari,jamtari,,inec-cvr|inec-pu-directory-2015
34-04-07,NG035004,TA,Mai-Idanu,mai-idanu,,inec-cvr|inec-pu-directory-2015
34-04-08,NG035004,TA,Mayo Selbe,mayo-selbe,,inec-cvr|inec-pu-directory-2015
34-04-09,NG035004,TA,Serti 'A',serti-a,,inec-cvr|inec-pu-directory-2015
34-04-10,NG035004,TA,Serti 'B',serti-b,,inec-cvr|inec-pu-directory-2015
34-05-01,NG035005,TA,Gassol,gassol,,inec-cvr|inec-pu-directory-2015
34-05-02,NG035005,TA,Gunduma,gunduma,,inec-cvr|inec-pu-directory-2015
34-05-03,NG035005,TA,Mutum Biyu I,mutum-biyu-i,,inec-cvr|inec-pu-directory-2015
34-05-04,NG035005,TA,Mutum Biyu II,mutum-biyu-ii,,inec-cvr|inec-pu-directory-2015
34-05-05,NG035005,TA,Nam Nai,nam-nai,,inec-cvr|inec-pu-directory-2015
34-05-06,NG035005,TA,Sabon Gida,sabon-gida,,inec-cvr|inec-pu-directory-2015
34-05-07,NG035005,TA,Sarkin Shira,sarkin-shira,,inec-cvr|inec-pu-directory-2015
34-05-08,NG035005,TA,Sendirde,sendirde,,inec-cvr|inec-pu-directory-2015
34-05-09,NG035005,TA,Tutare,tutare,,inec-cvr|inec-pu-directory-2015
34-05-10,NG035005,TA,Wurojam,wurojam,,inec-cvr|inec-pu-directory-2015
34-05-11,NG035005,TA,Wuryo,wuryo,,inec-cvr|inec-pu-directory-2015
34-05-12,NG035005,TA,Yarima,yarima,,inec-cvr|inec-pu-directory-2015
34-06-01,NG035006,TA,Dampar I,dampar-i,,inec-cvr|inec-pu-directory-2015
34-06-02,NG035006,TA,Dampar II,dampar-ii,,inec-cvr|inec-pu-directory-2015
34-06-03,NG035006,TA,Dampar III,dampar-iii,,inec-cvr|inec-pu-directory-2015
34-06-04,NG035006,TA,Ibi Nwonyo I,ibi-nwonyo-i,,inec-cvr|inec-pu-directory-2015
34-06-05,NG035006,TA,Ibi Nwonyo II,ibi-nwonyo-ii,,inec-cvr|inec-pu-directory-2015
34-06-06,NG035006,TA,Ibi Rimi Uku I,ibi-rimi-uku-i,,inec-cvr|inec-pu-directory-2015
34-06-07,NG035006,TA,Ibi Rimi Uku II,ibi-rimi-uku-ii,,inec-cvr|inec-pu-directory-2015
34-06-08,NG035006,TA,Sarkin Kudu I,sarkin-kudu-i,,inec-cvr|inec-pu-directory-2015
34-06-09,NG035006,TA,Sarkin Kudu II,sarkin-kudu-ii,,inec-cvr|inec-pu-directory-2015
34-06-10,NG035006,TA,Sarkin Kudu III,sarkin-kudu-iii,,inec-cvr|inec-pu-directory-2015
34-07-01,NG035007,TA,Abbare Yelwa,abbare-yelwa,,inec-cvr|inec-pu-directory-2015
34-07-02,NG035007,TA,Barade,barade,,inec-cvr|inec-pu-directory-2015
34-07-03,NG035007,TA,Kachalla Sembe,kachalla-sembe,,inec-cvr|inec-pu-directory-2015
34-07-04,NG035007,TA,Kona,kona,,inec-cvr|inec-pu-directory-2015
34-07-05,NG035007,TA,Majidadi,majidadi,,inec-cvr|inec-pu-directory-2015
34-07-06,NG035007,TA,Mayo Goi,mayo-goi,,inec-cvr|inec-pu-directory-2015
34-07-07,NG035007,TA,Sarkin Dawaki,sarkin-dawaki,,inec-cvr|inec-pu-directory-2015
34-07-08,NG035007,TA,Sintali,sintali,,inec-cvr|inec-pu-directory-2015
34-07-09,NG035007,TA,Turaki 'A',turaki-a,,inec-cvr|inec-pu-directory-2015
34-07-10,NG035007,TA,Turaki 'B',turaki-b,,inec-cvr|inec-pu-directory-2015
34-08-01,NG035008,TA,Amar,amar,,inec-cvr|inec-pu-directory-2015
34-08-02,NG035008,TA,Andamin,andamin,,inec-cvr|inec-pu-directory-2015
34-08-03,NG035008,TA,Bachama,bachama,,inec-cvr|inec-pu-directory-2015
34-08-04,NG035008,TA,Bikwin,bikwin,,inec-cvr|inec-pu-directory-2015
34-08-05,NG035008,TA,Darofai,darofai,,inec-cvr|inec-pu-directory-2015
34-08-06,NG035008,TA,Didango,didango,,inec-cvr|inec-pu-directory-2015
34-08-07,NG035008,TA,Jen Ardido,jen-ardido,,inec-cvr|inec-pu-directory-2015
34-08-08,NG035008,TA,Jen Kaigama,jen-kaigama,,inec-cvr|inec-pu-directory-2015
34-08-09,NG035008,TA,"Karim ""A""",karim-a,,inec-cvr|inec-pu-directory-2015
34-08-10,NG035008,TA,"Karim ""B""",karim-b,,inec-cvr|inec-pu-directory-2015
34-08-11,NG035008,TA,Kwanchi,kwanchi,,inec-cvr|inec-pu-directory-2015
34-09-01,NG035009,TA,Abong,abong,,inec-cvr|inec-pu-directory-2015
34-09-02,NG035009,TA,Akwento/Boko,akwento-boko,,inec-cvr|inec-pu-directory-2015
34-09-03,NG035009,TA,Ashuku/Eneme,ashuku-eneme,,inec-cvr|inec-pu-directory-2015
34-09-04,NG035009,TA,Baissa,baissa,,inec-cvr|inec-pu-directory-2015
34-09-05,NG035009,TA,Bente/Galea,bente-galea,,inec-cvr|inec-pu-directory-2015
34-09-06,NG035009,TA,Bissaula,bissaula,,inec-cvr|inec-pu-directory-2015
34-09-07,NG035009,TA,Didan,didan,,inec-cvr|inec-pu-directory-2015
34-09-08,NG035009,TA,Ndaforo/Geanda,ndaforo-geanda,,inec-cvr|inec-pu-directory-2015
34-09-09,NG035009,TA,Njuwande,njuwande,,inec-cvr|inec-pu-directory-2015
34-09-10,NG035009,TA,Nyido/Tosso,nyido-tosso,,inec-cvr|inec-pu-directory-2015
34-10-01,NG035010,TA,Abbare I,abbare-i,,inec-cvr|inec-pu-directory-2015
34-10-02,NG035010,TA,Abbere II,abbere-ii,,inec-cvr|inec-pu-directory-2015
34-10-03,NG035010,TA,Donadda,donadda,,inec-cvr|inec-pu-directory-2015
34-10-04,NG035010,TA,Garin Dogo,garin-dogo,,inec-cvr|inec-pu-directory-2015
34-10-05,NG035010,TA,Garin Magaji,garin-magaji,,inec-cvr|inec-pu-directory-2015
34-10-06,NG035010,TA,Jimlari,jimlari,,inec-cvr|inec-pu-directory-2015
34-10-07,NG035010,TA,Kunini,kunini,,inec-cvr|inec-pu-directory-2015
34-10-08,NG035010,TA,Lau I,lau-i,,inec-cvr|inec-pu-directory-2015
34-10-09,NG035010,TA,Lau II,lau-ii,,inec-cvr|inec-pu-directory-2015
34-10-10,NG035010,TA,Mayo Lope,mayo-lope,,inec-cvr|inec-pu-directory-2015
34-11-01,NG035011,TA,Gembu 'A',gembu-a,,inec-cvr|inec-pu-directory-2015
34-11-02,NG035011,TA,Gembu 'B',gembu-b,,inec-cvr|inec-pu-directory-2015
34-11-03,NG035011,TA,Kabri,kabri,,inec-cvr|inec-pu-directory-2015
34-11-04,NG035011,TA,Kakara,kakara,,inec-cvr|inec-pu-directory-2015
34-11-05,NG035011,TA,Magu,magu,,inec-cvr|inec-pu-directory-2015
34-11-06,NG035011,TA,Mayo-Ndaga,mayo-ndaga,,inec-cvr|inec-pu-directory-2015
34-11-07,NG035011,TA,Mbamnga,mbamnga,,inec-cvr|inec-pu-directory-2015
34-11-08,NG035011,TA,Ndum-Yaji,ndum-yaji,,inec-cvr|inec-pu-directory-2015
34-11-09,NG035011,TA,Nguroje,nguroje,,inec-cvr|inec-pu-directory-2015
34-11-10,NG035011,TA,Titong,titong,,inec-cvr|inec-pu-directory-2015
34-11-11,NG035011,TA,Warwar,warwar,,inec-cvr|inec-pu-directory-2015
34-12-01,NG035012,TA,Bete,bete,,inec-cvr|inec-pu-directory-2015
34-12-02,NG035012,TA,Chanchanji,chanchanji,,inec-cvr|inec-pu-directory-2015
34-12-03,NG035012,TA,Dutse,dutse,,inec-cvr|inec-pu-directory-2015
34-12-04,NG035012,TA,Fete,fete,,inec-cvr|inec-pu-directory-2015
34-12-05,NG035012,TA,Gahweton,gahweton,,inec-cvr|inec-pu-directory-2015
34-12-06,NG035012,TA,Bikashibila,bikashibila,,inec-cvr|inec-pu-directory-2015
34-12-07,NG035012,TA,Manya,manya,,inec-cvr|inec-pu-directory-2015
34-12-08,NG035012,TA,Rogo,rogo,,inec-cvr|inec-pu-directory-2015
34-12-09,NG035012,TA,Shibong,shibong,,inec-cvr|inec-pu-directory-2015
34-12-10,NG035012,TA,Tikari,tikari,,inec-cvr|inec-pu-directory-2015
34-12-11,NG035012,TA,Yukuben,yukuben,,inec-cvr|inec-pu-directory-2015
34-13-01,NG035013,TA,Bika,bika,,inec-cvr|inec-pu-directory-2015
34-13-02,NG035013,TA,Fikyu,fikyu,,inec-cvr|inec-pu-directory-2015
34-13-03,NG035013,TA,Jenuwa,jenuwa,,inec-cvr|inec-pu-directory-2015
34-13-04,NG035013,TA,Kpambo,kpambo,,inec-cvr|inec-pu-directory-2015
34-13-05,NG035013,TA,Kpambo Puri,kpambo-puri,,inec-cvr|inec-pu-directory-2015
34-13-06,NG035013,TA,Kwambai,kwambai,,inec-cvr|inec-pu-directory-2015
34-13-07,NG035013,TA,Kwesati,kwesati,,inec-cvr|inec-pu-directory-2015
34-13-08,NG035013,TA,Lissam I,lissam-i,,inec-cvr|inec-pu-directory-2015
34-13-09,NG035013,TA,Lissam II,lissam-ii,,inec-cvr|inec-pu-directory-2015
34-13-10,NG035013,TA,Lumbu,lumbu,,inec-cvr|inec-pu-directory-2015
34-13-11,NG035013,TA,Rufu,rufu,,inec-cvr|inec-pu-directory-2015
34-14-01,NG035014,TA,Akwana,akwana,,inec-cvr|inec-pu-directory-2015
34-14-02,NG035014,TA,Avyi,avyi,,inec-cvr|inec-pu-directory-2015
34-14-03,NG035014,TA,Bantaje,bantaje,,inec-cvr|inec-pu-directory-2015
34-14-04,NG035014,TA,Chonku,chonku,,inec-cvr|inec-pu-directory-2015
34-14-05,NG035014,TA,Hospital,hospital,,inec-cvr|inec-pu-directory-2015
34-14-06,NG035014,TA,Jibu,jibu,,inec-cvr|inec-pu-directory-2015
34-14-07,NG035014,TA,Kente,kente,,inec-cvr|inec-pu-directory-2015
34-14-08,NG035014,TA,Puje,puje,,inec-cvr|inec-pu-directory-2015
34-14-09,NG035014,TA,Rafin Kada,rafin-kada,,inec-cvr|inec-pu-directory-2015
34-14-10,NG035014,TA,Tsokundi,tsokundi,,inec-cvr|inec-pu-directory-2015
34-15-01,NG035015,TA,Bikassa I,bikassa-i,,inec-cvr|inec-pu-directory-2015
34-15-02,NG035015,TA,Bikassa II,bikassa-ii,,inec-cvr|inec-pu-directory-2015
34-15-03,NG035015,TA,Nyaja I,nyaja-i,,inec-cvr|inec-pu-directory-2015
34-15-04,NG035015,TA,Nyaja II,nyaja-ii,,inec-cvr|inec-pu-directory-2015
34-15-05,NG035015,TA,Pantisawa I,pantisawa-i,,inec-cvr|inec-pu-directory-2015
34-15-06,NG035015,TA,Pantisawa II,pantisawa-ii,,inec-cvr|inec-pu-directory-2015
34-15-07,NG035015,TA,Pupule I,pupule-i,,inec-cvr|inec-pu-directory-2015
34-15-08,NG035015,TA,Pupule II,pupule-ii,,inec-cvr|inec-pu-directory-2015
34-15-09,NG035015,TA,Pupule III,pupule-iii,,inec-cvr|inec-pu-directory-2015
34-15-10,NG035015,TA,Sumbu I,sumbu-i,,inec-cvr|inec-pu-directory-2015
34-15-11,NG035015,TA,Sumbu II,sumbu-ii,,inec-cvr|inec-pu-directory-2015
34-16-01,NG035016,TA,Bitako,bitako,,inec-cvr|inec-pu-directory-2015
34-16-02,NG035016,TA,Bubong,bubong,,inec-cvr|inec-pu-directory-2015
34-16-03,NG035016,TA,Dinding,dinding,,inec-cvr|inec-pu-directory-2015
34-16-04,NG035016,TA,Lamma,lamma,,inec-cvr|inec-pu-directory-2015
34-16-05,NG035016,TA,Monkin A,monkin-a,,inec-cvr|inec-pu-directory-2015
34-16-06,NG035016,TA,Monkin B,monkin-b,,inec-cvr|inec-pu-directory-2015
34-16-07,NG035016,TA,Yakoko,yakoko,,inec-cvr|inec-pu-directory-2015
34-16-08,NG035016,TA,Zing Ai,zing-ai,,inec-cvr|inec-pu-directory-2015
34-16-09,NG035016,TA,Zing Aii,zing-aii,,inec-cvr|inec-pu-directory-2015
34-16-10,NG035016,TA,Zing B,zing-b,,inec-cvr|inec-pu-directory-2015
35-01-01,NG036001,YO,Dagona,dagona,,inec-cvr|inec-pu-directory-2015
35-01-02,NG036001,YO,Gwio-Kura,gwio-kura,,inec-cvr|inec-pu-directory-2015
35-01-03,NG036001,YO,Katuzu,katuzu,,inec-cvr|inec-pu-directory-2015
35-01-04,NG036001,YO,Lawan Audu/Lawan Al-Wali,lawan-audu-lawan-al-wali,,inec-cvr|inec-pu-directory-2015
35-01-05,NG036001,YO,Lawan Fannami,lawan-fannami,,inec-cvr|inec-pu-directory-2015
35-01-06,NG036001,YO,Lawan Musa,lawan-musa,,inec-cvr|inec-pu-directory-2015
35-01-07,NG036001,YO,Sarkin Hausawa,sarkin-hausawa,,inec-cvr|inec-pu-directory-2015
35-01-08,NG036001,YO,Tagali/Sugum,tagali-sugum,,inec-cvr|inec-pu-directory-2015
35-01-09,NG036001,YO,Usur/Dawayo,usur-dawayo,,inec-cvr|inec-pu-directory-2015
35-01-10,NG036001,YO,Zangon Musa/Zango Umaru,zangon-musa-zango-umaru,,inec-cvr|inec-pu-directory-2015
35-02-01,NG036002,YO,Bayamari,bayamari,,inec-cvr|inec-pu-directory-2015
35-02-02,NG036002,YO,Damnawa/Juluri,damnawa-juluri,,inec-cvr|inec-pu-directory-2015
35-02-03,NG036002,YO,Danani,danani,,inec-cvr|inec-pu-directory-2015
35-02-04,NG036002,YO,Dapchi,dapchi,,inec-cvr|inec-pu-directory-2015
35-02-05,NG036002,YO,Garun Dole/Garin Alkali,garun-dole-garin-alkali,,inec-cvr|inec-pu-directory-2015
35-02-06,NG036002,YO,Guba,guba,,inec-cvr|inec-pu-directory-2015
35-02-07,NG036002,YO,Guji/Metalari,guji-metalari,,inec-cvr|inec-pu-directory-2015
35-02-08,NG036002,YO,Kaliyari,kaliyari,,inec-cvr|inec-pu-directory-2015
35-02-09,NG036002,YO,Kurnawa,kurnawa,,inec-cvr|inec-pu-directory-2015
35-02-10,NG036002,YO,Masaba,masaba,,inec-cvr|inec-pu-directory-2015
35-03-01,NG036003,YO,Bindigari/Pawari,bindigari-pawari,Bindigari/Fawari,inec-cvr|inec-pu-directory-2015
35-03-02,NG036003,YO,Damakasu,damakasu,,inec-cvr|inec-pu-directory-2015
35-03-03,NG036003,YO,Damaturu Central,damaturu-central,,inec-cvr|inec-pu-directory-2015
35-03-04,NG036003,YO,Gambir/Maduri,gambir-maduri,Gabir/Maduri,inec-cvr|inec-pu-directory-2015
35-03-05,NG036003,YO,Kalallawa/Gabai,kalallawa-gabai,,inec-cvr|inec-pu-directory-2015
35-03-06,NG036003,YO,Kukareta/Warsala,kukareta-warsala,,inec-cvr|inec-pu-directory-2015
35-03-07,NG036003,YO,Maisandari/Waziri Ibrahim Estate,maisandari-waziri-ibrahim-estate,,inec-cvr|inec-pu-directory-2015
35-03-08,NG036003,YO,Murfa Kalam,murfa-kalam,,inec-cvr|inec-pu-directory-2015
35-03-09,NG036003,YO,Nayinawa,nayinawa,,inec-cvr|inec-pu-directory-2015
35-03-10,NG036003,YO,Njiwaji/Gwange,njiwaji-gwange,,inec-cvr|inec-pu-directory-2015
35-03-11,NG036003,YO,Sasawa/Kabaru,sasawa-kabaru,,inec-cvr|inec-pu-directory-2015
35-04-01,NG036004,YO,Daya/Chana,daya-chana,,inec-cvr|inec-pu-directory-2015
35-04-02,NG036004,YO,Fika/Anze,fika-anze,,inec-cvr|inec-pu-directory-2015
35-04-03,NG036004,YO,Gadaka/Shembire,gadaka-shembire,,inec-cvr|inec-pu-directory-2015
35-04-04,NG036004,YO,Gudi/Dozi/Godo Woli,gudi-dozi-godo-woli,,inec-cvr|inec-pu-directory-2015
35-04-05,NG036004,YO,Janga/Boza/Fa. Sawa/T. Nanai,janga-boza-fa-sawa-t-nanai,,inec-cvr|inec-pu-directory-2015
35-04-06,NG036004,YO,Mubi/Fusami/Garin Wayo,mubi-fusami-garin-wayo,,inec-cvr|inec-pu-directory-2015
35-04-07,NG036004,YO,Ngalda/Dumbulwa,ngalda-dumbulwa,,inec-cvr|inec-pu-directory-2015
35-04-08,NG036004,YO,Shoye/Garin Aba,shoye-garin-aba,,inec-cvr|inec-pu-directory-2015
35-04-09,NG036004,YO,Turmi/Maluri,turmi-maluri,,inec-cvr|inec-pu-directory-2015
35-04-10,NG036004,YO,Zangaya/Mazawaun,zangaya-mazawaun,,inec-cvr|inec-pu-directory-2015
35-05-01,NG036005,YO,Abakire/Ngenlshengele/Shamka,abakire-ngenlshengele-shamka,,inec-cvr|inec-pu-directory-2015
35-05-02,NG036005,YO,Alagarno,alagarno,,inec-cvr|inec-pu-directory-2015
35-05-03,NG036005,YO,Borno Kiji/Ngarho/Bebbende,borno-kiji-ngarho-bebbende,,inec-cvr|inec-pu-directory-2015
35-05-04,NG036005,YO,Damagum Town,damagum-town,,inec-cvr|inec-pu-directory-2015
35-05-05,NG036005,YO,Daura/Bulanyiwa/Dubbul/Bauwa,daura-bulanyiwa-dubbul-bauwa,,inec-cvr|inec-pu-directory-2015
35-05-06,NG036005,YO,Dogon Kuka/Gishiwari/Gununu,dogon-kuka-gishiwari-gununu,,inec-cvr|inec-pu-directory-2015
35-05-07,NG036005,YO,Fune/Ngelzarma/Milbiyar/Lawan Kalam,fune-ngelzarma-milbiyar-lawan-kalam,,inec-cvr|inec-pu-directory-2015
35-05-08,NG036005,YO,Gaba Tasha/Aigada/Dumbulwa,gaba-tasha-aigada-dumbulwa,,inec-cvr|inec-pu-directory-2015
35-05-09,NG036005,YO,Gudugurka/Marmar I,gudugurka-marmar-i,,inec-cvr|inec-pu-directory-2015
35-05-10,NG036005,YO,Jajere/Banellewa/Babbare,jajere-banellewa-babbare,,inec-cvr|inec-pu-directory-2015
35-05-11,NG036005,YO,Kayeri,kayeri,,inec-cvr|inec-pu-directory-2015
35-05-12,NG036005,YO,Kollere/Kafaje,kollere-kafaje,,inec-cvr|inec-pu-directory-2015
35-05-13,NG036005,YO,Mashio,mashio,,inec-cvr|inec-pu-directory-2015
35-06-01,NG036006,YO,Asheikri,asheikri,,inec-cvr|inec-pu-directory-2015
35-06-02,NG036006,YO,Balle/Gallaba/Meleri,balle-gallaba-meleri,,inec-cvr|inec-pu-directory-2015
35-06-03,NG036006,YO,Damakarwa/Kusur,damakarwa-kusur,,inec-cvr|inec-pu-directory-2015
35-06-04,NG036006,YO,Dejina/Fukurti,dejina-fukurti,,inec-cvr|inec-pu-directory-2015
35-06-05,NG036006,YO,Futchimiram,futchimiram,,inec-cvr|inec-pu-directory-2015
35-06-06,NG036006,YO,Gumsa,gumsa,,inec-cvr|inec-pu-directory-2015
35-06-07,NG036006,YO,Hausari,hausari,,inec-cvr|inec-pu-directory-2015
35-06-08,NG036006,YO,Kawuri,kawuri,,inec-cvr|inec-pu-directory-2015
35-06-09,NG036006,YO,Ma'anna/Dagambi,maanna-dagambi,,inec-cvr|inec-pu-directory-2015
35-06-10,NG036006,YO,Shame Kura/Dilawa,shame-kura-dilawa,,inec-cvr|inec-pu-directory-2015
35-06-11,NG036006,YO,Zurgu Ngilewa/Borko,zurgu-ngilewa-borko,,inec-cvr|inec-pu-directory-2015
35-07-01,NG036007,YO,Bunigari/Lawanti,bunigari-lawanti,,inec-cvr|inec-pu-directory-2015
35-07-02,NG036007,YO,Buniyadi North/South,buniyadi-north-south,Buniyadi North/Buniyadi South,inec-cvr|inec-pu-directory-2015
35-07-03,NG036007,YO,Dadingel,dadingel,,inec-cvr|inec-pu-directory-2015
35-07-04,NG036007,YO,Goniri,goniri,,inec-cvr|inec-pu-directory-2015
35-07-05,NG036007,YO,Gotala/Gotumba,gotala-gotumba,,inec-cvr|inec-pu-directory-2015
35-07-06,NG036007,YO,Gujba,gujba,,inec-cvr|inec-pu-directory-2015
35-07-07,NG036007,YO,Mallam Dunari,mallam-dunari,,inec-cvr|inec-pu-directory-2015
35-07-08,NG036007,YO,Mutai,mutai,,inec-cvr|inec-pu-directory-2015
35-07-09,NG036007,YO,Ngurbuwa,ngurbuwa,,inec-cvr|inec-pu-directory-2015
35-07-10,NG036007,YO,Wagir,wagir,,inec-cvr|inec-pu-directory-2015
35-08-01,NG036008,YO,Bara,bara,,inec-cvr|inec-pu-directory-2015
35-08-02,NG036008,YO,Borno Kiji/Tetteba,borno-kiji-tetteba,,inec-cvr|inec-pu-directory-2015
35-08-03,NG036008,YO,Bularafa,bularafa,,inec-cvr|inec-pu-directory-2015
35-08-04,NG036008,YO,Bumsa,bumsa,,inec-cvr|inec-pu-directory-2015
35-08-05,NG036008,YO,Dokshi,dokshi,,inec-cvr|inec-pu-directory-2015
35-08-06,NG036008,YO,Gabai,gabai,,inec-cvr|inec-pu-directory-2015
35-08-07,NG036008,YO,Gagure,gagure,,inec-cvr|inec-pu-directory-2015
35-08-08,NG036008,YO,Garin Tuwo,garin-tuwo,,inec-cvr|inec-pu-directory-2015
35-08-09,NG036008,YO,Gulani,gulani,,inec-cvr|inec-pu-directory-2015
35-08-10,NG036008,YO,Kushimaga,kushimaga,,inec-cvr|inec-pu-directory-2015
35-08-11,NG036008,YO,Njibulwa,njibulwa,,inec-cvr|inec-pu-directory-2015
35-08-12,NG036008,YO,Ruhu,ruhu,,inec-cvr|inec-pu-directory-2015
35-09-01,NG036009,YO,Buduwa/Saminaka,buduwa-saminaka,,inec-cvr|inec-pu-directory-2015
35-09-02,NG036009,YO,Dumbari,dumbari,,inec-cvr|inec-pu-directory-2015
35-09-03,NG036009,YO,Gidgid/Bayam,gidgid-bayam,,inec-cvr|inec-pu-directory-2015
35-09-04,NG036009,YO,Gogaram,gogaram,Gorgoram,inec-cvr|inec-pu-directory-2015
35-09-05,NG036009,YO,Jaba,jaba,,inec-cvr|inec-pu-directory-2015
35-09-06,NG036009,YO,Jakusko,jakusko,,inec-cvr|inec-pu-directory-2015
35-09-07,NG036009,YO,Jawur/Katamma,jawur-katamma,,inec-cvr|inec-pu-directory-2015
35-09-08,NG036009,YO,Lafiya Loi-Loi,lafiya-loi-loi,,inec-cvr|inec-pu-directory-2015
35-09-09,NG036009,YO,Muguram,muguram,,inec-cvr|inec-pu-directory-2015
35-09-10,NG036009,YO,Zabudum/Dachia,zabudum-dachia,,inec-cvr|inec-pu-directory-2015
35-10-01,NG036010,YO,Bukarti,bukarti,,inec-cvr|inec-pu-directory-2015
35-10-02,NG036010,YO,Fajiganari,fajiganari,,inec-cvr|inec-pu-directory-2015
35-10-03,NG036010,YO,Garin Gawo,garin-gawo,,inec-cvr|inec-pu-directory-2015
35-10-04,NG036010,YO,Gasma,gasma,,inec-cvr|inec-pu-directory-2015
35-10-05,NG036010,YO,Jaji Maji,jaji-maji,,inec-cvr|inec-pu-directory-2015
35-10-06,NG036010,YO,Karasuwa Galu,karasuwa-galu,,inec-cvr|inec-pu-directory-2015
35-10-07,NG036010,YO,Karauswa Garu Guna,karauswa-garu-guna,Karasuwa Garu Guna,inec-cvr|inec-pu-directory-2015
35-10-08,NG036010,YO,Wachakal,wachakal,,inec-cvr|inec-pu-directory-2015
35-10-09,NG036010,YO,Waro,waro,,inec-cvr|inec-pu-directory-2015
35-10-10,NG036010,YO,Yajiri,yajiri,,inec-cvr|inec-pu-directory-2015
35-11-01,NG036011,YO,Bogo,bogo,,inec-cvr|inec-pu-directory-2015
35-11-02,NG036011,YO,Damai,damai,,inec-cvr|inec-pu-directory-2015
35-11-03,NG036011,YO,Dole,dole,,inec-cvr|inec-pu-directory-2015
35-11-04,NG036011,YO,Falimaram,falimaram,,inec-cvr|inec-pu-directory-2015
35-11-05,NG036011,YO,Kom-Komma,kom-komma,,inec-cvr|inec-pu-directory-2015
35-11-06,NG036011,YO,Kuka-Yasku,kuka-yasku,,inec-cvr|inec-pu-directory-2015
35-11-07,NG036011,YO,Lamisu,lamisu,,inec-cvr|inec-pu-directory-2015
35-11-08,NG036011,YO,Machina-Kwari,machina-kwari,,inec-cvr|inec-pu-directory-2015
35-11-09,NG036011,YO,Maskandare,maskandare,,inec-cvr|inec-pu-directory-2015
35-11-10,NG036011,YO,Taganama,taganama,,inec-cvr|inec-pu-directory-2015
35-12-01,NG036012,YO,Chilariye,chilariye,,inec-cvr|inec-pu-directory-2015
35-12-02,NG036012,YO,Dadiso/Chukuriwa,dadiso-chukuriwa,,inec-cvr|inec-pu-directory-2015
35-12-03,NG036012,YO,Dawasa/G.baba,dawasa-g-baba,,inec-cvr|inec-pu-directory-2015
35-12-04,NG036012,YO,Dazigau,dazigau,,inec-cvr|inec-pu-directory-2015
35-12-05,NG036012,YO,Degubi,degubi,,inec-cvr|inec-pu-directory-2015
35-12-06,NG036012,YO,Kukuri/Chiromari,kukuri-chiromari,,inec-cvr|inec-pu-directory-2015
35-12-07,NG036012,YO,Langawa/Darin,langawa-darin,,inec-cvr|inec-pu-directory-2015
35-12-08,NG036012,YO,Nangere,nangere,,inec-cvr|inec-pu-directory-2015
35-12-09,NG036012,YO,Pakarau Kare-Kare/Pakarau Fulani,pakarau-kare-kare-pakarau-fulani,,inec-cvr|inec-pu-directory-2015
35-12-10,NG036012,YO,Tikau,tikau,,inec-cvr|inec-pu-directory-2015
35-12-11,NG036012,YO,Watinani,watinani,,inec-cvr|inec-pu-directory-2015
35-13-01,NG036013,YO,Bulabulin,bulabulin,,inec-cvr|inec-pu-directory-2015
35-13-02,NG036013,YO,Bulanguwa,bulanguwa,,inec-cvr|inec-pu-directory-2015
35-13-03,NG036013,YO,Dabule,dabule,,inec-cvr|inec-pu-directory-2015
35-13-04,NG036013,YO,Dumsai/Dogon-Kuka,dumsai-dogon-kuka,,inec-cvr|inec-pu-directory-2015
35-13-05,NG036013,YO,Garbi/Bambori,garbi-bambori,,inec-cvr|inec-pu-directory-2015
35-13-06,NG036013,YO,Hausari,hausari,,inec-cvr|inec-pu-directory-2015
35-13-07,NG036013,YO,Kanuri,kanuri,,inec-cvr|inec-pu-directory-2015
35-13-08,NG036013,YO,Maja-Kura,maja-kura,,inec-cvr|inec-pu-directory-2015
35-13-09,NG036013,YO,Mirba-Kabir/Mirba Sagir,mirba-kabir-mirba-sagir,,inec-cvr|inec-pu-directory-2015
35-13-10,NG036013,YO,Nglaiwa,nglaiwa,,inec-cvr|inec-pu-directory-2015
35-14-01,NG036014,YO,Bare-Bare/Bauya/Lalai Dumbulwa,bare-bare-bauya-lalai-dumbulwa,,inec-cvr|inec-pu-directory-2015
35-14-02,NG036014,YO,Bolewa 'A',bolewa-a,,inec-cvr|inec-pu-directory-2015
35-14-03,NG036014,YO,Bolewa 'B',bolewa-b,,inec-cvr|inec-pu-directory-2015
35-14-04,NG036014,YO,Danchuwa/Bula,danchuwa-bula,,inec-cvr|inec-pu-directory-2015
35-14-05,NG036014,YO,Dogo Nini,dogo-nini,,inec-cvr|inec-pu-directory-2015
35-14-06,NG036014,YO,Dogo Tebo,dogo-tebo,,inec-cvr|inec-pu-directory-2015
35-14-07,NG036014,YO,Hausawa,hausawa,,inec-cvr|inec-pu-directory-2015
35-14-08,NG036014,YO,Mamudo,mamudo,,inec-cvr|inec-pu-directory-2015
35-14-09,NG036014,YO,Ngojin/Alaraba,ngojin-alaraba,,inec-cvr|inec-pu-directory-2015
35-14-10,NG036014,YO,Yerimaram/Garin Daye/Badejo/Nahuta,yerimaram-garin-daye-badejo-nahuta,,inec-cvr|inec-pu-directory-2015
35-15-01,NG036015,YO,Babangida,babangida,,inec-cvr|inec-pu-directory-2015
35-15-02,NG036015,YO,Barkami/Bulturi,barkami-bulturi,,inec-cvr|inec-pu-directory-2015
35-15-03,NG036015,YO,Biriri/Churokusko,biriri-churokusko,,inec-cvr|inec-pu-directory-2015
35-15-04,NG036015,YO,Jumbam,jumbam,,inec-cvr|inec-pu-directory-2015
35-15-05,NG036015,YO,Koka/Sungul,koka-sungul,,inec-cvr|inec-pu-directory-2015
35-15-06,NG036015,YO,Koriyel,koriyel,,inec-cvr|inec-pu-directory-2015
35-15-07,NG036015,YO,Lantaiwa,lantaiwa,,inec-cvr|inec-pu-directory-2015
35-15-08,NG036015,YO,Mafa,mafa,,inec-cvr|inec-pu-directory-2015
35-15-09,NG036015,YO,Mandadawa,mandadawa,,inec-cvr|inec-pu-directory-2015
35-15-10,NG036015,YO,Shekau,shekau,,inec-cvr|inec-pu-directory-2015
35-16-01,NG036016,YO,Bultuwa/Mar/Yaro,bultuwa-mar-yaro,,inec-cvr|inec-pu-directory-2015
35-16-02,NG036016,YO,Daratoshia,daratoshia,,inec-cvr|inec-pu-directory-2015
35-16-03,NG036016,YO,Degaltura/Ngamzai,degaltura-ngamzai,,inec-cvr|inec-pu-directory-2015
35-16-04,NG036016,YO,Dekwa,dekwa,,inec-cvr|inec-pu-directory-2015
35-16-05,NG036016,YO,Dilala/Kalgi,dilala-kalgi,,inec-cvr|inec-pu-directory-2015
35-16-06,NG036016,YO,Mairari,mairari,,inec-cvr|inec-pu-directory-2015
35-16-07,NG036016,YO,Mozogun/Kujari,mozogun-kujari,,inec-cvr|inec-pu-directory-2015
35-16-08,NG036016,YO,Ngirabo,ngirabo,,inec-cvr|inec-pu-directory-2015
35-16-09,NG036016,YO,Wadi/Kafiya,wadi-kafiya,,inec-cvr|inec-pu-directory-2015
35-16-10,NG036016,YO,Zajibiri/Dumbal,zajibiri-dumbal,,inec-cvr|inec-pu-directory-2015
35-17-01,NG036017,YO,Alanjirori,alanjirori,,inec-cvr|inec-pu-directory-2015
35-17-02,NG036017,YO,Gumshi,gumshi,,inec-cvr|inec-pu-directory-2015
35-17-03,NG036017,YO,Guya,guya,,inec-cvr|inec-pu-directory-2015
35-17-04,NG036017,YO,Jebuwa,jebuwa,,inec-cvr|inec-pu-directory-2015
35-17-05,NG036017,YO,Kajimaram/Sumbar,kajimaram-sumbar,,inec-cvr|inec-pu-directory-2015
35-17-06,NG036017,YO,Kaska/Tulotulowa,kaska-tulotulowa,,inec-cvr|inec-pu-directory-2015
35-17-07,NG036017,YO,Kumagannam,kumagannam,,inec-cvr|inec-pu-directory-2015
35-17-08,NG036017,YO,Mai-Malari,mai-malari,,inec-cvr|inec-pu-directory-2015
35-17-09,NG036017,YO,Mayori,mayori,,inec-cvr|inec-pu-directory-2015
35-17-10,NG036017,YO,Yusufari,yusufari,,inec-cvr|inec-pu-directory-2015
36-01-01,NG037001,ZA,Bagega,bagega,,inec-cvr|inec-pu-directory-2015
36-01-02,NG037001,ZA,Barayar-Zaki,barayar-zaki,,inec-cvr|inec-pu-directory-2015
36-01-03,NG037001,ZA,Dan Galadima,dan-galadima,,inec-cvr|inec-pu-directory-2015
36-01-04,NG037001,ZA,Galadima,galadima,,inec-cvr|inec-pu-directory-2015
36-01-05,NG037001,ZA,Magaji,magaji,,inec-cvr|inec-pu-directory-2015
36-01-06,NG037001,ZA,Matseri,matseri,,inec-cvr|inec-pu-directory-2015
36-01-07,NG037001,ZA,Sabon Birini,sabon-birini,,inec-cvr|inec-pu-directory-2015
36-01-08,NG037001,ZA,Waramu,waramu,,inec-cvr|inec-pu-directory-2015
36-01-09,NG037001,ZA,Wuya,wuya,,inec-cvr|inec-pu-directory-2015
36-01-10,NG037001,ZA,Yar'sabaya,yarsabaya,,inec-cvr|inec-pu-directory-2015
36-02-01,NG037002,ZA,Bakura,bakura,,inec-cvr|inec-pu-directory-2015
36-02-02,NG037002,ZA,Birnin Tudu,birnin-tudu,,inec-cvr|inec-pu-directory-2015
36-02-03,NG037002,ZA,Damri,damri,,inec-cvr|inec-pu-directory-2015
36-02-04,NG037002,ZA,Dankadu,dankadu,,inec-cvr|inec-pu-directory-2015
36-02-05,NG037002,ZA,Dan Manau,dan-manau,,inec-cvr|inec-pu-directory-2015
36-02-06,NG037002,ZA,Yar Kufoji,yar-kufoji,,inec-cvr|inec-pu-directory-2015
36-02-07,NG037002,ZA,Dakko,dakko,,inec-cvr|inec-pu-directory-2015
36-02-08,NG037002,ZA,Nasarawa,nasarawa,,inec-cvr|inec-pu-directory-2015
36-02-09,NG037002,ZA,Rini,rini,,inec-cvr|inec-pu-directory-2015
36-02-10,NG037002,ZA,Yar Geda,yar-geda,,inec-cvr|inec-pu-directory-2015
36-03-01,NG037003,ZA,Birnin Magaji,birnin-magaji,,inec-cvr|inec-pu-directory-2015
36-03-02,NG037003,ZA,Danfami Sabon Birini,danfami-sabon-birini,,inec-cvr|inec-pu-directory-2015
36-03-03,NG037003,ZA,Gora,gora,,inec-cvr|inec-pu-directory-2015
36-03-04,NG037003,ZA,Gusami Gari,gusami-gari,,inec-cvr|inec-pu-directory-2015
36-03-05,NG037003,ZA,Gusami Hayi,gusami-hayi,,inec-cvr|inec-pu-directory-2015
36-03-06,NG037003,ZA,Kiyawa,kiyawa,,inec-cvr|inec-pu-directory-2015
36-03-07,NG037003,ZA,Modomawa East,modomawa-east,,inec-cvr|inec-pu-directory-2015
36-03-08,NG037003,ZA,Modomawa West,modomawa-west,,inec-cvr|inec-pu-directory-2015
36-03-09,NG037003,ZA,Nasarawa Godal East,nasarawa-godal-east,,inec-cvr|inec-pu-directory-2015
36-03-10,NG037003,ZA,Nasarawa Godal West,nasarawa-godal-west,,inec-cvr|inec-pu-directory-2015
36-04-01,NG037004,ZA,Adabka,adabka,,inec-cvr|inec-pu-directory-2015
36-04-02,NG037004,ZA,Bukkuyum,bukkuyum,,inec-cvr|inec-pu-directory-2015
36-04-03,NG037004,ZA,Gwashi,gwashi,,inec-cvr|inec-pu-directory-2015
36-04-04,NG037004,ZA,Kyaram,kyaram,,inec-cvr|inec-pu-directory-2015
36-04-05,NG037004,ZA,Masama,masama,,inec-cvr|inec-pu-directory-2015
36-04-06,NG037004,ZA,Nasarawa,nasarawa,,inec-cvr|inec-pu-directory-2015
36-04-07,NG037004,ZA,Ruwan Jema,ruwan-jema,,inec-cvr|inec-pu-directory-2015
36-04-08,NG037004,ZA,Yashi,yashi,,inec-cvr|inec-pu-directory-2015
36-04-09,NG037004,ZA,Zarummai,zarummai,,inec-cvr|inec-pu-directory-2015
36-04-10,NG037004,ZA,Zauma,zauma,,inec-cvr|inec-pu-directory-2015
36-05-01,NG037005,ZA,Bingi North,bingi-north,,inec-cvr|inec-pu-directory-2015
36-05-02,NG037005,ZA,Bingi South,bingi-south,,inec-cvr|inec-pu-directory-2015
36-05-03,NG037005,ZA,Bungudu,bungudu,,inec-cvr|inec-pu-directory-2015
36-05-04,NG037005,ZA,Furfuri/Kwai-Kwai,furfuri-kwai-kwai,,inec-cvr|inec-pu-directory-2015
36-05-05,NG037005,ZA,Gada/Karakkai,gada-karakkai,,inec-cvr|inec-pu-directory-2015
36-05-06,NG037005,ZA,Nahuce,nahuce,,inec-cvr|inec-pu-directory-2015
36-05-07,NG037005,ZA,Kwatarkwashi,kwatarkwashi,,inec-cvr|inec-pu-directory-2015
36-05-08,NG037005,ZA,Rawayya/Bela,rawayya-bela,,inec-cvr|inec-pu-directory-2015
36-05-09,NG037005,ZA,Samawa,samawa,,inec-cvr|inec-pu-directory-2015
36-05-10,NG037005,ZA,Sankalawa,sankalawa,,inec-cvr|inec-pu-directory-2015
36-05-11,NG037005,ZA,Tofa,tofa,,inec-cvr|inec-pu-directory-2015
36-06-01,NG037006,ZA,Bardoki,bardoki,,inec-cvr|inec-pu-directory-2015
36-06-02,NG037006,ZA,Birnin Magaji,birnin-magaji,,inec-cvr|inec-pu-directory-2015
36-06-03,NG037006,ZA,Birnin Tudu,birnin-tudu,,inec-cvr|inec-pu-directory-2015
36-06-04,NG037006,ZA,Falale,falale,,inec-cvr|inec-pu-directory-2015
36-06-05,NG037006,ZA,Felfeldu/Gamo,felfeldu-gamo,,inec-cvr|inec-pu-directory-2015
36-06-06,NG037006,ZA,Gayari,gayari,,inec-cvr|inec-pu-directory-2015
36-06-07,NG037006,ZA,Gyalange,gyalange,,inec-cvr|inec-pu-directory-2015
36-06-08,NG037006,ZA,Illelar Awal,illelar-awal,,inec-cvr|inec-pu-directory-2015
36-06-09,NG037006,ZA,Magajin Gari,magajin-gari,,inec-cvr|inec-pu-directory-2015
36-06-10,NG037006,ZA,Shiyar Rafi,shiyar-rafi,,inec-cvr|inec-pu-directory-2015
36-06-11,NG037006,ZA,Ubandawaki,ubandawaki,,inec-cvr|inec-pu-directory-2015
36-07-01,NG037007,ZA,Galadima,galadima,,inec-cvr|inec-pu-directory-2015
36-07-02,NG037007,ZA,Madawaki,madawaki,,inec-cvr|inec-pu-directory-2015
36-07-03,NG037007,ZA,Mada,mada,,inec-cvr|inec-pu-directory-2015
36-07-04,NG037007,ZA,Magami,magami,,inec-cvr|inec-pu-directory-2015
36-07-05,NG037007,ZA,Mayana,mayana,,inec-cvr|inec-pu-directory-2015
36-07-06,NG037007,ZA,Rijiya,rijiya,,inec-cvr|inec-pu-directory-2015
36-07-07,NG037007,ZA,Ruwan Bore,ruwan-bore,,inec-cvr|inec-pu-directory-2015
36-07-08,NG037007,ZA,Sabon Gari,sabon-gari,,inec-cvr|inec-pu-directory-2015
36-07-09,NG037007,ZA,Tudun Wada,tudun-wada,,inec-cvr|inec-pu-directory-2015
36-07-10,NG037007,ZA,Wanke,wanke,,inec-cvr|inec-pu-directory-2015
36-07-11,NG037007,ZA,Wonaka,wonaka,,inec-cvr|inec-pu-directory-2015
36-08-01,NG037008,ZA,Banga,banga,,inec-cvr|inec-pu-directory-2015
36-08-02,NG037008,ZA,Dan-Isa,dan-isa,,inec-cvr|inec-pu-directory-2015
36-08-03,NG037008,ZA,Gabake,gabake,,inec-cvr|inec-pu-directory-2015
36-08-04,NG037008,ZA,Galadima Dan Galadima,galadima-dan-galadima,,inec-cvr|inec-pu-directory-2015
36-08-05,NG037008,ZA,Kagara,kagara,,inec-cvr|inec-pu-directory-2015
36-08-06,NG037008,ZA,Kungurki,kungurki,,inec-cvr|inec-pu-directory-2015
36-08-07,NG037008,ZA,Kurya Madaro,kurya-madaro,,inec-cvr|inec-pu-directory-2015
36-08-08,NG037008,ZA,Kyam Barawa,kyam-barawa,,inec-cvr|inec-pu-directory-2015
36-08-09,NG037008,ZA,Sakajiki,sakajiki,,inec-cvr|inec-pu-directory-2015
36-08-10,NG037008,ZA,S/Baura/S/Mafara,s-baura-s-mafara,,inec-cvr|inec-pu-directory-2015
36-08-11,NG037008,ZA,Yankaba,yankaba,,inec-cvr|inec-pu-directory-2015
36-09-01,NG037009,ZA,Birnin Kaya/Dosara,birnin-kaya-dosara,,inec-cvr|inec-pu-directory-2015
36-09-02,NG037009,ZA,Damaga/Damagiwa,damaga-damagiwa,,inec-cvr|inec-pu-directory-2015
36-09-03,NG037009,ZA,Faru/Magami,faru-magami,,inec-cvr|inec-pu-directory-2015
36-09-04,NG037009,ZA,Gora,gora,,inec-cvr|inec-pu-directory-2015
36-09-05,NG037009,ZA,Gidan Goga,gidan-goga,,inec-cvr|inec-pu-directory-2015
36-09-06,NG037009,ZA,Janbako,janbako,,inec-cvr|inec-pu-directory-2015
36-09-07,NG037009,ZA,Kaya,kaya,,inec-cvr|inec-pu-directory-2015
36-09-08,NG037009,ZA,Maradun North,maradun-north,,inec-cvr|inec-pu-directory-2015
36-09-09,NG037009,ZA,Maradun South,maradun-south,,inec-cvr|inec-pu-directory-2015
36-09-10,NG037009,ZA,Tsibiri,tsibiri,,inec-cvr|inec-pu-directory-2015
36-10-01,NG037010,ZA,Bindin,bindin,,inec-cvr|inec-pu-directory-2015
36-10-02,NG037010,ZA,Bingi,bingi,,inec-cvr|inec-pu-directory-2015
36-10-03,NG037010,ZA,Dan Gulbi,dan-gulbi,,inec-cvr|inec-pu-directory-2015
36-10-04,NG037010,ZA,Dan Kurmi,dan-kurmi,,inec-cvr|inec-pu-directory-2015
36-10-05,NG037010,ZA,Dan Sadau,dan-sadau,,inec-cvr|inec-pu-directory-2015
36-10-06,NG037010,ZA,Kanoma,kanoma,,inec-cvr|inec-pu-directory-2015
36-10-07,NG037010,ZA,Kuyan Bana,kuyan-bana,,inec-cvr|inec-pu-directory-2015
36-10-08,NG037010,ZA,Maru,maru,,inec-cvr|inec-pu-directory-2015
36-10-09,NG037010,ZA,Mayanchi,mayanchi,,inec-cvr|inec-pu-directory-2015
36-10-10,NG037010,ZA,Ruwan Dorawa,ruwan-dorawa,,inec-cvr|inec-pu-directory-2015
36-11-01,NG037011,ZA,Badarawa,badarawa,,inec-cvr|inec-pu-directory-2015
36-11-02,NG037011,ZA,Birnin Yaro,birnin-yaro,Chiki,inec-cvr|inec-pu-directory-2015
36-11-03,NG037011,ZA,Galadi,galadi,,inec-cvr|inec-pu-directory-2015
36-11-04,NG037011,ZA,Jangeru,jangeru,,inec-cvr|inec-pu-directory-2015
36-11-05,NG037011,ZA,Katuru,katuru,,inec-cvr|inec-pu-directory-2015
36-11-06,NG037011,ZA,Kware,kware,,inec-cvr|inec-pu-directory-2015
36-11-07,NG037011,ZA,Kurya,kurya,,inec-cvr|inec-pu-directory-2015
36-11-08,NG037011,ZA,Shinkafi North,shinkafi-north,,inec-cvr|inec-pu-directory-2015
36-11-09,NG037011,ZA,Shinkafi South,shinkafi-south,,inec-cvr|inec-pu-directory-2015
36-11-10,NG037011,ZA,Shanawa,shanawa,,inec-cvr|inec-pu-directory-2015
36-12-01,NG037012,ZA,Garbadu,garbadu,,inec-cvr|inec-pu-directory-2015
36-12-02,NG037012,ZA,Gwaram,gwaram,,inec-cvr|inec-pu-directory-2015
36-12-03,NG037012,ZA,Jangebe,jangebe,,inec-cvr|inec-pu-directory-2015
36-12-04,NG037012,ZA,Kagara,kagara,,inec-cvr|inec-pu-directory-2015
36-12-05,NG037012,ZA,Morai,morai,,inec-cvr|inec-pu-directory-2015
36-12-06,NG037012,ZA,Ruwan Bore,ruwan-bore,,inec-cvr|inec-pu-directory-2015
36-12-07,NG037012,ZA,Ruwan Gizo,ruwan-gizo,,inec-cvr|inec-pu-directory-2015
36-12-08,NG037012,ZA,Sauna R/Gora,sauna-r-gora,,inec-cvr|inec-pu-directory-2015
36-12-09,NG037012,ZA,Shiyar Galadima,shiyar-galadima,,inec-cvr|inec-pu-directory-2015
36-12-10,NG037012,ZA,Shiyar Kayaye/Matusgi,shiyar-kayaye-matusgi,,inec-cvr|inec-pu-directory-2015
36-12-11,NG037012,ZA,Take Tsaba/Makera,take-tsaba-makera,,inec-cvr|inec-pu-directory-2015
36-13-01,NG037013,ZA,Kwaren Ganuwa,kwaren-ganuwa,,inec-cvr|inec-pu-directory-2015
36-13-02,NG037013,ZA,"Yan Kuzo ""B""",yan-kuzo-b,,inec-cvr|inec-pu-directory-2015
36-13-03,NG037013,ZA,Yandoton Daji,yandoton-daji,,inec-cvr|inec-pu-directory-2015
36-13-04,NG037013,ZA,"Yankuzo ""A""",yankuzo-a,,inec-cvr|inec-pu-directory-2015
36-13-05,NG037013,ZA,Danjibga/Kunchin-Kalgo,danjibga-kunchin-kalgo,,inec-cvr|inec-pu-directory-2015
36-13-06,NG037013,ZA,Dauki,dauki,,inec-cvr|inec-pu-directory-2015
36-13-07,NG037013,ZA,Keta/Kizara,keta-kizara,,inec-cvr|inec-pu-directory-2015
36-13-08,NG037013,ZA,Tsafe,tsafe,,inec-cvr|inec-pu-directory-2015
36-13-09,NG037013,ZA,Chediya,chediya,,inec-cvr|inec-pu-directory-2015
36-13-10,NG037013,ZA,Yan Waren Daji,yan-waren-daji,,inec-cvr|inec-pu-directory-2015
36-13-11,NG037013,ZA,Bilbis,bilbis,,inec-cvr|inec-pu-directory-2015
36-14-01,NG037014,ZA,Boko,boko,,inec-cvr|inec-pu-directory-2015
36-14-02,NG037014,ZA,Dauran/Birnin-Tsaba,dauran-birnin-tsaba,,inec-cvr|inec-pu-directory-2015
36-14-03,NG037014,ZA,Dole,dole,,inec-cvr|inec-pu-directory-2015
36-14-04,NG037014,ZA,Galadima/Yanruwa,galadima-yanruwa,,inec-cvr|inec-pu-directory-2015
36-14-05,NG037014,ZA,Kanwa,kanwa,,inec-cvr|inec-pu-directory-2015
36-14-06,NG037014,ZA,Kwashbawa,kwashbawa,,inec-cvr|inec-pu-directory-2015
36-14-07,NG037014,ZA,Mashem,mashem,,inec-cvr|inec-pu-directory-2015
36-14-08,NG037014,ZA,Kuturu/Mayasa,kuturu-mayasa,,inec-cvr|inec-pu-directory-2015
36-14-09,NG037014,ZA,Rukudawa,rukudawa,,inec-cvr|inec-pu-directory-2015
36-14-10,NG037014,ZA,Yan Buki/Dutsi,yan-buki-dutsi,,inec-cvr|inec-pu-directory-2015
36-14-11,NG037014,ZA,Zurmi,zurmi,,inec-cvr|inec-pu-directory-2015
37-01-01,NG015001,FC,Abaji Central,abaji-central,,inec-cvr|inec-pu-directory-2015
37-01-02,NG015001,FC,Abaji North East,abaji-north-east,,inec-cvr|inec-pu-directory-2015
37-01-03,NG015001,FC,Abaji South East,abaji-south-east,,inec-cvr|inec-pu-directory-2015
37-01-04,NG015001,FC,Agyana/Pandagi,agyana-pandagi,,inec-cvr|inec-pu-directory-2015
37-01-05,NG015001,FC,Rimba Ebagi,rimba-ebagi,,inec-cvr|inec-pu-directory-2015
37-01-06,NG015001,FC,Nuku,nuku,,inec-cvr|inec-pu-directory-2015
37-01-07,NG015001,FC,Alu Mamagi,alu-mamagi,,inec-cvr|inec-pu-directory-2015
37-01-08,NG015001,FC,Yaba,yaba,,inec-cvr|inec-pu-directory-2015
37-01-09,NG015001,FC,Guridi,guridi,Gurdi,inec-cvr|inec-pu-directory-2015
37-01-10,NG015001,FC,Gawu,gawu,,inec-cvr|inec-pu-directory-2015
37-02-01,NG015003,FC,Bwari Central,bwari-central,,inec-cvr|inec-pu-directory-2015
37-02-02,NG015003,FC,Kuduru,kuduru,,inec-cvr|inec-pu-directory-2015
37-02-03,NG015003,FC,Igu,igu,,inec-cvr|inec-pu-directory-2015
37-02-04,NG015003,FC,Shere,shere,,inec-cvr|inec-pu-directory-2015
37-02-05,NG015003,FC,Kawu,kawu,,inec-cvr|inec-pu-directory-2015
37-02-06,NG015003,FC,Ushafa,ushafa,,inec-cvr|inec-pu-directory-2015
37-02-07,NG015003,FC,Dutse Alhaji,dutse-alhaji,,inec-cvr|inec-pu-directory-2015
37-02-08,NG015003,FC,Byazhin,byazhin,,inec-cvr|inec-pu-directory-2015
37-02-09,NG015003,FC,Kubwa,kubwa,,inec-cvr|inec-pu-directory-2015
37-02-10,NG015003,FC,Usuma,usuma,,inec-cvr|inec-pu-directory-2015
37-03-01,NG015004,FC,Gwagwalada Centre,gwagwalada-centre,,inec-cvr|inec-pu-directory-2015
37-03-02,NG015004,FC,Kutunku,kutunku,,inec-cvr|inec-pu-directory-2015
37-03-03,NG015004,FC,Staff Quarters,staff-quarters,,inec-cvr|inec-pu-directory-2015
37-03-04,NG015004,FC,Ibwa,ibwa,,inec-cvr|inec-pu-directory-2015
37-03-05,NG015004,FC,Dobi,dobi,,inec-cvr|inec-pu-directory-2015
37-03-06,NG015004,FC,Paiko,paiko,,inec-cvr|inec-pu-directory-2015
37-03-07,NG015004,FC,Tungan Maje,tungan-maje,,inec-cvr|inec-pu-directory-2015
37-03-08,NG015004,FC,Zuba,zuba,,inec-cvr|inec-pu-directory-2015
37-03-09,NG015004,FC,Ikwa,ikwa,,inec-cvr|inec-pu-directory-2015
37-03-10,NG015004,FC,Gwako,gwako,,inec-cvr|inec-pu-directory-2015
37-04-01,NG015005,FC,Kuje,kuje,,inec-cvr|inec-pu-directory-2015
37-04-02,NG015005,FC,Chibiri,chibiri,,inec-cvr|inec-pu-directory-2015
37-04-03,NG015005,FC,Gaube,gaube,,inec-cvr|inec-pu-directory-2015
37-04-04,NG015005,FC,Kwaku,kwaku,,inec-cvr|inec-pu-directory-2015
37-04-05,NG015005,FC,Kabi,kabi,,inec-cvr|inec-pu-directory-2015
37-04-06,NG015005,FC,Rubochi,rubochi,,inec-cvr|inec-pu-directory-2015
37-04-07,NG015005,FC,Gwargwada,gwargwada,,inec-cvr|inec-pu-directory-2015
37-04-08,NG015005,FC,Gudun Karya,gudun-karya,,inec-cvr|inec-pu-directory-2015
37-04-09,NG015005,FC,Kujekwa,kujekwa,,inec-cvr|inec-pu-directory-2015
37-04-10,NG015005,FC,Yenche,yenche,,inec-cvr|inec-pu-directory-2015
37-05-01,NG015006,FC,Kwali Ward,kwali-ward,,inec-cvr|inec-pu-directory-2015
37-05-02,NG015006,FC,Yangoji,yangoji,,inec-cvr|inec-pu-directory-2015
37-05-03,NG015006,FC,Pai,pai,,inec-cvr|inec-pu-directory-2015
37-05-04,NG015006,FC,Kilankwa,kilankwa,,inec-cvr|inec-pu-directory-2015
37-05-05,NG015006,FC,Dafa,dafa,,inec-cvr|inec-pu-directory-2015
37-05-06,NG015006,FC,Kundu,kundu,,inec-cvr|inec-pu-directory-2015
37-05-07,NG015006,FC,Ashara,ashara,,inec-cvr|inec-pu-directory-2015
37-05-08,NG015006,FC,Gumbo,gumbo,,inec-cvr|inec-pu-directory-2015
37-05-09,NG015006,FC,Wako,wako,,inec-cvr|inec-pu-directory-2015
37-05-10,NG015006,FC,Yebu,yebu,,inec-cvr|inec-pu-directory-2015
37-06-01,NG015002,FC,City Centre,city-centre,,inec-cvr|inec-pu-directory-2015
37-06-02,NG015002,FC,Garki,garki,,inec-cvr|inec-pu-directory-2015
37-06-03,NG015002,FC,Kabusa,kabusa,,inec-cvr|inec-pu-directory-2015
37-06-04,NG015002,FC,Wuse,wuse,,inec-cvr|inec-pu-directory-2015
37-06-05,NG015002,FC,Gwarinpa,gwarinpa,,inec-cvr|inec-pu-directory-2015
37-06-06,NG015002,FC,Jiwa,jiwa,,inec-cvr|inec-pu-directory-2015
37-06-07,NG015002,FC,Gui,gui,,inec-cvr|inec-pu-directory-2015
37-06-08,NG015002,FC,Karshi,karshi,,inec-cvr|inec-pu-directory-2015
37-06-09,NG015002,FC,Orozo,orozo,,inec-cvr|inec-pu-directory-2015
37-06-10,NG015002,FC,Karu,karu,,inec-cvr|inec-pu-directory-2015
37-06-11,NG015002,FC,Nyanya,nyanya,,inec-cvr|inec-pu-directory-2015
37-06-12,NG015002,FC,Gwagwa,gwagwa,,inec-cvr|inec-pu-directory-2015
